{
"type": "FeatureCollection",
"name": "Flyover_Roads",
"crs": { "type": "name", "properties": { "name": "urn:ogc:def:crs:EPSG::32643" } },
"features": [
{ "type": "Feature", "properties": { "OBJECTID": 1, "Type": "F1" }, "geometry": { "type": "MultiPolygon", "coordinates": [ [ [ [ 664388.539351663901471, 3343720.946239890530705 ], [ 664396.760463991202414, 3343722.118225952144712 ], [ 664397.645144229987636, 3343714.432037034071982 ], [ 664397.237201130250469, 3343703.118054481688887 ], [ 664396.501178763690405, 3343690.105251828208566 ], [ 664388.793741892441176, 3343690.413607923313975 ], [ 664389.043489365954883, 3343697.341219085268676 ], [ 664389.2439418095164, 3343709.649783841799945 ], [ 664389.082811918109655, 3343713.970950820017606 ], [ 664388.705864669987932, 3343719.841007014270872 ], [ 664388.539351663901471, 3343720.946239890530705 ] ] ] ] } },
{ "type": "Feature", "properties": { "OBJECTID": 2, "Type": "F1" }, "geometry": { "type": "MultiPolygon", "coordinates": [ [ [ [ 664383.218366070184857, 3343750.866306356154382 ], [ 664391.30995600076858, 3343752.885618883185089 ], [ 664394.311706662294455, 3343737.662833889946342 ], [ 664396.205739507451653, 3343726.937726821750402 ], [ 664396.760463991202414, 3343722.118225952144712 ], [ 664388.539351663901471, 3343720.946239890530705 ], [ 664387.422696736874059, 3343728.358055733609945 ], [ 664386.451526325312443, 3343735.327658589929342 ], [ 664384.260390864568762, 3343746.602639977820218 ], [ 664383.218366070184857, 3343750.866306356154382 ] ] ] ] } },
{ "type": "Feature", "properties": { "OBJECTID": 3, "Type": "F1" }, "geometry": { "type": "MultiPolygon", "coordinates": [ [ [ [ 664391.30995600076858, 3343752.885618883185089 ], [ 664383.218366070184857, 3343750.866306356154382 ], [ 664380.157145033124834, 3343763.391944213304669 ], [ 664375.696874557994306, 3343780.070881272666156 ], [ 664383.14048344118055, 3343782.228809277061373 ], [ 664390.976902762427926, 3343754.57463253242895 ], [ 664391.30995600076858, 3343752.885618883185089 ] ] ] ] } },
{ "type": "Feature", "properties": { "OBJECTID": 4, "Type": "F1" }, "geometry": { "type": "MultiPolygon", "coordinates": [ [ [ [ 664367.291515423450619, 3343808.823614940978587 ], [ 664374.989682439249009, 3343810.968866717536002 ], [ 664381.623624392901547, 3343787.581698970403522 ], [ 664383.14048344118055, 3343782.228809277061373 ], [ 664375.696874557994306, 3343780.070881272666156 ], [ 664374.546818059170619, 3343784.371454537380487 ], [ 664368.468490391154774, 3343804.456915226299316 ], [ 664367.291515423450619, 3343808.823614940978587 ] ] ] ] } },
{ "type": "Feature", "properties": { "OBJECTID": 5, "Type": "F1" }, "geometry": { "type": "MultiPolygon", "coordinates": [ [ [ [ 664374.989682439249009, 3343810.968866717536002 ], [ 664367.291515423450619, 3343808.823614940978587 ], [ 664362.962781520443968, 3343824.883668568450958 ], [ 664359.249040878028609, 3343837.629261298105121 ], [ 664366.64125525415875, 3343839.534109917934984 ], [ 664374.202367464196868, 3343813.744451357983053 ], [ 664374.989682439249009, 3343810.968866717536002 ] ] ] ] } },
{ "type": "Feature", "properties": { "OBJECTID": 6, "Type": "F1" }, "geometry": { "type": "MultiPolygon", "coordinates": [ [ [ [ 664388.793741892441176, 3343690.413607923313975 ], [ 664396.501178763690405, 3343690.105251828208566 ], [ 664396.019698366173543, 3343681.592726015020162 ], [ 664394.637530165724456, 3343671.040188783314079 ], [ 664392.477557538077235, 3343662.829282082617283 ], [ 664384.99064496147912, 3343664.30715299397707 ], [ 664386.543189816758968, 3343671.473059337120503 ], [ 664388.567629294004291, 3343684.14159187907353 ], [ 664388.793741892441176, 3343690.413607923313975 ] ] ] ] } },
{ "type": "Feature", "properties": { "OBJECTID": 7, "Type": "F1" }, "geometry": { "type": "MultiPolygon", "coordinates": [ [ [ [ 664350.971001576981507, 3343866.593815499451011 ], [ 664358.075549875036813, 3343868.650519146118313 ], [ 664365.982838407624513, 3343841.779856997076422 ], [ 664366.64125525415875, 3343839.534109917934984 ], [ 664359.249040878028609, 3343837.629261298105121 ], [ 664356.466174672357738, 3343847.18008422665298 ], [ 664350.971001576981507, 3343866.593815499451011 ] ] ] ] } },
{ "type": "Feature", "properties": { "OBJECTID": 8, "Type": "F1" }, "geometry": { "type": "MultiPolygon", "coordinates": [ [ [ [ 664358.075549875036813, 3343868.650519146118313 ], [ 664350.971001576981507, 3343866.593815499451011 ], [ 664349.654276781016961, 3343871.245632813312113 ], [ 664342.793322619632818, 3343895.45805741706863 ], [ 664349.801321118371561, 3343897.487590225879103 ], [ 664356.953405410284176, 3343872.463806680869311 ], [ 664358.075549875036813, 3343868.650519146118313 ] ] ] ] } },
{ "type": "Feature", "properties": { "OBJECTID": 9, "Type": "F1" }, "geometry": { "type": "MultiPolygon", "coordinates": [ [ [ [ 664334.685968700330704, 3343924.246227244846523 ], [ 664342.242640756070614, 3343926.255945733748376 ], [ 664349.128988944459707, 3343899.839952712878585 ], [ 664349.801321118371561, 3343897.487590225879103 ], [ 664342.793322619632818, 3343895.45805741706863 ], [ 664342.334478692850098, 3343897.077325484249741 ], [ 664334.808793451404199, 3343923.792863378766924 ], [ 664334.685968700330704, 3343924.246227244846523 ] ] ] ] } },
{ "type": "Feature", "properties": { "OBJECTID": 10, "Type": "F1" }, "geometry": { "type": "MultiPolygon", "coordinates": [ [ [ [ 664326.924624649924226, 3343953.345976755488664 ], [ 664334.521956032840535, 3343955.588945815339684 ], [ 664340.751784990774468, 3343931.974860086571425 ], [ 664342.242640756070614, 3343926.255945733748376 ], [ 664334.685968700330704, 3343924.246227244846523 ], [ 664329.304855888476595, 3343944.108690515160561 ], [ 664326.924624649924226, 3343953.345976755488664 ] ] ] ] } },
{ "type": "Feature", "properties": { "OBJECTID": 11, "Type": "F1" }, "geometry": { "type": "MultiPolygon", "coordinates": [ [ [ [ 664319.251904911128804, 3343982.35150701738894 ], [ 664326.759048961102962, 3343984.554066729266196 ], [ 664328.807702188496478, 3343977.24875077418983 ], [ 664334.521956032840535, 3343955.588945815339684 ], [ 664326.924624649924226, 3343953.345976755488664 ], [ 664323.784307121182792, 3343965.533032965380698 ], [ 664319.251904911128804, 3343982.35150701738894 ] ] ] ] } },
{ "type": "Feature", "properties": { "OBJECTID": 12, "Type": "F1" }, "geometry": { "type": "MultiPolygon", "coordinates": [ [ [ [ 664326.759048961102962, 3343984.554066729266196 ], [ 664319.251904911128804, 3343982.35150701738894 ], [ 664316.851247375016101, 3343991.259674167260528 ], [ 664311.364439514931291, 3344011.258275046944618 ], [ 664318.768406711518764, 3344013.372427268885076 ], [ 664320.975098715862259, 3344005.179121006745845 ], [ 664326.759048961102962, 3343984.554066729266196 ] ] ] ] } },
{ "type": "Feature", "properties": { "OBJECTID": 13, "Type": "F1" }, "geometry": { "type": "MultiPolygon", "coordinates": [ [ [ [ 664303.404102846281603, 3344040.210384445730597 ], [ 664310.752029619528912, 3344042.341531704645604 ], [ 664313.8379853121005, 3344031.678766553290188 ], [ 664318.768406711518764, 3344013.372427268885076 ], [ 664311.364439514931291, 3344011.258275046944618 ], [ 664309.823701878776774, 3344016.874035217799246 ], [ 664303.404102846281603, 3344040.210384445730597 ] ] ] ] } },
{ "type": "Feature", "properties": { "OBJECTID": 14, "Type": "F1" }, "geometry": { "type": "MultiPolygon", "coordinates": [ [ [ [ 664295.608799472684041, 3344069.288774366024882 ], [ 664303.692507156636566, 3344071.760912608820945 ], [ 664304.119851667666808, 3344069.780060538090765 ], [ 664308.151574937161058, 3344051.326766856014729 ], [ 664310.752029619528912, 3344042.341531704645604 ], [ 664303.404102846281603, 3344040.210384445730597 ], [ 664302.899011789355427, 3344042.046477515716106 ], [ 664295.657386213541031, 3344069.098796267528087 ], [ 664295.608799472684041, 3344069.288774366024882 ] ] ] ] } },
{ "type": "Feature", "properties": { "OBJECTID": 15, "Type": "F1" }, "geometry": { "type": "MultiPolygon", "coordinates": [ [ [ [ 664288.112016606959514, 3344098.301452395971864 ], [ 664296.793242121930234, 3344100.882822664454579 ], [ 664299.256525106146, 3344092.322833968326449 ], [ 664303.692507156636566, 3344071.760912608820945 ], [ 664295.608799472684041, 3344069.288774366024882 ], [ 664288.906991138937883, 3344095.493388649541885 ], [ 664288.112016606959514, 3344098.301452395971864 ] ] ] ] } },
{ "type": "Feature", "properties": { "OBJECTID": 16, "Type": "F1" }, "geometry": { "type": "MultiPolygon", "coordinates": [ [ [ [ 664296.793242121930234, 3344100.882822664454579 ], [ 664288.112016606959514, 3344098.301452395971864 ], [ 664280.468806405435316, 3344125.299325417727232 ], [ 664279.934085524757393, 3344127.160122721455991 ], [ 664288.579964985023253, 3344129.722710644826293 ], [ 664290.52112394629512, 3344122.678637854754925 ], [ 664296.793242121930234, 3344100.882822664454579 ] ] ] ] } },
{ "type": "Feature", "properties": { "OBJECTID": 17, "Type": "F1" }, "geometry": { "type": "MultiPolygon", "coordinates": [ [ [ [ 664271.731393332243897, 3344155.726347013376653 ], [ 664280.697409685584716, 3344158.060587489977479 ], [ 664282.884544868720695, 3344150.390236937906593 ], [ 664288.579964985023253, 3344129.722710644826293 ], [ 664279.934085524757393, 3344127.160122721455991 ], [ 664271.935974149848334, 3344154.993081222753972 ], [ 664271.731393332243897, 3344155.726347013376653 ] ] ] ] } },
{ "type": "Feature", "properties": { "OBJECTID": 18, "Type": "F1" }, "geometry": { "type": "MultiPolygon", "coordinates": [ [ [ [ 664263.625439856550656, 3344184.779991706833243 ], [ 664272.359044076991268, 3344187.246825884096324 ], [ 664275.77086675085593, 3344175.338125525973737 ], [ 664280.697409685584716, 3344158.060587489977479 ], [ 664271.731393332243897, 3344155.726347013376653 ], [ 664263.625439856550656, 3344184.779991706833243 ] ] ] ] } },
{ "type": "Feature", "properties": { "OBJECTID": 19, "Type": "F1" }, "geometry": { "type": "MultiPolygon", "coordinates": [ [ [ [ 664255.329985672258772, 3344213.671078890562057 ], [ 664264.106320550548844, 3344216.221591392997652 ], [ 664267.64307042339351, 3344203.707563298288733 ], [ 664272.359044076991268, 3344187.246825884096324 ], [ 664263.625439856550656, 3344184.779991706833243 ], [ 664262.880408228142187, 3344187.450360378716141 ], [ 664255.329985672258772, 3344213.671078890562057 ] ] ] ] } },
{ "type": "Feature", "properties": { "OBJECTID": 20, "Type": "F1" }, "geometry": { "type": "MultiPolygon", "coordinates": [ [ [ [ 664264.106320550548844, 3344216.221591392997652 ], [ 664255.329985672258772, 3344213.671078890562057 ], [ 664254.043917602510192, 3344218.137269834522158 ], [ 664247.383091081865132, 3344242.502806230913848 ], [ 664256.115801396779716, 3344244.928865902591497 ], [ 664259.000760820810683, 3344234.286515459418297 ], [ 664264.106320550548844, 3344216.221591392997652 ] ] ] ] } },
{ "type": "Feature", "properties": { "OBJECTID": 21, "Type": "F1" }, "geometry": { "type": "MultiPolygon", "coordinates": [ [ [ [ 664239.332199799711816, 3344271.435268123168498 ], [ 664248.03660689946264, 3344273.890419829171151 ], [ 664250.94935723952949, 3344263.987404060084373 ], [ 664256.115801396779716, 3344244.928865902591497 ], [ 664247.383091081865132, 3344242.502806230913848 ], [ 664245.079717028653249, 3344250.928629085421562 ], [ 664239.332199799711816, 3344271.435268123168498 ] ] ] ] } },
{ "type": "Feature", "properties": { "OBJECTID": 22, "Type": "F1" }, "geometry": { "type": "MultiPolygon", "coordinates": [ [ [ [ 664248.03660689946264, 3344273.890419829171151 ], [ 664239.332199799711816, 3344271.435268123168498 ], [ 664236.94207207323052, 3344279.963034911546856 ], [ 664230.687962392577901, 3344300.235547427553684 ], [ 664238.844941529561765, 3344302.621726825833321 ], [ 664241.540454522124492, 3344294.333138548769057 ], [ 664246.891328221652657, 3344277.784235461615026 ], [ 664248.03660689946264, 3344273.890419829171151 ] ] ] ] } },
{ "type": "Feature", "properties": { "OBJECTID": 23, "Type": "F1" }, "geometry": { "type": "MultiPolygon", "coordinates": [ [ [ [ 664383.903855393757112, 3343632.115274597425014 ], [ 664376.202457749168389, 3343635.292891819495708 ], [ 664376.484829859575257, 3343635.957398327533156 ], [ 664378.889556560199708, 3343642.53428884409368 ], [ 664380.915866624098271, 3343648.662037123925984 ], [ 664382.834265635581687, 3343655.564230530522764 ], [ 664384.832296509179287, 3343663.576281885616481 ], [ 664384.99064496147912, 3343664.30715299397707 ], [ 664392.477557538077235, 3343662.829282082617283 ], [ 664391.358304029447027, 3343658.574558658525348 ], [ 664389.270748122129589, 3343650.117797269485891 ], [ 664385.896904510096647, 3343637.539883869700134 ], [ 664385.35099017014727, 3343635.425333403516561 ], [ 664383.903855393757112, 3343632.115274597425014 ] ] ] ] } },
{ "type": "Feature", "properties": { "OBJECTID": 24, "Type": "F1" }, "geometry": { "type": "MultiPolygon", "coordinates": [ [ [ [ 664376.202457749168389, 3343635.292891819495708 ], [ 664383.903855393757112, 3343632.115274597425014 ], [ 664377.252199411857873, 3343616.900815780740231 ], [ 664369.969938286114484, 3343603.823758107144386 ], [ 664362.51852168852929, 3343608.316243745852262 ], [ 664363.493572377366945, 3343609.820980996824801 ], [ 664366.401178027153946, 3343614.964251031167805 ], [ 664372.203164569567889, 3343626.137425791472197 ], [ 664374.066882163635455, 3343630.267240126151592 ], [ 664376.202457749168389, 3343635.292891819495708 ] ] ] ] } },
{ "type": "Feature", "properties": { "OBJECTID": 25, "Type": "F1" }, "geometry": { "type": "MultiPolygon", "coordinates": [ [ [ [ 664350.411227007047273, 3343578.356300563551486 ], [ 664344.131822784780525, 3343584.164860253222287 ], [ 664346.508830600068904, 3343586.728830552194268 ], [ 664349.907762571121566, 3343591.214268367737532 ], [ 664355.771302190609276, 3343598.286504787392914 ], [ 664360.011600256897509, 3343604.447462248615921 ], [ 664362.51852168852929, 3343608.316243745852262 ], [ 664369.969938286114484, 3343603.823758107144386 ], [ 664369.470266062882729, 3343602.926476017571986 ], [ 664361.072552649653517, 3343591.49262878485024 ], [ 664351.811742903548293, 3343579.824108910746872 ], [ 664350.411227007047273, 3343578.356300563551486 ] ] ] ] } },
{ "type": "Feature", "properties": { "OBJECTID": 26, "Type": "F1" }, "geometry": { "type": "MultiPolygon", "coordinates": [ [ [ [ 664344.131822784780525, 3343584.164860253222287 ], [ 664350.411227007047273, 3343578.356300563551486 ], [ 664340.43644497601781, 3343567.902246909216046 ], [ 664332.169694988289848, 3343560.572240427602082 ], [ 664327.73120704095345, 3343556.740852442104369 ], [ 664322.027160577359609, 3343563.547917520161718 ], [ 664329.621787976124324, 3343569.95725136063993 ], [ 664334.846397654502653, 3343574.691700898110867 ], [ 664340.255222125677392, 3343579.983347308356315 ], [ 664344.131822784780525, 3343584.164860253222287 ] ] ] ] } },
{ "type": "Feature", "properties": { "OBJECTID": 27, "Type": "F1" }, "geometry": { "type": "MultiPolygon", "coordinates": [ [ [ [ 664222.058678646222688, 3344328.706938460003585 ], [ 664230.091795382322744, 3344330.732545444741845 ], [ 664232.355696326587349, 3344322.575880957767367 ], [ 664238.844941529561765, 3344302.621726825833321 ], [ 664230.687962392577901, 3344300.235547427553684 ], [ 664229.554650200880133, 3344303.909145551733673 ], [ 664222.058678646222688, 3344328.706938460003585 ] ] ] ] } },
{ "type": "Feature", "properties": { "OBJECTID": 28, "Type": "F1" }, "geometry": { "type": "MultiPolygon", "coordinates": [ [ [ [ 664230.091795382322744, 3344330.732545444741845 ], [ 664222.058678646222688, 3344328.706938460003585 ], [ 664221.247905623400584, 3344331.389096652623266 ], [ 664214.826471013133414, 3344355.127966362517327 ], [ 664214.232383145950735, 3344357.579124560113996 ], [ 664222.352110332343727, 3344359.499330169521272 ], [ 664226.656252019689418, 3344343.110549265984446 ], [ 664230.091795382322744, 3344330.732545444741845 ] ] ] ] } },
{ "type": "Feature", "properties": { "OBJECTID": 29, "Type": "F1" }, "geometry": { "type": "MultiPolygon", "coordinates": [ [ [ [ 664207.608946451917291, 3344386.523812067229301 ], [ 664215.916600157157518, 3344388.018480956554413 ], [ 664217.736865892307833, 3344379.339252809993923 ], [ 664221.755071313586086, 3344361.772661853116006 ], [ 664222.352110332343727, 3344359.499330169521272 ], [ 664214.232383145950735, 3344357.579124560113996 ], [ 664210.516171278664842, 3344372.911912326700985 ], [ 664207.608946451917291, 3344386.523812067229301 ] ] ] ] } },
{ "type": "Feature", "properties": { "OBJECTID": 30, "Type": "F1" }, "geometry": { "type": "MultiPolygon", "coordinates": [ [ [ [ 664222.765134523739107, 3344622.191098101437092 ], [ 664214.456819955492392, 3344623.416378813795745 ], [ 664215.433056121459231, 3344629.296721892431378 ], [ 664218.832910172408447, 3344653.256840248592198 ], [ 664227.824935237294994, 3344652.162680969107896 ], [ 664225.677219642559066, 3344639.538672462571412 ], [ 664223.5565947429277, 3344626.868710681330413 ], [ 664222.765134523739107, 3344622.191098101437092 ] ] ] ] } },
{ "type": "Feature", "properties": { "OBJECTID": 31, "Type": "F1" }, "geometry": { "type": "MultiPolygon", "coordinates": [ [ [ [ 664214.456819955492392, 3344623.416378813795745 ], [ 664222.765134523739107, 3344622.191098101437092 ], [ 664220.284417728427798, 3344607.529802679084241 ], [ 664218.211618108325638, 3344592.503181745298207 ], [ 664209.949992852169089, 3344593.744419116061181 ], [ 664211.724448490072973, 3344606.957982582505792 ], [ 664214.456819955492392, 3344623.416378813795745 ] ] ] ] } },
{ "type": "Feature", "properties": { "OBJECTID": 32, "Type": "F1" }, "geometry": { "type": "MultiPolygon", "coordinates": [ [ [ [ 664213.862683971296065, 3344563.133291356731206 ], [ 664205.897174542071298, 3344564.132648950442672 ], [ 664208.606665840372443, 3344583.741274294443429 ], [ 664209.949992852169089, 3344593.744419116061181 ], [ 664218.211618108325638, 3344592.503181745298207 ], [ 664218.20034144516103, 3344592.421432337258011 ], [ 664214.516649882541969, 3344568.420172549318522 ], [ 664213.862683971296065, 3344563.133291356731206 ] ] ] ] } },
{ "type": "Feature", "properties": { "OBJECTID": 33, "Type": "F1" }, "geometry": { "type": "MultiPolygon", "coordinates": [ [ [ [ 664205.897174542071298, 3344564.132648950442672 ], [ 664213.862683971296065, 3344563.133291356731206 ], [ 664211.768934124964289, 3344546.206710789352655 ], [ 664210.563321628374979, 3344533.72284016944468 ], [ 664202.254602507222444, 3344534.504912517033517 ], [ 664202.732821435551159, 3344538.865217002574354 ], [ 664205.306320947478525, 3344559.856633457820863 ], [ 664205.897174542071298, 3344564.132648950442672 ] ] ] ] } },
{ "type": "Feature", "properties": { "OBJECTID": 34, "Type": "F1" }, "geometry": { "type": "MultiPolygon", "coordinates": [ [ [ [ 664202.254602507222444, 3344534.504912517033517 ], [ 664210.563321628374979, 3344533.72284016944468 ], [ 664209.935510299983434, 3344527.221982372459024 ], [ 664208.716064095380716, 3344512.237447694409639 ], [ 664208.300749272457324, 3344504.571526674088091 ], [ 664199.688482018653303, 3344504.887945937458426 ], [ 664199.747929328354076, 3344506.781604758929461 ], [ 664200.869468290358782, 3344521.875535927247256 ], [ 664202.254602507222444, 3344534.504912517033517 ] ] ] ] } },
{ "type": "Feature", "properties": { "OBJECTID": 35, "Type": "F1" }, "geometry": { "type": "MultiPolygon", "coordinates": [ [ [ [ 664199.688482018653303, 3344504.887945937458426 ], [ 664208.300749272457324, 3344504.571526674088091 ], [ 664207.886548083275557, 3344496.926161214243621 ], [ 664207.299486300791614, 3344478.292721523437649 ], [ 664207.406344431336038, 3344475.051717186812311 ], [ 664198.959028291865252, 3344475.064804742112756 ], [ 664198.946889986982569, 3344476.72623027395457 ], [ 664199.291803345200606, 3344492.251981862820685 ], [ 664199.688482018653303, 3344504.887945937458426 ] ] ] ] } },
{ "type": "Feature", "properties": { "OBJECTID": 36, "Type": "F1" }, "geometry": { "type": "MultiPolygon", "coordinates": [ [ [ [ 664202.547030095593072, 3344415.720866877119988 ], [ 664211.133192632347345, 3344416.628906031604856 ], [ 664211.453013947233558, 3344413.168618609663099 ], [ 664213.79664887546096, 3344398.126642901450396 ], [ 664215.916600157157518, 3344388.018480956554413 ], [ 664207.608946451917291, 3344386.523812067229301 ], [ 664207.30628515931312, 3344387.94090067083016 ], [ 664204.678862578119151, 3344402.646123322658241 ], [ 664202.559332675300539, 3344415.585100843571126 ], [ 664202.547030095593072, 3344415.720866877119988 ] ] ] ] } },
{ "type": "Feature", "properties": { "OBJECTID": 37, "Type": "F1" }, "geometry": { "type": "MultiPolygon", "coordinates": [ [ [ [ 664200.095778827322647, 3344445.424888727255166 ], [ 664208.580651641939767, 3344445.989652490708977 ], [ 664209.959103008033708, 3344429.331897889729589 ], [ 664211.133192632347345, 3344416.628906031604856 ], [ 664202.547030095593072, 3344415.720866877119988 ], [ 664201.867117191315629, 3344423.224096307065338 ], [ 664200.58734140638262, 3344437.949424841441214 ], [ 664200.095778827322647, 3344445.424888727255166 ] ] ] ] } },
{ "type": "Feature", "properties": { "OBJECTID": 38, "Type": "F1" }, "geometry": { "type": "MultiPolygon", "coordinates": [ [ [ [ 664208.580651641939767, 3344445.989652490708977 ], [ 664200.095778827322647, 3344445.424888727255166 ], [ 664199.589612013776787, 3344453.122447279281914 ], [ 664199.038403818849474, 3344464.200311804655939 ], [ 664198.959028291865252, 3344475.064804742112756 ], [ 664207.406344431336038, 3344475.051717186812311 ], [ 664207.829225285444409, 3344462.225751821417361 ], [ 664208.548072622856125, 3344446.383350315969437 ], [ 664208.580651641939767, 3344445.989652490708977 ] ] ] ] } },
{ "type": "Feature", "properties": { "OBJECTID": 39, "Type": "F1" }, "geometry": { "type": "MultiPolygon", "coordinates": [ [ [ [ 664307.037965946481563, 3343539.925193788483739 ], [ 664301.256545255542733, 3343546.602327544242144 ], [ 664317.451384444604628, 3343559.686282804701477 ], [ 664322.027160577359609, 3343563.547917520161718 ], [ 664327.73120704095345, 3343556.740852442104369 ], [ 664320.668166658491828, 3343550.643900420982391 ], [ 664307.037965946481563, 3343539.925193788483739 ] ] ] ] } },
{ "type": "Feature", "properties": { "OBJECTID": 40, "Type": "F1" }, "geometry": { "type": "MultiPolygon", "coordinates": [ [ [ [ 664262.524247256224044, 3343505.293774898163974 ], [ 664257.833094532019459, 3343511.737267826683819 ], [ 664258.466386738000438, 3343512.24017133936286 ], [ 664274.449204913456924, 3343525.117953296750784 ], [ 664281.327047901926562, 3343530.535585920792073 ], [ 664286.296394535340369, 3343524.067196325398982 ], [ 664275.460113277891651, 3343515.488153704907745 ], [ 664262.524247256224044, 3343505.293774898163974 ] ] ] ] } },
{ "type": "Feature", "properties": { "OBJECTID": 41, "Type": "F1" }, "geometry": { "type": "MultiPolygon", "coordinates": [ [ [ [ 664239.435562413535081, 3343486.577736371662468 ], [ 664234.513606349937618, 3343492.993684185668826 ], [ 664242.956649942905642, 3343499.923738199286163 ], [ 664257.833094532019459, 3343511.737267826683819 ], [ 664262.524247256224044, 3343505.293774898163974 ], [ 664254.810271573252976, 3343499.214615598786622 ], [ 664239.435562413535081, 3343486.577736371662468 ] ] ] ] } },
{ "type": "Feature", "properties": { "OBJECTID": 42, "Type": "F1" }, "geometry": { "type": "MultiPolygon", "coordinates": [ [ [ [ 664234.513606349937618, 3343492.993684185668826 ], [ 664239.435562413535081, 3343486.577736371662468 ], [ 664233.790337927523069, 3343481.937777378130704 ], [ 664216.147672811173834, 3343468.131460144650191 ], [ 664211.282331477035768, 3343474.178600089624524 ], [ 664227.548042833339423, 3343487.27634648932144 ], [ 664234.513606349937618, 3343492.993684185668826 ] ] ] ] } },
{ "type": "Feature", "properties": { "OBJECTID": 43, "Type": "F1" }, "geometry": { "type": "MultiPolygon", "coordinates": [ [ [ [ 664193.976576050976291, 3343449.080507775768638 ], [ 664188.407153293839656, 3343455.220588740427047 ], [ 664198.153150010039099, 3343463.444110880605876 ], [ 664210.994239126099274, 3343473.946617579553276 ], [ 664211.282331477035768, 3343474.178600089624524 ], [ 664216.147672811173834, 3343468.131460144650191 ], [ 664209.23674857779406, 3343462.723296938464046 ], [ 664193.976576050976291, 3343449.080507775768638 ] ] ] ] } },
{ "type": "Feature", "properties": { "OBJECTID": 44, "Type": "F1" }, "geometry": { "type": "MultiPolygon", "coordinates": [ [ [ [ 664188.407153293839656, 3343455.220588740427047 ], [ 664193.976576050976291, 3343449.080507775768638 ], [ 664188.04896544793155, 3343443.781148181296885 ], [ 664179.582840192946605, 3343436.891746137756854 ], [ 664172.927359990426339, 3343431.249009703751653 ], [ 664171.118387528927997, 3343429.555103071033955 ], [ 664165.855266496539116, 3343435.404072745237499 ], [ 664169.445208448800258, 3343438.735327122267336 ], [ 664182.369333912269212, 3343450.125969605054706 ], [ 664188.407153293839656, 3343455.220588740427047 ] ] ] ] } },
{ "type": "Feature", "properties": { "OBJECTID": 45, "Type": "F1" }, "geometry": { "type": "MultiPolygon", "coordinates": [ [ [ [ 664149.684292908990756, 3343409.312206715811044 ], [ 664144.181181812658906, 3343414.944564558099955 ], [ 664154.630648792139255, 3343424.988289604894817 ], [ 664165.855266496539116, 3343435.404072745237499 ], [ 664171.118387528927997, 3343429.555103071033955 ], [ 664155.361037158756517, 3343414.800052413251251 ], [ 664149.684292908990756, 3343409.312206715811044 ] ] ] ] } },
{ "type": "Feature", "properties": { "OBJECTID": 46, "Type": "F1" }, "geometry": { "type": "MultiPolygon", "coordinates": [ [ [ [ 664144.181181812658906, 3343414.944564558099955 ], [ 664149.684292908990756, 3343409.312206715811044 ], [ 664139.98541881935671, 3343399.936071012169123 ], [ 664128.90317380183842, 3343388.075638058595359 ], [ 664122.791687221615575, 3343394.055503468494862 ], [ 664125.587329961359501, 3343396.948826698120683 ], [ 664139.6334766917862, 3343410.573442096356302 ], [ 664144.181181812658906, 3343414.944564558099955 ] ] ] ] } },
{ "type": "Feature", "properties": { "OBJECTID": 47, "Type": "F1" }, "geometry": { "type": "MultiPolygon", "coordinates": [ [ [ [ 664108.715903362957761, 3343366.269556897226721 ], [ 664102.44354178046342, 3343372.143729315139353 ], [ 664112.218263229355216, 3343383.112641271203756 ], [ 664122.791687221615575, 3343394.055503468494862 ], [ 664128.90317380183842, 3343388.075638058595359 ], [ 664116.767647795029916, 3343375.087963419500738 ], [ 664108.715903362957761, 3343366.269556897226721 ] ] ] ] } },
{ "type": "Feature", "properties": { "OBJECTID": 48, "Type": "F1" }, "geometry": { "type": "MultiPolygon", "coordinates": [ [ [ [ 664088.844206460868008, 3343344.097471645567566 ], [ 664082.497087944182567, 3343349.84184184204787 ], [ 664087.310796490404755, 3343355.356976168230176 ], [ 664100.002727064769715, 3343369.404717072378844 ], [ 664102.44354178046342, 3343372.143729315139353 ], [ 664108.715903362957761, 3343366.269556897226721 ], [ 664097.063409981550649, 3343353.507549297064543 ], [ 664088.844206460868008, 3343344.097471645567566 ] ] ] ] } },
{ "type": "Feature", "properties": { "OBJECTID": 49, "Type": "F1" }, "geometry": { "type": "MultiPolygon", "coordinates": [ [ [ [ 664069.018920214730315, 3343321.655524665024132 ], [ 664062.630910027772188, 3343327.38893634127453 ], [ 664066.009722534567118, 3343331.092025147285312 ], [ 664076.330011734971777, 3343342.7761349407956 ], [ 664082.497087944182567, 3343349.84184184204787 ], [ 664088.844206460868008, 3343344.097471645567566 ], [ 664078.225429555866867, 3343331.9401482520625 ], [ 664069.018920214730315, 3343321.655524665024132 ] ] ] ] } },
{ "type": "Feature", "properties": { "OBJECTID": 50, "Type": "F1" }, "geometry": { "type": "MultiPolygon", "coordinates": [ [ [ [ 664062.630910027772188, 3343327.38893634127453 ], [ 664069.018920214730315, 3343321.655524665024132 ], [ 664060.421356323640794, 3343312.05115615716204 ], [ 664049.159913572249934, 3343299.463743367232382 ], [ 664042.691192799946293, 3343305.08538471814245 ], [ 664054.831370766973123, 3343318.840848375111818 ], [ 664062.630910027772188, 3343327.38893634127453 ] ] ] ] } },
{ "type": "Feature", "properties": { "OBJECTID": 51, "Type": "F1" }, "geometry": { "type": "MultiPolygon", "coordinates": [ [ [ [ 664029.199355372460559, 3343276.825454923789948 ], [ 664022.716055155848153, 3343282.613369728438556 ], [ 664031.352631627349183, 3343292.104416623245925 ], [ 664042.238910477026366, 3343304.572924927808344 ], [ 664042.691192799946293, 3343305.08538471814245 ], [ 664049.159913572249934, 3343299.463743367232382 ], [ 664040.818139078561217, 3343290.1397729604505 ], [ 664029.199355372460559, 3343276.825454923789948 ] ] ] ] } },
{ "type": "Feature", "properties": { "OBJECTID": 52, "Type": "F1" }, "geometry": { "type": "MultiPolygon", "coordinates": [ [ [ [ 664009.310407432494685, 3343254.520161395892501 ], [ 664002.754347919719294, 3343260.273947308305651 ], [ 664006.537612180341966, 3343264.572078832890838 ], [ 664019.795758835505694, 3343279.404150263406336 ], [ 664022.716055155848153, 3343282.613369728438556 ], [ 664029.199355372460559, 3343276.825454923789948 ], [ 664024.252159767085686, 3343271.156312839128077 ], [ 664009.310407432494685, 3343254.520161395892501 ] ] ] ] } },
{ "type": "Feature", "properties": { "OBJECTID": 53, "Type": "F1" }, "geometry": { "type": "MultiPolygon", "coordinates": [ [ [ [ 663989.328704920131713, 3343232.077447643969208 ], [ 663982.84982582135126, 3343237.805002347100526 ], [ 663993.188224236597307, 3343249.405962696298957 ], [ 664002.754347919719294, 3343260.273947308305651 ], [ 664009.310407432494685, 3343254.520161395892501 ], [ 664004.268692648620345, 3343248.906714672688395 ], [ 663989.328704920131713, 3343232.077447643969208 ] ] ] ] } },
{ "type": "Feature", "properties": { "OBJECTID": 54, "Type": "F1" }, "geometry": { "type": "MultiPolygon", "coordinates": [ [ [ [ 663982.84982582135126, 3343237.805002347100526 ], [ 663989.328704920131713, 3343232.077447643969208 ], [ 663981.826995361363515, 3343223.627087735105306 ], [ 663970.041496281861328, 3343209.640506213996559 ], [ 663963.534233524114825, 3343215.043843133375049 ], [ 663971.129923953209072, 3343224.24306299444288 ], [ 663980.97229918348603, 3343235.698185487650335 ], [ 663982.84982582135126, 3343237.805002347100526 ] ] ] ] } },
{ "type": "Feature", "properties": { "OBJECTID": 55, "Type": "F1" }, "geometry": { "type": "MultiPolygon", "coordinates": [ [ [ [ 663951.813080216408707, 3343186.837679866701365 ], [ 663944.902710258844309, 3343191.904460029210895 ], [ 663951.454887185478583, 3343200.667898256797343 ], [ 663961.861745022120886, 3343213.018274873495102 ], [ 663963.534233524114825, 3343215.043843133375049 ], [ 663970.041496281861328, 3343209.640506213996559 ], [ 663964.703091027564369, 3343203.305090141948313 ], [ 663951.813080216408707, 3343186.837679866701365 ] ] ] ] } },
{ "type": "Feature", "properties": { "OBJECTID": 56, "Type": "F1" }, "geometry": { "type": "MultiPolygon", "coordinates": [ [ [ [ 663934.752431401750073, 3343162.65044630272314 ], [ 663927.606614287360571, 3343167.573270596098155 ], [ 663932.583179295295849, 3343174.887574967462569 ], [ 663940.976697704405524, 3343186.653477205429226 ], [ 663944.902710258844309, 3343191.904460029210895 ], [ 663951.813080216408707, 3343186.837679866701365 ], [ 663948.546803264063783, 3343182.66490426287055 ], [ 663938.739081888110377, 3343168.882250722963363 ], [ 663934.752431401750073, 3343162.65044630272314 ] ] ] ] } },
{ "type": "Feature", "properties": { "OBJECTID": 57, "Type": "F1" }, "geometry": { "type": "MultiPolygon", "coordinates": [ [ [ [ 663918.807240030961111, 3343138.161176593508571 ], [ 663911.837244608905166, 3343142.399528024718165 ], [ 663915.356099748751149, 3343148.577563520520926 ], [ 663922.219363904558122, 3343159.655361564364284 ], [ 663927.606614287360571, 3343167.573270596098155 ], [ 663934.752431401750073, 3343162.65044630272314 ], [ 663930.647624367382377, 3343156.233943349216133 ], [ 663922.451499149668962, 3343144.138406898360699 ], [ 663918.807240030961111, 3343138.161176593508571 ] ] ] ] } },
{ "type": "Feature", "properties": { "OBJECTID": 58, "Type": "F1" }, "geometry": { "type": "MultiPolygon", "coordinates": [ [ [ [ 663911.837244608905166, 3343142.399528024718165 ], [ 663918.807240030961111, 3343138.161176593508571 ], [ 663918.222288451739587, 3343137.20175241632387 ], [ 663909.335636604344472, 3343119.774534920696169 ], [ 663905.571054063504562, 3343112.652215586043894 ], [ 663897.718883636523969, 3343116.471043667756021 ], [ 663904.847857837332413, 3343130.128298363182694 ], [ 663911.837244608905166, 3343142.399528024718165 ] ] ] ] } },
{ "type": "Feature", "properties": { "OBJECTID": 59, "Type": "F1" }, "geometry": { "type": "MultiPolygon", "coordinates": [ [ [ [ 663893.243193891830742, 3343085.87787801399827 ], [ 663885.460377262555994, 3343089.303597502876073 ], [ 663889.990735122002661, 3343099.862815437838435 ], [ 663897.265782290603966, 3343115.603019698057324 ], [ 663897.718883636523969, 3343116.471043667756021 ], [ 663905.571054063504562, 3343112.652215586043894 ], [ 663901.657374116010033, 3343105.247814684174955 ], [ 663893.243193891830742, 3343085.87787801399827 ] ] ] ] } },
{ "type": "Feature", "properties": { "OBJECTID": 60, "Type": "F1" }, "geometry": { "type": "MultiPolygon", "coordinates": [ [ [ [ 663885.460377262555994, 3343089.303597502876073 ], [ 663893.243193891830742, 3343085.87787801399827 ], [ 663891.138908221735619, 3343081.033688909374177 ], [ 663883.120798590476625, 3343059.012158249039203 ], [ 663874.78936100366991, 3343061.775642222259194 ], [ 663877.264671141980216, 3343068.742302928119898 ], [ 663883.38450475782156, 3343084.465218093711883 ], [ 663885.460377262555994, 3343089.303597502876073 ] ] ] ] } },
{ "type": "Feature", "properties": { "OBJECTID": 61, "Type": "F1" }, "geometry": { "type": "MultiPolygon", "coordinates": [ [ [ [ 663874.528964219847694, 3343031.222988849971443 ], [ 663866.264532020431943, 3343033.365615904796869 ], [ 663868.336182137485594, 3343041.226208530832082 ], [ 663872.552252119174227, 3343055.479389352723956 ], [ 663874.78936100366991, 3343061.775642222259194 ], [ 663883.120798590476625, 3343059.012158249039203 ], [ 663881.520075687556528, 3343054.615814209450036 ], [ 663876.005941738840193, 3343037.017340593971312 ], [ 663874.528964219847694, 3343031.222988849971443 ] ] ] ] } },
{ "type": "Feature", "properties": { "OBJECTID": 62, "Type": "F1" }, "geometry": { "type": "MultiPolygon", "coordinates": [ [ [ [ 663866.264532020431943, 3343033.365615904796869 ], [ 663874.528964219847694, 3343031.222988849971443 ], [ 663870.275903431931511, 3343014.537744912318885 ], [ 663867.884167170734145, 3343003.076241507194936 ], [ 663859.541886104852892, 3343004.541382743511349 ], [ 663860.258945719338953, 3343008.290628054179251 ], [ 663864.053577080718242, 3343024.976450209040195 ], [ 663866.264532020431943, 3343033.365615904796869 ] ] ] ] } },
{ "type": "Feature", "properties": { "OBJECTID": 63, "Type": "F1" }, "geometry": { "type": "MultiPolygon", "coordinates": [ [ [ [ 663863.294093363219872, 3342973.885329585056752 ], [ 663854.570322500308976, 3342975.125007293652743 ], [ 663854.845786732854322, 3342977.501244539394975 ], [ 663857.133233238942921, 3342991.947408294770867 ], [ 663859.541886104852892, 3343004.541382743511349 ], [ 663867.884167170734145, 3343003.076241507194936 ], [ 663866.771750240935944, 3342997.74539853958413 ], [ 663863.533055603737012, 3342976.079126833472401 ], [ 663863.294093363219872, 3342973.885329585056752 ] ] ] ] } },
{ "type": "Feature", "properties": { "OBJECTID": 64, "Type": "F1" }, "geometry": { "type": "MultiPolygon", "coordinates": [ [ [ [ 663873.959678297047503, 3342769.836778016295284 ], [ 663882.332446224871092, 3342772.397196866106242 ], [ 663886.523371325922199, 3342758.692531244829297 ], [ 663891.871884434949607, 3342742.743435511831194 ], [ 663883.253333436907269, 3342740.791243727784604 ], [ 663878.992646137368865, 3342753.591152281034738 ], [ 663873.959678297047503, 3342769.836778016295284 ] ] ] ] } },
{ "type": "Feature", "properties": { "OBJECTID": 65, "Type": "F1" }, "geometry": { "type": "MultiPolygon", "coordinates": [ [ [ [ 663866.068764726631343, 3342798.606181974057108 ], [ 663874.581080405390821, 3342800.87920615170151 ], [ 663877.385105103487149, 3342790.261999735143036 ], [ 663881.461303600808606, 3342775.245904032606632 ], [ 663882.332446224871092, 3342772.397196866106242 ], [ 663873.959678297047503, 3342769.836778016295284 ], [ 663871.505738223204389, 3342777.757709220517427 ], [ 663868.541602738783695, 3342789.242830742616206 ], [ 663866.068764726631343, 3342798.606181974057108 ] ] ] ] } },
{ "type": "Feature", "properties": { "OBJECTID": 66, "Type": "F1" }, "geometry": { "type": "MultiPolygon", "coordinates": [ [ [ [ 663874.581080405390821, 3342800.87920615170151 ], [ 663866.068764726631343, 3342798.606181974057108 ], [ 663864.458796388003975, 3342804.70229459926486 ], [ 663861.979268380207941, 3342815.973031918518245 ], [ 663859.914669851306826, 3342825.254489213228226 ], [ 663859.447742408025078, 3342827.55094642797485 ], [ 663867.844944214448333, 3342829.236420400906354 ], [ 663868.685074147884734, 3342824.720438593067229 ], [ 663870.530613509938121, 3342817.209559721872211 ], [ 663872.271682003047317, 3342810.251348206307739 ], [ 663874.527096453588456, 3342801.083611897192895 ], [ 663874.581080405390821, 3342800.87920615170151 ] ] ] ] } },
{ "type": "Feature", "properties": { "OBJECTID": 67, "Type": "F1" }, "geometry": { "type": "MultiPolygon", "coordinates": [ [ [ [ 663867.844944214448333, 3342829.236420400906354 ], [ 663859.447742408025078, 3342827.55094642797485 ], [ 663857.420235010911711, 3342837.522696979343891 ], [ 663855.596403355011716, 3342850.022663908544928 ], [ 663854.565564802964218, 3342856.805346673820168 ], [ 663863.635680555715226, 3342857.959416691213846 ], [ 663866.461217789445072, 3342838.212214883882552 ], [ 663867.533339213579893, 3342830.911402399651706 ], [ 663867.844944214448333, 3342829.236420400906354 ] ] ] ] } },
{ "type": "Feature", "properties": { "OBJECTID": 68, "Type": "F1" }, "geometry": { "type": "MultiPolygon", "coordinates": [ [ [ [ 663863.635680555715226, 3342857.959416691213846 ], [ 663854.565564802964218, 3342856.805346673820168 ], [ 663853.780859959195368, 3342861.968525726813823 ], [ 663853.080584774492308, 3342870.161725844722241 ], [ 663851.711610334925354, 3342884.4422478065826 ], [ 663851.609881373704411, 3342886.350726102478802 ], [ 663860.810794983641244, 3342886.923618823755533 ], [ 663861.192338040331379, 3342881.47996641183272 ], [ 663863.342965245479718, 3342860.005154483485967 ], [ 663863.635680555715226, 3342857.959416691213846 ] ] ] ] } },
{ "type": "Feature", "properties": { "OBJECTID": 69, "Type": "F1" }, "geometry": { "type": "MultiPolygon", "coordinates": [ [ [ [ 663860.204274040064774, 3342944.99796141218394 ], [ 663851.536532295052893, 3342945.635726890526712 ], [ 663851.70806765020825, 3342949.073972740676254 ], [ 663852.798851812840439, 3342959.843768822494894 ], [ 663854.570322500308976, 3342975.125007293652743 ], [ 663863.294093363219872, 3342973.885329585056752 ], [ 663861.247037793742493, 3342955.092298240400851 ], [ 663860.204274040064774, 3342944.99796141218394 ] ] ] ] } },
{ "type": "Feature", "properties": { "OBJECTID": 70, "Type": "F1" }, "geometry": { "type": "MultiPolygon", "coordinates": [ [ [ [ 663850.580446554464288, 3342916.074852390214801 ], [ 663859.500771795283072, 3342916.169287170749158 ], [ 663859.601123283850029, 3342904.182568110525608 ], [ 663860.810794983641244, 3342886.923618823755533 ], [ 663851.609881373704411, 3342886.350726102478802 ], [ 663850.908587637124583, 3342899.507292910013348 ], [ 663850.580446554464288, 3342916.074852390214801 ] ] ] ] } },
{ "type": "Feature", "properties": { "OBJECTID": 71, "Type": "F1" }, "geometry": { "type": "MultiPolygon", "coordinates": [ [ [ [ 663859.500771795283072, 3342916.169287170749158 ], [ 663850.580446554464288, 3342916.074852390214801 ], [ 663850.515667303581722, 3342919.34550074627623 ], [ 663850.744976212503389, 3342929.769817417487502 ], [ 663851.536532295052893, 3342945.635726890526712 ], [ 663860.204274040064774, 3342944.99796141218394 ], [ 663859.985349330119789, 3342942.878689665347338 ], [ 663859.478627819451503, 3342918.814326325897127 ], [ 663859.500771795283072, 3342916.169287170749158 ] ] ] ] } },
{ "type": "Feature", "properties": { "OBJECTID": 72, "Type": "F1" }, "geometry": { "type": "MultiPolygon", "coordinates": [ [ [ [ 664376.191288288100623, 3343719.185923574957997 ], [ 664384.774466499453411, 3343720.409525056835264 ], [ 664385.715340449707583, 3343713.809553700033575 ], [ 664386.253216793993488, 3343710.048371301032603 ], [ 664386.452598122763447, 3343703.177954066544771 ], [ 664385.946449264185503, 3343690.527521283831447 ], [ 664377.279877241351642, 3343690.874250079970807 ], [ 664377.578175090486184, 3343704.264321898575872 ], [ 664376.663448934210464, 3343713.895462489221245 ], [ 664376.191288288100623, 3343719.185923574957997 ] ] ] ] } },
{ "type": "Feature", "properties": { "OBJECTID": 73, "Type": "F1" }, "geometry": { "type": "MultiPolygon", "coordinates": [ [ [ [ 664370.502811477286741, 3343747.69305129814893 ], [ 664379.203336120350286, 3343749.864327716175467 ], [ 664381.356157720787451, 3343741.237779441289604 ], [ 664383.885983027517796, 3343726.641991652082652 ], [ 664384.774466499453411, 3343720.409525056835264 ], [ 664376.191288288100623, 3343719.185923574957997 ], [ 664375.853217178257182, 3343722.973939509131014 ], [ 664372.857128077070229, 3343736.564936163835227 ], [ 664371.824623718392104, 3343741.205627518240362 ], [ 664370.502811477286741, 3343747.69305129814893 ] ] ] ] } },
{ "type": "Feature", "properties": { "OBJECTID": 74, "Type": "F1" }, "geometry": { "type": "MultiPolygon", "coordinates": [ [ [ [ 664379.203336120350286, 3343749.864327716175467 ], [ 664370.502811477286741, 3343747.69305129814893 ], [ 664370.473475645645522, 3343747.837030878290534 ], [ 664368.229331137379631, 3343756.228796196170151 ], [ 664365.0722380282823, 3343767.710919918958098 ], [ 664362.870773021364585, 3343776.35255 ], [ 664371.449047343921848, 3343778.839421446435153 ], [ 664375.209613402024843, 3343765.867531056981534 ], [ 664379.203336120350286, 3343749.864327716175467 ] ] ] ] } },
{ "type": "Feature", "properties": { "OBJECTID": 75, "Type": "F1" }, "geometry": { "type": "MultiPolygon", "coordinates": [ [ [ [ 664354.569299059105106, 3343805.278309000190347 ], [ 664363.341218674555421, 3343807.722783911973238 ], [ 664369.929668933385983, 3343784.080443648155779 ], [ 664371.449047343921848, 3343778.839421446435153 ], [ 664362.870773021364585, 3343776.35255 ], [ 664361.696098253712989, 3343780.963617982808501 ], [ 664356.623679168638773, 3343798.18185295863077 ], [ 664354.569299059105106, 3343805.278309000190347 ] ] ] ] } },
{ "type": "Feature", "properties": { "OBJECTID": 76, "Type": "F1" }, "geometry": { "type": "MultiPolygon", "coordinates": [ [ [ [ 664363.341218674555421, 3343807.722783911973238 ], [ 664354.569299059105106, 3343805.278309000190347 ], [ 664352.054129460011609, 3343813.966472604312003 ], [ 664346.465493410360068, 3343833.505058205220848 ], [ 664346.25762949581258, 3343834.281594309490174 ], [ 664354.977055805968121, 3343836.528442997485399 ], [ 664356.830169321969151, 3343829.336974226869643 ], [ 664363.315144925843924, 3343807.81634831847623 ], [ 664363.341218674555421, 3343807.722783911973238 ] ] ] ] } },
{ "type": "Feature", "properties": { "OBJECTID": 77, "Type": "F1" }, "geometry": { "type": "MultiPolygon", "coordinates": [ [ [ [ 664377.279877241351642, 3343690.874250079970807 ], [ 664385.946449264185503, 3343690.527521283831447 ], [ 664385.822367609711364, 3343687.426286139525473 ], [ 664385.01280031981878, 3343677.214841660577804 ], [ 664384.591340718790889, 3343673.217531850095838 ], [ 664384.415438458439894, 3343672.106329583097249 ], [ 664382.955224991310388, 3343664.708932490553707 ], [ 664374.363157393992878, 3343666.404954267665744 ], [ 664374.389397345832549, 3343666.52364593045786 ], [ 664375.907763397553936, 3343674.417632326949388 ], [ 664377.175476402277127, 3343686.187877927906811 ], [ 664377.279877241351642, 3343690.874250079970807 ] ] ] ] } },
{ "type": "Feature", "properties": { "OBJECTID": 78, "Type": "F1" }, "geometry": { "type": "MultiPolygon", "coordinates": [ [ [ [ 664338.506536277127452, 3343862.985463474877179 ], [ 664347.05432184448, 3343865.459971495438367 ], [ 664351.30952640553005, 3343850.761204736307263 ], [ 664354.977055805968121, 3343836.528442997485399 ], [ 664346.25762949581258, 3343834.281594309490174 ], [ 664341.263509921962395, 3343852.93858037982136 ], [ 664338.506536277127452, 3343862.985463474877179 ] ] ] ] } },
{ "type": "Feature", "properties": { "OBJECTID": 79, "Type": "F1" }, "geometry": { "type": "MultiPolygon", "coordinates": [ [ [ [ 664347.05432184448, 3343865.459971495438367 ], [ 664338.506536277127452, 3343862.985463474877179 ], [ 664336.476616335101426, 3343870.382838631980121 ], [ 664330.355172849958763, 3343891.855940059293061 ], [ 664338.889479765319265, 3343894.327495366800576 ], [ 664338.910618513822556, 3343894.254502531141043 ], [ 664346.740002232603729, 3343866.545726738404483 ], [ 664347.05432184448, 3343865.459971495438367 ] ] ] ] } },
{ "type": "Feature", "properties": { "OBJECTID": 80, "Type": "F1" }, "geometry": { "type": "MultiPolygon", "coordinates": [ [ [ [ 664321.991445120424032, 3343920.87008248642087 ], [ 664330.655496378196403, 3343923.174311633221805 ], [ 664332.005842815153301, 3343918.096933817490935 ], [ 664338.889479765319265, 3343894.327495366800576 ], [ 664330.355172849958763, 3343891.855940059293061 ], [ 664330.277189706452191, 3343892.129493176937103 ], [ 664323.681090529658832, 3343914.646164121106267 ], [ 664321.991445120424032, 3343920.87008248642087 ] ] ] ] } },
{ "type": "Feature", "properties": { "OBJECTID": 81, "Type": "F1" }, "geometry": { "type": "MultiPolygon", "coordinates": [ [ [ [ 664314.324679673067294, 3343949.626080213580281 ], [ 664322.635773429996334, 3343952.079774176701903 ], [ 664325.985672442475334, 3343940.733109735418111 ], [ 664330.655496378196403, 3343923.174311633221805 ], [ 664321.991445120424032, 3343920.87008248642087 ], [ 664318.585502415429801, 3343933.416093168314546 ], [ 664314.324679673067294, 3343949.626080213580281 ] ] ] ] } },
{ "type": "Feature", "properties": { "OBJECTID": 82, "Type": "F1" }, "geometry": { "type": "MultiPolygon", "coordinates": [ [ [ [ 664306.22712714294903, 3343978.53010029066354 ], [ 664314.173103420762345, 3343980.861411253456026 ], [ 664319.69668341439683, 3343962.034960301592946 ], [ 664322.635773429996334, 3343952.079774176701903 ], [ 664314.324679673067294, 3343949.626080213580281 ], [ 664312.867457115324214, 3343955.169976360630244 ], [ 664309.620849883882329, 3343966.207404497079551 ], [ 664306.22712714294903, 3343978.53010029066354 ] ] ] ] } },
{ "type": "Feature", "properties": { "OBJECTID": 83, "Type": "F1" }, "geometry": { "type": "MultiPolygon", "coordinates": [ [ [ [ 664314.173103420762345, 3343980.861411253456026 ], [ 664306.22712714294903, 3343978.53010029066354 ], [ 664305.242372061708011, 3343982.105771676637232 ], [ 664297.915489422739483, 3344007.418019280768931 ], [ 664305.884427809389308, 3344009.693495164159685 ], [ 664312.086548586608842, 3343987.97317976038903 ], [ 664314.173103420762345, 3343980.861411253456026 ] ] ] ] } },
{ "type": "Feature", "properties": { "OBJECTID": 84, "Type": "F1" }, "geometry": { "type": "MultiPolygon", "coordinates": [ [ [ [ 664289.636899729375727, 3344036.217429957352579 ], [ 664297.499656763277017, 3344038.497895402833819 ], [ 664298.579232793767005, 3344034.775675316806883 ], [ 664305.278052741428837, 3344011.817068406380713 ], [ 664305.884427809389308, 3344009.693495164159685 ], [ 664297.915489422739483, 3344007.418019280768931 ], [ 664297.829710009042174, 3344007.714362195692956 ], [ 664290.915104977437295, 3344032.22176417382434 ], [ 664289.636899729375727, 3344036.217429957352579 ] ] ] ] } },
{ "type": "Feature", "properties": { "OBJECTID": 85, "Type": "F1" }, "geometry": { "type": "MultiPolygon", "coordinates": [ [ [ [ 664280.748683798825368, 3344064.744292838033289 ], [ 664289.026829567272216, 3344067.275893624871969 ], [ 664291.47202482575085, 3344059.28028778033331 ], [ 664297.499656763277017, 3344038.497895402833819 ], [ 664289.636899729375727, 3344036.217429957352579 ], [ 664282.126647953409702, 3344059.694454552140087 ], [ 664280.748683798825368, 3344064.744292838033289 ] ] ] ] } },
{ "type": "Feature", "properties": { "OBJECTID": 86, "Type": "F1" }, "geometry": { "type": "MultiPolygon", "coordinates": [ [ [ [ 664272.798565376200713, 3344093.747983803972602 ], [ 664280.335234319674782, 3344095.989019139669836 ], [ 664283.473632894689217, 3344085.434431932400912 ], [ 664289.026829567272216, 3344067.275893624871969 ], [ 664280.748683798825368, 3344064.744292838033289 ], [ 664274.383821933763102, 3344088.069662387948483 ], [ 664272.798565376200713, 3344093.747983803972602 ] ] ] ] } },
{ "type": "Feature", "properties": { "OBJECTID": 87, "Type": "F1" }, "geometry": { "type": "MultiPolygon", "coordinates": [ [ [ [ 664280.335234319674782, 3344095.989019139669836 ], [ 664272.798565376200713, 3344093.747983803972602 ], [ 664265.938939059153199, 3344118.318872873205692 ], [ 664264.727155853412114, 3344122.652878026477993 ], [ 664271.799176668282598, 3344124.748983485624194 ], [ 664276.680292797507718, 3344108.280765427276492 ], [ 664280.335234319674782, 3344095.989019139669836 ] ] ] ] } },
{ "type": "Feature", "properties": { "OBJECTID": 88, "Type": "F1" }, "geometry": { "type": "MultiPolygon", "coordinates": [ [ [ [ 664256.582558040507138, 3344151.782452298793942 ], [ 664263.853454119176604, 3344153.675379910971969 ], [ 664264.175665331189521, 3344152.437741239089519 ], [ 664269.581481493776664, 3344132.231183612253517 ], [ 664271.799176668282598, 3344124.748983485624194 ], [ 664264.727155853412114, 3344122.652878026477993 ], [ 664256.582558040507138, 3344151.782452298793942 ] ] ] ] } },
{ "type": "Feature", "properties": { "OBJECTID": 89, "Type": "F1" }, "geometry": { "type": "MultiPolygon", "coordinates": [ [ [ [ 664247.99977577466052, 3344180.366473390255123 ], [ 664256.124783467501402, 3344182.661407550331205 ], [ 664258.454488533781841, 3344174.413232440128922 ], [ 664263.853454119176604, 3344153.675379910971969 ], [ 664256.582558040507138, 3344151.782452298793942 ], [ 664255.968807564699091, 3344153.977562540210783 ], [ 664248.066815878031775, 3344180.133172653149813 ], [ 664247.99977577466052, 3344180.366473390255123 ] ] ] ] } },
{ "type": "Feature", "properties": { "OBJECTID": 90, "Type": "F1" }, "geometry": { "type": "MultiPolygon", "coordinates": [ [ [ [ 664239.732097808620892, 3344209.138137912843376 ], [ 664247.877756536123343, 3344211.505368050653487 ], [ 664251.438800729694776, 3344199.251836417708546 ], [ 664256.124783467501402, 3344182.661407550331205 ], [ 664247.99977577466052, 3344180.366473390255123 ], [ 664239.732097808620892, 3344209.138137912843376 ] ] ] ] } },
{ "type": "Feature", "properties": { "OBJECTID": 91, "Type": "F1" }, "geometry": { "type": "MultiPolygon", "coordinates": [ [ [ [ 664247.877756536123343, 3344211.505368050653487 ], [ 664239.732097808620892, 3344209.138137912843376 ], [ 664239.534192534396425, 3344209.826851742807776 ], [ 664232.296043116250075, 3344236.657522746827453 ], [ 664231.875830019707792, 3344238.194688897114247 ], [ 664239.640592676470987, 3344240.351840212475508 ], [ 664242.809831192484125, 3344228.944068649783731 ], [ 664247.877756536123343, 3344211.505368050653487 ] ] ] ] } },
{ "type": "Feature", "properties": { "OBJECTID": 92, "Type": "F1" }, "geometry": { "type": "MultiPolygon", "coordinates": [ [ [ [ 664223.662595981382765, 3344267.01552372192964 ], [ 664231.546867049299181, 3344269.23934911750257 ], [ 664236.092874137219042, 3344253.121962264645845 ], [ 664239.640592676470987, 3344240.351840212475508 ], [ 664231.875830019707792, 3344238.194688897114247 ], [ 664226.591578952502459, 3344257.524814339354634 ], [ 664223.662595981382765, 3344267.01552372192964 ] ] ] ] } },
{ "type": "Feature", "properties": { "OBJECTID": 93, "Type": "F1" }, "geometry": { "type": "MultiPolygon", "coordinates": [ [ [ [ 664231.546867049299181, 3344269.23934911750257 ], [ 664223.662595981382765, 3344267.01552372192964 ], [ 664223.049784324481152, 3344269.001201822422445 ], [ 664215.761855107266456, 3344295.869179793167859 ], [ 664223.74822211090941, 3344298.205449641216546 ], [ 664224.986041867174208, 3344293.974044487811625 ], [ 664229.585171190439723, 3344276.194334104191512 ], [ 664231.546867049299181, 3344269.23934911750257 ] ] ] ] } },
{ "type": "Feature", "properties": { "OBJECTID": 94, "Type": "F1" }, "geometry": { "type": "MultiPolygon", "coordinates": [ [ [ [ 664374.432755182962865, 3343636.023075821343809 ], [ 664366.084970520460047, 3343639.467394052073359 ], [ 664368.916329807369038, 3343646.264869657810777 ], [ 664372.495939841959625, 3343657.958934349939227 ], [ 664374.363157393992878, 3343666.404954267665744 ], [ 664382.955224991310388, 3343664.708932490553707 ], [ 664382.088888006052002, 3343660.320095625706017 ], [ 664380.910686363698915, 3343655.424501439556479 ], [ 664379.64120489009656, 3343650.195038829464465 ], [ 664378.164135942235589, 3343645.960158264264464 ], [ 664377.062241541803814, 3343642.396004964131862 ], [ 664374.432755182962865, 3343636.023075821343809 ] ] ] ] } },
{ "type": "Feature", "properties": { "OBJECTID": 95, "Type": "F1" }, "geometry": { "type": "MultiPolygon", "coordinates": [ [ [ [ 664366.084970520460047, 3343639.467394052073359 ], [ 664374.432755182962865, 3343636.023075821343809 ], [ 664372.045368705759756, 3343630.236909711267799 ], [ 664368.780972774839029, 3343623.203658286482096 ], [ 664363.715771848335862, 3343614.258764483965933 ], [ 664360.768963167560287, 3343609.371058817021549 ], [ 664352.967827436164953, 3343614.074391368310899 ], [ 664353.12361722625792, 3343614.321589277125895 ], [ 664358.850966701982543, 3343624.052475143224001 ], [ 664362.588388627395034, 3343631.64705146709457 ], [ 664365.849459558259696, 3343638.901983640156686 ], [ 664366.084970520460047, 3343639.467394052073359 ] ] ] ] } },
{ "type": "Feature", "properties": { "OBJECTID": 96, "Type": "F1" }, "geometry": { "type": "MultiPolygon", "coordinates": [ [ [ [ 664342.568817765801214, 3343585.610667471308261 ], [ 664336.030987721867859, 3343591.658275605179369 ], [ 664340.203353492775932, 3343596.279105041641742 ], [ 664348.045183688285761, 3343606.263435076922178 ], [ 664352.967827436164953, 3343614.074391368310899 ], [ 664360.768963167560287, 3343609.371058817021549 ], [ 664358.454789298237301, 3343605.532668897416443 ], [ 664354.025282659684308, 3343599.147141114342958 ], [ 664350.908418157254346, 3343595.109398067928851 ], [ 664347.409895375138149, 3343590.844198264181614 ], [ 664342.568817765801214, 3343585.610667471308261 ] ] ] ] } },
{ "type": "Feature", "properties": { "OBJECTID": 97, "Type": "F1" }, "geometry": { "type": "MultiPolygon", "coordinates": [ [ [ [ 664336.030987721867859, 3343591.658275605179369 ], [ 664342.568817765801214, 3343585.610667471308261 ], [ 664338.882630833075382, 3343581.625651245936751 ], [ 664331.862289423472248, 3343574.646939598489553 ], [ 664321.315048326156102, 3343565.287342610303313 ], [ 664320.877106951200403, 3343564.920362489763647 ], [ 664314.882863621576689, 3343572.07374118315056 ], [ 664315.144170996616594, 3343572.28982666041702 ], [ 664329.299421907635406, 3343585.029522051103413 ], [ 664334.520698791369796, 3343589.985654380172491 ], [ 664336.030987721867859, 3343591.658275605179369 ] ] ] ] } },
{ "type": "Feature", "properties": { "OBJECTID": 98, "Type": "F1" }, "geometry": { "type": "MultiPolygon", "coordinates": [ [ [ [ 664207.577437147381715, 3344325.05539138475433 ], [ 664215.839039543876424, 3344327.138612638227642 ], [ 664219.30321821058169, 3344313.4004021496512 ], [ 664223.74822211090941, 3344298.205449641216546 ], [ 664215.761855107266456, 3344295.869179793167859 ], [ 664215.712204769486561, 3344296.052222759462893 ], [ 664208.905725180986337, 3344319.785322178620845 ], [ 664207.577437147381715, 3344325.05539138475433 ] ] ] ] } },
{ "type": "Feature", "properties": { "OBJECTID": 99, "Type": "F1" }, "geometry": { "type": "MultiPolygon", "coordinates": [ [ [ [ 664215.839039543876424, 3344327.138612638227642 ], [ 664207.577437147381715, 3344325.05539138475433 ], [ 664202.558971912832931, 3344344.966478758025914 ], [ 664200.337439160095528, 3344354.293158323969692 ], [ 664208.430644502514042, 3344356.207091875839978 ], [ 664210.71914905612357, 3344346.530081624630839 ], [ 664215.515745742246509, 3344328.420728465542197 ], [ 664215.839039543876424, 3344327.138612638227642 ] ] ] ] } },
{ "type": "Feature", "properties": { "OBJECTID": 100, "Type": "F1" }, "geometry": { "type": "MultiPolygon", "coordinates": [ [ [ [ 664194.017424940364435, 3344384.078497772570699 ], [ 664202.354238315019757, 3344385.578412914648652 ], [ 664202.858678163494915, 3344382.774670628365129 ], [ 664205.990578726748936, 3344366.524983308278024 ], [ 664208.430644502514042, 3344356.207091875839978 ], [ 664200.337439160095528, 3344354.293158323969692 ], [ 664196.08615959493909, 3344372.141340936534107 ], [ 664194.017424940364435, 3344384.078497772570699 ] ] ] ] } },
{ "type": "Feature", "properties": { "OBJECTID": 101, "Type": "F1" }, "geometry": { "type": "MultiPolygon", "coordinates": [ [ [ [ 664209.945973141933791, 3344624.08162247389555 ], [ 664200.996137871290557, 3344625.40151237975806 ], [ 664202.622932785307057, 3344636.088921305723488 ], [ 664205.47077133145649, 3344654.736123712733388 ], [ 664214.199527879012749, 3344653.778483133297414 ], [ 664212.893691790988669, 3344644.557497242465615 ], [ 664210.016420580213889, 3344624.559316249098629 ], [ 664209.945973141933791, 3344624.08162247389555 ] ] ] ] } },
{ "type": "Feature", "properties": { "OBJECTID": 102, "Type": "F1" }, "geometry": { "type": "MultiPolygon", "coordinates": [ [ [ [ 664200.996137871290557, 3344625.40151237975806 ], [ 664209.945973141933791, 3344624.08162247389555 ], [ 664206.083924653241411, 3344597.893636548426002 ], [ 664205.559640556341037, 3344594.404031380079687 ], [ 664196.480092940968461, 3344595.768154474440962 ], [ 664198.766655745799653, 3344610.75468323007226 ], [ 664200.996137871290557, 3344625.40151237975806 ] ] ] ] } },
{ "type": "Feature", "properties": { "OBJECTID": 103, "Type": "F1" }, "geometry": { "type": "MultiPolygon", "coordinates": [ [ [ [ 664201.328148651286028, 3344564.705881681293249 ], [ 664192.195690996013582, 3344565.851645300164819 ], [ 664195.1725420873845, 3344587.198239654302597 ], [ 664196.480092940968461, 3344595.768154474440962 ], [ 664205.559640556341037, 3344594.404031380079687 ], [ 664202.494805954745971, 3344574.004666361492127 ], [ 664201.328148651286028, 3344564.705881681293249 ] ] ] ] } },
{ "type": "Feature", "properties": { "OBJECTID": 104, "Type": "F1" }, "geometry": { "type": "MultiPolygon", "coordinates": [ [ [ [ 664192.195690996013582, 3344565.851645300164819 ], [ 664201.328148651286028, 3344564.705881681293249 ], [ 664199.484794159652665, 3344550.013515331782401 ], [ 664197.578320136875845, 3344535.905611822381616 ], [ 664197.488702006172389, 3344534.953511024359614 ], [ 664188.628407710115425, 3344535.787501325830817 ], [ 664189.557510502985679, 3344544.321665601339191 ], [ 664192.043084991397336, 3344564.757328394334763 ], [ 664192.195690996013582, 3344565.851645300164819 ] ] ] ] } },
{ "type": "Feature", "properties": { "OBJECTID": 105, "Type": "F1" }, "geometry": { "type": "MultiPolygon", "coordinates": [ [ [ [ 664188.628407710115425, 3344535.787501325830817 ], [ 664197.488702006172389, 3344534.953511024359614 ], [ 664196.000410998240113, 3344519.141944261267781 ], [ 664195.036401917692274, 3344506.378368176519871 ], [ 664194.987991635454819, 3344505.060644445475191 ], [ 664186.060624456964433, 3344505.388640646822751 ], [ 664186.244043061626144, 3344508.463779528159648 ], [ 664187.695800336543471, 3344527.221146136522293 ], [ 664188.628407710115425, 3344535.787501325830817 ] ] ] ] } },
{ "type": "Feature", "properties": { "OBJECTID": 106, "Type": "F1" }, "geometry": { "type": "MultiPolygon", "coordinates": [ [ [ [ 664186.060624456964433, 3344505.388640646822751 ], [ 664194.987991635454819, 3344505.060644445475191 ], [ 664194.421071731601842, 3344489.629133292008191 ], [ 664194.24872857844457, 3344475.436364741995931 ], [ 664194.248163967859, 3344475.072103355545551 ], [ 664184.891533428919502, 3344475.086599725764245 ], [ 664185.0130416987231, 3344487.825196207966655 ], [ 664186.060624456964433, 3344505.388640646822751 ] ] ] ] } },
{ "type": "Feature", "properties": { "OBJECTID": 107, "Type": "F1" }, "geometry": { "type": "MultiPolygon", "coordinates": [ [ [ [ 664189.249279296258464, 3344414.314548473805189 ], [ 664197.684190140687861, 3344415.206591837573797 ], [ 664197.874353727442212, 3344413.408403246663511 ], [ 664200.232924137962982, 3344397.368953011929989 ], [ 664202.354238315019757, 3344385.578412914648652 ], [ 664194.017424940364435, 3344384.078497772570699 ], [ 664191.870381148182787, 3344396.467519450001419 ], [ 664189.249279296258464, 3344414.314548473805189 ] ] ] ] } },
{ "type": "Feature", "properties": { "OBJECTID": 108, "Type": "F1" }, "geometry": { "type": "MultiPolygon", "coordinates": [ [ [ [ 664186.302938122767955, 3344444.506819971837103 ], [ 664195.181265986640938, 3344445.097772596403956 ], [ 664195.558757740072906, 3344439.426063167862594 ], [ 664196.528231856878847, 3344426.137343790382147 ], [ 664197.684190140687861, 3344415.206591837573797 ], [ 664189.249279296258464, 3344414.314548473805189 ], [ 664189.189810734591447, 3344414.719468696974218 ], [ 664186.600411896826699, 3344439.735228293575346 ], [ 664186.302938122767955, 3344444.506819971837103 ] ] ] ] } },
{ "type": "Feature", "properties": { "OBJECTID": 109, "Type": "F1" }, "geometry": { "type": "MultiPolygon", "coordinates": [ [ [ [ 664195.181265986640938, 3344445.097772596403956 ], [ 664186.302938122767955, 3344444.506819971837103 ], [ 664184.825844569597393, 3344468.199958391487598 ], [ 664184.891533428919502, 3344475.086599725764245 ], [ 664194.248163967859, 3344475.072103355545551 ], [ 664194.230685274465941, 3344463.795634535141289 ], [ 664194.688952681142837, 3344452.494644158985466 ], [ 664195.181265986640938, 3344445.097772596403956 ] ] ] ] } },
{ "type": "Feature", "properties": { "OBJECTID": 110, "Type": "F1" }, "geometry": { "type": "MultiPolygon", "coordinates": [ [ [ [ 664299.984322485863231, 3343548.071655250154436 ], [ 664294.212667876970954, 3343554.737509868573397 ], [ 664296.889372025383636, 3343556.828083164058626 ], [ 664301.353920864639804, 3343560.886119513306767 ], [ 664314.882863621576689, 3343572.07374118315056 ], [ 664320.877106951200403, 3343564.920362489763647 ], [ 664313.232506899395958, 3343558.514445151668042 ], [ 664303.525046944152564, 3343550.941121909767389 ], [ 664299.984322485863231, 3343548.071655250154436 ] ] ] ] } },
{ "type": "Feature", "properties": { "OBJECTID": 111, "Type": "F1" }, "geometry": { "type": "MultiPolygon", "coordinates": [ [ [ [ 664255.865545078529976, 3343514.439778645522892 ], [ 664250.672863692161627, 3343521.572142003104091 ], [ 664263.57294963602908, 3343531.273949332535267 ], [ 664274.469102707109414, 3343539.46228486392647 ], [ 664279.800406645634212, 3343532.522750662174076 ], [ 664263.453736920724623, 3343519.964312377385795 ], [ 664255.865545078529976, 3343514.439778645522892 ] ] ] ] } },
{ "type": "Feature", "properties": { "OBJECTID": 112, "Type": "F1" }, "geometry": { "type": "MultiPolygon", "coordinates": [ [ [ [ 664231.811030004988424, 3343496.516590235289186 ], [ 664226.360821298905648, 3343503.621134481858462 ], [ 664242.816973609267734, 3343515.663938575889915 ], [ 664250.672863692161627, 3343521.572142003104091 ], [ 664255.865545078529976, 3343514.439778645522892 ], [ 664242.309257370536216, 3343504.570211524143815 ], [ 664231.811030004988424, 3343496.516590235289186 ] ] ] ] } },
{ "type": "Feature", "properties": { "OBJECTID": 113, "Type": "F1" }, "geometry": { "type": "MultiPolygon", "coordinates": [ [ [ [ 664226.360821298905648, 3343503.621134481858462 ], [ 664231.811030004988424, 3343496.516590235289186 ], [ 664224.032730764825828, 3343490.549537496641278 ], [ 664208.297013493953273, 3343477.889056229498237 ], [ 664202.770700189634226, 3343484.757719214539975 ], [ 664209.591501591494307, 3343490.443847195710987 ], [ 664225.959476022399031, 3343503.327425329945982 ], [ 664226.360821298905648, 3343503.621134481858462 ] ] ] ] } },
{ "type": "Feature", "properties": { "OBJECTID": 114, "Type": "F1" }, "geometry": { "type": "MultiPolygon", "coordinates": [ [ [ [ 664185.12179101316724, 3343458.842578178271651 ], [ 664178.997589358012192, 3343465.594282195903361 ], [ 664192.664323912584223, 3343476.332587686832994 ], [ 664202.770700189634226, 3343484.757719214539975 ], [ 664208.297013493953273, 3343477.889056229498237 ], [ 664206.622484397841617, 3343476.541780862957239 ], [ 664186.457134630181827, 3343460.053812264464796 ], [ 664185.12179101316724, 3343458.842578178271651 ] ] ] ] } },
{ "type": "Feature", "properties": { "OBJECTID": 115, "Type": "F1" }, "geometry": { "type": "MultiPolygon", "coordinates": [ [ [ [ 664178.997589358012192, 3343465.594282195903361 ], [ 664185.12179101316724, 3343458.842578178271651 ], [ 664168.313269305508584, 3343443.596274402458221 ], [ 664162.881648213136941, 3343438.708690490573645 ], [ 664156.498474500258453, 3343445.802388173528016 ], [ 664173.82170706638135, 3343461.527458112221211 ], [ 664178.997589358012192, 3343465.594282195903361 ] ] ] ] } },
{ "type": "Feature", "properties": { "OBJECTID": 116, "Type": "F1" }, "geometry": { "type": "MultiPolygon", "coordinates": [ [ [ [ 664140.871454241452739, 3343418.332024799194187 ], [ 664134.453484819969162, 3343424.900727442000061 ], [ 664135.266711237723939, 3343425.69597580935806 ], [ 664153.208153830142692, 3343442.815617519430816 ], [ 664156.498474500258453, 3343445.802388173528016 ], [ 664162.881648213136941, 3343438.708690490573645 ], [ 664148.267317745368928, 3343425.558147538453341 ], [ 664140.871454241452739, 3343418.332024799194187 ] ] ] ] } },
{ "type": "Feature", "properties": { "OBJECTID": 117, "Type": "F1" }, "geometry": { "type": "MultiPolygon", "coordinates": [ [ [ [ 664134.453484819969162, 3343424.900727442000061 ], [ 664140.871454241452739, 3343418.332024799194187 ], [ 664130.521609054529108, 3343408.219716532155871 ], [ 664119.660381351597607, 3343397.119371385779232 ], [ 664113.04711392626632, 3343403.590210943948478 ], [ 664119.608919602818787, 3343410.384332011919469 ], [ 664134.453484819969162, 3343424.900727442000061 ] ] ] ] } },
{ "type": "Feature", "properties": { "OBJECTID": 118, "Type": "F1" }, "geometry": { "type": "MultiPolygon", "coordinates": [ [ [ [ 664099.043281730962917, 3343375.328130203764886 ], [ 664092.374516197480261, 3343381.573541607707739 ], [ 664096.00605401059147, 3343385.530500938184559 ], [ 664103.964451969135553, 3343394.185984729789197 ], [ 664113.04711392626632, 3343403.590210943948478 ], [ 664119.660381351597607, 3343397.119371385779232 ], [ 664114.779224338009953, 3343392.130752322729677 ], [ 664099.043281730962917, 3343375.328130203764886 ] ] ] ] } },
{ "type": "Feature", "properties": { "OBJECTID": 119, "Type": "F1" }, "geometry": { "type": "MultiPolygon", "coordinates": [ [ [ [ 664078.803418807685375, 3343353.184745057951659 ], [ 664072.218004699680023, 3343359.144781321752816 ], [ 664082.079241950530559, 3343370.355709497816861 ], [ 664092.374516197480261, 3343381.573541607707739 ], [ 664099.043281730962917, 3343375.328130203764886 ], [ 664096.772908112732694, 3343372.903856620192528 ], [ 664081.900074617238715, 3343356.606337413191795 ], [ 664078.803418807685375, 3343353.184745057951659 ] ] ] ] } },
{ "type": "Feature", "properties": { "OBJECTID": 120, "Type": "F1" }, "geometry": { "type": "MultiPolygon", "coordinates": [ [ [ [ 664058.70969669916667, 3343330.908331211656332 ], [ 664052.451594653422944, 3343336.525146821979433 ], [ 664054.81481931800954, 3343339.238947706762701 ], [ 664066.268677439773455, 3343352.381179665215313 ], [ 664072.218004699680023, 3343359.144781321752816 ], [ 664078.803418807685375, 3343353.184745057951659 ], [ 664066.74502957588993, 3343339.861051709391177 ], [ 664058.70969669916667, 3343330.908331211656332 ] ] ] ] } },
{ "type": "Feature", "properties": { "OBJECTID": 121, "Type": "F1" }, "geometry": { "type": "MultiPolygon", "coordinates": [ [ [ [ 664052.451594653422944, 3343336.525146821979433 ], [ 664058.70969669916667, 3343330.908331211656332 ], [ 664051.213157133432105, 3343322.555917632300407 ], [ 664038.896430031745695, 3343308.383223046083003 ], [ 664032.452549368026666, 3343313.983277102001011 ], [ 664043.077102703158744, 3343325.759981356095523 ], [ 664052.451594653422944, 3343336.525146821979433 ] ] ] ] } },
{ "type": "Feature", "properties": { "OBJECTID": 122, "Type": "F1" }, "geometry": { "type": "MultiPolygon", "coordinates": [ [ [ [ 664019.027398957870901, 3343285.90638826880604 ], [ 664012.557872085482813, 3343291.682007029652596 ], [ 664018.831602036138065, 3343298.790365138091147 ], [ 664028.680494727566838, 3343309.802172209601849 ], [ 664032.452549368026666, 3343313.983277102001011 ], [ 664038.896430031745695, 3343308.383223046083003 ], [ 664035.595008715172298, 3343304.584321305621415 ], [ 664020.255574714276008, 3343287.282118842471391 ], [ 664019.027398957870901, 3343285.90638826880604 ] ] ] ] } },
{ "type": "Feature", "properties": { "OBJECTID": 123, "Type": "F1" }, "geometry": { "type": "MultiPolygon", "coordinates": [ [ [ [ 663999.121365639730357, 3343263.462356782518327 ], [ 663992.677542920107953, 3343269.117640465963632 ], [ 664006.238985821022652, 3343284.522485218942165 ], [ 664012.557872085482813, 3343291.682007029652596 ], [ 664019.027398957870901, 3343285.90638826880604 ], [ 664006.713607318233699, 3343272.113199835643172 ], [ 663999.121365639730357, 3343263.462356782518327 ] ] ] ] } },
{ "type": "Feature", "properties": { "OBJECTID": 124, "Type": "F1" }, "geometry": { "type": "MultiPolygon", "coordinates": [ [ [ [ 663979.279000698006712, 3343240.961736083962023 ], [ 663972.821646891767159, 3343246.670261679217219 ], [ 663972.910979651263915, 3343246.774504710454494 ], [ 663990.712001543608494, 3343266.884923786390573 ], [ 663992.677542920107953, 3343269.117640465963632 ], [ 663999.121365639730357, 3343263.462356782518327 ], [ 663992.418118232162669, 3343255.824462241958827 ], [ 663979.279000698006712, 3343240.961736083962023 ] ] ] ] } },
{ "type": "Feature", "properties": { "OBJECTID": 125, "Type": "F1" }, "geometry": { "type": "MultiPolygon", "coordinates": [ [ [ [ 663972.821646891767159, 3343246.670261679217219 ], [ 663979.279000698006712, 3343240.961736083962023 ], [ 663978.215539789525792, 3343239.758768820669502 ], [ 663966.955652712727897, 3343226.508680912200361 ], [ 663959.924587444285862, 3343218.041130112018436 ], [ 663953.182504395837896, 3343223.639451188966632 ], [ 663955.876822765800171, 3343226.897226127795875 ], [ 663972.821646891767159, 3343246.670261679217219 ] ] ] ] } },
{ "type": "Feature", "properties": { "OBJECTID": 126, "Type": "F1" }, "geometry": { "type": "MultiPolygon", "coordinates": [ [ [ [ 663941.004202740150504, 3343194.762900413945317 ], [ 663933.972279582405463, 3343199.918805087450892 ], [ 663940.744617935270071, 3343208.600458301603794 ], [ 663953.182504395837896, 3343223.639451188966632 ], [ 663959.924587444285862, 3343218.041130112018436 ], [ 663954.09240114770364, 3343211.017395889852196 ], [ 663941.89628449943848, 3343195.979573827236891 ], [ 663941.004202740150504, 3343194.762900413945317 ] ] ] ] } },
{ "type": "Feature", "properties": { "OBJECTID": 127, "Type": "F1" }, "geometry": { "type": "MultiPolygon", "coordinates": [ [ [ [ 663923.504178144503385, 3343170.399479549378157 ], [ 663915.875698340940289, 3343175.654814956709743 ], [ 663927.707007113844156, 3343191.887174057308584 ], [ 663933.972279582405463, 3343199.918805087450892 ], [ 663941.004202740150504, 3343194.762900413945317 ], [ 663929.157419966300949, 3343178.605563397053629 ], [ 663923.504178144503385, 3343170.399479549378157 ] ] ] ] } },
{ "type": "Feature", "properties": { "OBJECTID": 128, "Type": "F1" }, "geometry": { "type": "MultiPolygon", "coordinates": [ [ [ [ 663907.496699852636084, 3343145.038949282374233 ], [ 663899.721148114069365, 3343149.76714763045311 ], [ 663902.174360711826012, 3343154.366838376503438 ], [ 663914.309145516832359, 3343173.505530504975468 ], [ 663915.875698340940289, 3343175.654814956709743 ], [ 663923.504178144503385, 3343170.399479549378157 ], [ 663918.508193533867598, 3343163.147451437078416 ], [ 663907.496699852636084, 3343145.038949282374233 ] ] ] ] } },
{ "type": "Feature", "properties": { "OBJECTID": 129, "Type": "F1" }, "geometry": { "type": "MultiPolygon", "coordinates": [ [ [ [ 663899.721148114069365, 3343149.76714763045311 ], [ 663907.496699852636084, 3343145.038949282374233 ], [ 663907.419031929923221, 3343144.911223672330379 ], [ 663895.700782625586726, 3343123.672420992515981 ], [ 663893.254400683799759, 3343118.642302305903286 ], [ 663885.047744159586728, 3343122.633531314786524 ], [ 663891.113345227437094, 3343134.246430350467563 ], [ 663898.896243656869046, 3343148.220479640178382 ], [ 663899.721148114069365, 3343149.76714763045311 ] ] ] ] } },
{ "type": "Feature", "properties": { "OBJECTID": 130, "Type": "F1" }, "geometry": { "type": "MultiPolygon", "coordinates": [ [ [ [ 663880.808793136267923, 3343091.351059643551707 ], [ 663872.278309297631495, 3343095.105875686276704 ], [ 663875.872765439096838, 3343103.864367058034986 ], [ 663881.658969500800595, 3343116.145551389083266 ], [ 663885.047744159586728, 3343122.633531314786524 ], [ 663893.254400683799759, 3343118.642302305903286 ], [ 663888.694572183536366, 3343109.266628722660244 ], [ 663880.808793136267923, 3343091.351059643551707 ] ] ] ] } },
{ "type": "Feature", "properties": { "OBJECTID": 131, "Type": "F1" }, "geometry": { "type": "MultiPolygon", "coordinates": [ [ [ [ 663872.278309297631495, 3343095.105875686276704 ], [ 663880.808793136267923, 3343091.351059643551707 ], [ 663879.754677079035901, 3343088.956231063231826 ], [ 663871.601492562214844, 3343067.549049695488065 ], [ 663870.192272090003826, 3343063.300466888118535 ], [ 663861.575262044207193, 3343066.158673399593681 ], [ 663863.176502213580534, 3343070.748832975048572 ], [ 663869.555418860400096, 3343088.471099391113967 ], [ 663872.278309297631495, 3343095.105875686276704 ] ] ] ] } },
{ "type": "Feature", "properties": { "OBJECTID": 132, "Type": "F1" }, "geometry": { "type": "MultiPolygon", "coordinates": [ [ [ [ 663861.584938031155616, 3343034.578841985203326 ], [ 663852.613092690357007, 3343036.904872145969421 ], [ 663854.430579151376151, 3343043.900676929391921 ], [ 663858.74468116206117, 3343058.044451567810029 ], [ 663861.575262044207193, 3343066.158673399593681 ], [ 663870.192272090003826, 3343063.300466888118535 ], [ 663864.875686932820827, 3343047.271781002636999 ], [ 663861.584938031155616, 3343034.578841985203326 ] ] ] ] } },
{ "type": "Feature", "properties": { "OBJECTID": 133, "Type": "F1" }, "geometry": { "type": "MultiPolygon", "coordinates": [ [ [ [ 663852.613092690357007, 3343036.904872145969421 ], [ 663861.584938031155616, 3343034.578841985203326 ], [ 663859.595501326373778, 3343026.905269942246377 ], [ 663855.153478116961196, 3343008.436015453189611 ], [ 663854.621249977848493, 3343005.405586052220315 ], [ 663845.297568358131684, 3343007.043089069891721 ], [ 663846.882875491166487, 3343014.187936253845692 ], [ 663850.151356505230069, 3343027.429244047496468 ], [ 663852.613092690357007, 3343036.904872145969421 ] ] ] ] } },
{ "type": "Feature", "properties": { "OBJECTID": 134, "Type": "F1" }, "geometry": { "type": "MultiPolygon", "coordinates": [ [ [ [ 663849.588870901730843, 3342975.832888621836901 ], [ 663840.554480522521771, 3342977.116706427186728 ], [ 663842.308026364422403, 3342991.72573270695284 ], [ 663844.266830888693221, 3343002.397641160525382 ], [ 663845.297568358131684, 3343007.043089069891721 ], [ 663854.621249977848493, 3343005.405586052220315 ], [ 663850.273104401305318, 3342980.647879299707711 ], [ 663849.588870901730843, 3342975.832888621836901 ] ] ] ] } },
{ "type": "Feature", "properties": { "OBJECTID": 135, "Type": "F1" }, "geometry": { "type": "MultiPolygon", "coordinates": [ [ [ [ 663860.842793948017061, 3342765.825593397021294 ], [ 663869.626688301214017, 3342768.51173600461334 ], [ 663872.557684447499923, 3342758.927150562871248 ], [ 663878.449499425943941, 3342739.838462302926928 ], [ 663869.74524054210633, 3342738.110320520121604 ], [ 663864.434393630945124, 3342754.814613547641784 ], [ 663860.842793948017061, 3342765.825593397021294 ] ] ] ] } },
{ "type": "Feature", "properties": { "OBJECTID": 136, "Type": "F1" }, "geometry": { "type": "MultiPolygon", "coordinates": [ [ [ [ 663852.779622220783494, 3342795.057612659409642 ], [ 663861.431977774947882, 3342797.36803136439994 ], [ 663863.326413579983637, 3342790.273506028577685 ], [ 663867.191901108482853, 3342776.473679561167955 ], [ 663869.626688301214017, 3342768.51173600461334 ], [ 663860.842793948017061, 3342765.825593397021294 ], [ 663859.792255537351593, 3342769.046291217207909 ], [ 663855.812359410803765, 3342784.063833134248853 ], [ 663852.779622220783494, 3342795.057612659409642 ] ] ] ] } },
{ "type": "Feature", "properties": { "OBJECTID": 137, "Type": "F1" }, "geometry": { "type": "MultiPolygon", "coordinates": [ [ [ [ 663861.431977774947882, 3342797.36803136439994 ], [ 663852.779622220783494, 3342795.057612659409642 ], [ 663852.248967914609239, 3342796.981253278441727 ], [ 663847.20203844353091, 3342818.967089538928121 ], [ 663846.124988723313436, 3342824.876822939142585 ], [ 663854.818014998687431, 3342826.621674363967031 ], [ 663856.349254294065759, 3342818.992991684935987 ], [ 663859.55232431483455, 3342804.407197885680944 ], [ 663861.431977774947882, 3342797.36803136439994 ] ] ] ] } },
{ "type": "Feature", "properties": { "OBJECTID": 138, "Type": "F1" }, "geometry": { "type": "MultiPolygon", "coordinates": [ [ [ [ 663854.818014998687431, 3342826.621674363967031 ], [ 663846.124988723313436, 3342824.876822939142585 ], [ 663843.635599066852592, 3342838.536015195772052 ], [ 663841.509705850621685, 3342851.918393704108894 ], [ 663841.108486162731424, 3342855.093085065484047 ], [ 663850.015585347777233, 3342856.226413062307984 ], [ 663850.560620644479059, 3342851.942852848209441 ], [ 663853.332024034345523, 3342834.02492842450738 ], [ 663854.818014998687431, 3342826.621674363967031 ] ] ] ] } },
{ "type": "Feature", "properties": { "OBJECTID": 139, "Type": "F1" }, "geometry": { "type": "MultiPolygon", "coordinates": [ [ [ [ 663850.015585347777233, 3342856.226413062307984 ], [ 663841.108486162731424, 3342855.093085065484047 ], [ 663839.216287570074201, 3342870.065297812689096 ], [ 663837.835460445494391, 3342885.49306502379477 ], [ 663846.866628953372128, 3342886.05538860661909 ], [ 663846.874930784106255, 3342885.922051071189344 ], [ 663848.37837591173593, 3342869.093625965993851 ], [ 663850.015585347777233, 3342856.226413062307984 ] ] ] ] } },
{ "type": "Feature", "properties": { "OBJECTID": 140, "Type": "F1" }, "geometry": { "type": "MultiPolygon", "coordinates": [ [ [ [ 663846.58938218979165, 3342945.999734223354608 ], [ 663838.165538928820752, 3342946.61955384677276 ], [ 663838.620748481014743, 3342954.97571178432554 ], [ 663840.081789341056719, 3342973.178652612958103 ], [ 663840.554480522521771, 3342977.116706427186728 ], [ 663849.588870901730843, 3342975.832888621836901 ], [ 663847.920774362282827, 3342964.094396874774247 ], [ 663846.58938218979165, 3342945.999734223354608 ] ] ] ] } },
{ "type": "Feature", "properties": { "OBJECTID": 141, "Type": "F1" }, "geometry": { "type": "MultiPolygon", "coordinates": [ [ [ [ 663837.369849384529516, 3342915.934998762793839 ], [ 663845.714924897416495, 3342916.023343677632511 ], [ 663845.861227053799666, 3342902.203370285220444 ], [ 663846.866628953372128, 3342886.05538860661909 ], [ 663837.835460445494391, 3342885.49306502379477 ], [ 663837.829015744966455, 3342885.565070663113147 ], [ 663837.456006715772673, 3342904.073185267858207 ], [ 663837.369849384529516, 3342915.934998762793839 ] ] ] ] } },
{ "type": "Feature", "properties": { "OBJECTID": 142, "Type": "F1" }, "geometry": { "type": "MultiPolygon", "coordinates": [ [ [ [ 663845.714924897416495, 3342916.023343677632511 ], [ 663837.369849384529516, 3342915.934998762793839 ], [ 663837.365026010200381, 3342916.599062584340572 ], [ 663837.563020014902577, 3342935.559278024826199 ], [ 663838.165538928820752, 3342946.61955384677276 ], [ 663846.58938218979165, 3342945.999734223354608 ], [ 663846.320231268182397, 3342942.341762342490256 ], [ 663845.627716849790886, 3342924.261177818290889 ], [ 663845.714924897416495, 3342916.023343677632511 ] ] ] ] } },
{ "type": "Feature", "properties": { "OBJECTID": 143, "Type": "F2" }, "geometry": { "type": "MultiPolygon", "coordinates": [ [ [ [ 666691.820900349644944, 3362398.623905653133988 ], [ 666701.958619528100826, 3362398.632221835665405 ], [ 666702.169628011179157, 3362368.63238483807072 ], [ 666691.845514715998434, 3362368.623915750999004 ], [ 666691.820900349644944, 3362398.623905653133988 ] ] ] ] } },
{ "type": "Feature", "properties": { "OBJECTID": 144, "Type": "F2" }, "geometry": { "type": "MultiPolygon", "coordinates": [ [ [ [ 666701.958619528100826, 3362398.632221835665405 ], [ 666691.820900349644944, 3362398.623905653133988 ], [ 666691.796285983175039, 3362428.623895555734634 ], [ 666701.747611045022495, 3362428.632058834657073 ], [ 666701.958619528100826, 3362398.632221835665405 ] ] ] ] } },
{ "type": "Feature", "properties": { "OBJECTID": 145, "Type": "F2" }, "geometry": { "type": "MultiPolygon", "coordinates": [ [ [ [ 666691.771671616705135, 3362458.623885457869619 ], [ 666701.536602561944164, 3362458.631895834114403 ], [ 666701.747611045022495, 3362428.632058834657073 ], [ 666691.796285983175039, 3362428.623895555734634 ], [ 666691.771671616705135, 3362458.623885457869619 ] ] ] ] } },
{ "type": "Feature", "properties": { "OBJECTID": 146, "Type": "F2" }, "geometry": { "type": "MultiPolygon", "coordinates": [ [ [ [ 666691.74705725023523, 3362488.623875360470265 ], [ 666701.325594078865834, 3362488.631732833106071 ], [ 666701.536602561944164, 3362458.631895834114403 ], [ 666691.771671616705135, 3362458.623885457869619 ], [ 666691.74705725023523, 3362488.623875360470265 ] ] ] ] } },
{ "type": "Feature", "properties": { "OBJECTID": 147, "Type": "F2" }, "geometry": { "type": "MultiPolygon", "coordinates": [ [ [ [ 666691.72244288388174, 3362518.623865261673927 ], [ 666701.114585595787503, 3362518.631569833494723 ], [ 666701.325594078865834, 3362488.631732833106071 ], [ 666691.74705725023523, 3362488.623875360470265 ], [ 666691.72244288388174, 3362518.623865261673927 ] ] ] ] } },
{ "type": "Feature", "properties": { "OBJECTID": 148, "Type": "F2" }, "geometry": { "type": "MultiPolygon", "coordinates": [ [ [ [ 666701.114585595787503, 3362518.631569833494723 ], [ 666691.72244288388174, 3362518.623865261673927 ], [ 666691.697828517411835, 3362548.623855163808912 ], [ 666700.903577112709172, 3362548.631406831089407 ], [ 666701.114585595787503, 3362518.631569833494723 ] ] ] ] } },
{ "type": "Feature", "properties": { "OBJECTID": 149, "Type": "F2" }, "geometry": { "type": "MultiPolygon", "coordinates": [ [ [ [ 666691.673214150941931, 3362578.623845069203526 ], [ 666700.692568629514426, 3362578.631243833340704 ], [ 666700.903577112709172, 3362548.631406831089407 ], [ 666691.697828517411835, 3362548.623855163808912 ], [ 666691.673214150941931, 3362578.623845069203526 ] ] ] ] } },
{ "type": "Feature", "properties": { "OBJECTID": 150, "Type": "F2" }, "geometry": { "type": "MultiPolygon", "coordinates": [ [ [ [ 666691.05085351166781, 3362608.61668359907344 ], [ 666700.649869946879335, 3362608.838516414631158 ], [ 666700.558597418945283, 3362597.678413984365761 ], [ 666700.692568629514426, 3362578.631243833340704 ], [ 666691.673214150941931, 3362578.623845069203526 ], [ 666691.6706086716149, 3362581.799403329379857 ], [ 666691.05085351166781, 3362608.61668359907344 ] ] ] ] } },
{ "type": "Feature", "properties": { "OBJECTID": 151, "Type": "F2" }, "geometry": { "type": "MultiPolygon", "coordinates": [ [ [ [ 666690.660809677443467, 3362638.613359019160271 ], [ 666700.894035022007301, 3362638.693143083713949 ], [ 666700.649869946879335, 3362608.838516414631158 ], [ 666691.05085351166781, 3362608.61668359907344 ], [ 666690.815159998135641, 3362618.815322379115969 ], [ 666690.660809677443467, 3362638.613359019160271 ] ] ] ] } },
{ "type": "Feature", "properties": { "OBJECTID": 152, "Type": "F2" }, "geometry": { "type": "MultiPolygon", "coordinates": [ [ [ [ 666700.894035022007301, 3362638.693143083713949 ], [ 666690.660809677443467, 3362638.613359019160271 ], [ 666690.426929470733739, 3362668.612447340041399 ], [ 666701.139412131393328, 3362668.695967967621982 ], [ 666700.894035022007301, 3362638.693143083713949 ] ] ] ] } },
{ "type": "Feature", "properties": { "OBJECTID": 153, "Type": "F2" }, "geometry": { "type": "MultiPolygon", "coordinates": [ [ [ [ 666786.392780020949431, 3363494.223137380555272 ], [ 666776.207100027240813, 3363497.326821424532682 ], [ 666782.747459439560771, 3363518.790954648982733 ], [ 666785.151992783881724, 3363525.959955570288002 ], [ 666794.786788010620512, 3363522.636299510020763 ], [ 666786.392780020949431, 3363494.223137380555272 ] ] ] ] } },
{ "type": "Feature", "properties": { "OBJECTID": 154, "Type": "F2" }, "geometry": { "type": "MultiPolygon", "coordinates": [ [ [ [ 666777.445750428363681, 3363465.587573062628508 ], [ 666767.462711115949787, 3363468.629510355181992 ], [ 666776.207100027240813, 3363497.326821424532682 ], [ 666786.392780020949431, 3363494.223137380555272 ], [ 666784.290461184107699, 3363487.106927099172026 ], [ 666777.445750428363681, 3363465.587573062628508 ] ] ] ] } },
{ "type": "Feature", "properties": { "OBJECTID": 155, "Type": "F2" }, "geometry": { "type": "MultiPolygon", "coordinates": [ [ [ [ 666767.462711115949787, 3363468.629510355181992 ], [ 666777.445750428363681, 3363465.587573062628508 ], [ 666768.396493975655176, 3363437.137261526659131 ], [ 666758.97995695087593, 3363439.854592276271433 ], [ 666764.080119807273149, 3363457.528531660325825 ], [ 666767.462711115949787, 3363468.629510355181992 ] ] ] ] } },
{ "type": "Feature", "properties": { "OBJECTID": 156, "Type": "F2" }, "geometry": { "type": "MultiPolygon", "coordinates": [ [ [ [ 666758.97995695087593, 3363439.854592276271433 ], [ 666768.396493975655176, 3363437.137261526659131 ], [ 666762.28461608721409, 3363417.921889423392713 ], [ 666759.191896602627821, 3363408.26730360975489 ], [ 666749.957385408342816, 3363411.246044150553644 ], [ 666757.235437864437699, 3363433.809192265383899 ], [ 666758.97995695087593, 3363439.854592276271433 ] ] ] ] } },
{ "type": "Feature", "properties": { "OBJECTID": 157, "Type": "F2" }, "geometry": { "type": "MultiPolygon", "coordinates": [ [ [ [ 666749.957385408342816, 3363411.246044150553644 ], [ 666759.191896602627821, 3363408.26730360975489 ], [ 666750.075870078988373, 3363379.809675689321011 ], [ 666741.079718092107214, 3363382.589810605626553 ], [ 666749.436672848649323, 3363409.631750398315489 ], [ 666749.957385408342816, 3363411.246044150553644 ] ] ] ] } },
{ "type": "Feature", "properties": { "OBJECTID": 158, "Type": "F2" }, "geometry": { "type": "MultiPolygon", "coordinates": [ [ [ [ 666740.892991089844145, 3363351.108869432006031 ], [ 666731.85158960649278, 3363354.044641388114542 ], [ 666740.279718640027568, 3363380.001123979222029 ], [ 666741.079718092107214, 3363382.589810605626553 ], [ 666750.075870078988373, 3363379.809675689321011 ], [ 666743.940155332558788, 3363360.655728865414858 ], [ 666740.892991089844145, 3363351.108869432006031 ] ] ] ] } },
{ "type": "Feature", "properties": { "OBJECTID": 159, "Type": "F2" }, "geometry": { "type": "MultiPolygon", "coordinates": [ [ [ [ 666731.85158960649278, 3363354.044641388114542 ], [ 666740.892991089844145, 3363351.108869432006031 ], [ 666736.970377188757993, 3363338.81919925333932 ], [ 666734.499951801262796, 3363330.68805865617469 ], [ 666732.046938918996602, 3363323.053796577267349 ], [ 666723.806347636505961, 3363325.151272248476744 ], [ 666727.44562079757452, 3363339.449202656745911 ], [ 666731.560706028598361, 3363353.14879433857277 ], [ 666731.85158960649278, 3363354.044641388114542 ] ] ] ] } },
{ "type": "Feature", "properties": { "OBJECTID": 160, "Type": "F2" }, "geometry": { "type": "MultiPolygon", "coordinates": [ [ [ [ 666723.806347636505961, 3363325.151272248476744 ], [ 666732.046938918996602, 3363323.053796577267349 ], [ 666730.096662148367614, 3363316.984148879535496 ], [ 666724.842765545472503, 3363294.022914136294276 ], [ 666716.616873033111915, 3363296.025839200709015 ], [ 666721.553127045044675, 3363316.298847660887986 ], [ 666723.806347636505961, 3363325.151272248476744 ] ] ] ] } },
{ "type": "Feature", "properties": { "OBJECTID": 161, "Type": "F2" }, "geometry": { "type": "MultiPolygon", "coordinates": [ [ [ [ 666716.616873033111915, 3363296.025839200709015 ], [ 666724.842765545472503, 3363294.022914136294276 ], [ 666721.899455260951072, 3363281.159692137036473 ], [ 666717.606105299550109, 3363264.871164617594332 ], [ 666709.448664622730576, 3363266.894882499706 ], [ 666713.505699172383174, 3363283.248365867882967 ], [ 666716.616873033111915, 3363296.025839200709015 ] ] ] ] } },
{ "type": "Feature", "properties": { "OBJECTID": 162, "Type": "F2" }, "geometry": { "type": "MultiPolygon", "coordinates": [ [ [ [ 666710.871485819923691, 3363235.937798694241792 ], [ 666702.19554315705318, 3363237.786780679132789 ], [ 666702.278431152459234, 3363238.175713527947664 ], [ 666703.901040459051728, 3363245.185142248403281 ], [ 666707.983925526612438, 3363260.990671886131167 ], [ 666709.448664622730576, 3363266.894882499706 ], [ 666717.606105299550109, 3363264.871164617594332 ], [ 666713.361328340717591, 3363248.766918066889048 ], [ 666710.871485819923691, 3363235.937798694241792 ] ] ] ] } },
{ "type": "Feature", "properties": { "OBJECTID": 163, "Type": "F2" }, "geometry": { "type": "MultiPolygon", "coordinates": [ [ [ [ 666702.19554315705318, 3363237.786780679132789 ], [ 666710.871485819923691, 3363235.937798694241792 ], [ 666709.174669460626319, 3363227.194812161847949 ], [ 666706.433542351936921, 3363206.961794841568917 ], [ 666696.978793382877484, 3363208.262033366132528 ], [ 666697.83573134674225, 3363214.493244355078787 ], [ 666698.610479583498091, 3363220.380970920901746 ], [ 666700.21611020504497, 3363228.498746951576322 ], [ 666702.19554315705318, 3363237.786780679132789 ] ] ] ] } },
{ "type": "Feature", "properties": { "OBJECTID": 164, "Type": "F2" }, "geometry": { "type": "MultiPolygon", "coordinates": [ [ [ [ 666690.919198436429724, 3362848.608312510885298 ], [ 666699.455776944058016, 3362848.687968135345727 ], [ 666699.559077721321955, 3362838.574151726439595 ], [ 666699.712811552220955, 3362818.591240458190441 ], [ 666690.987864323775284, 3362818.608845420647413 ], [ 666691.02544052968733, 3362837.223824663087726 ], [ 666690.919198436429724, 3362848.608312510885298 ] ] ] ] } },
{ "type": "Feature", "properties": { "OBJECTID": 165, "Type": "F2" }, "geometry": { "type": "MultiPolygon", "coordinates": [ [ [ [ 666690.639245217433199, 3362878.607006251811981 ], [ 666699.149377978523262, 3362878.686415090225637 ], [ 666699.455776944058016, 3362848.687968135345727 ], [ 666690.919198436429724, 3362848.608312510885298 ], [ 666690.639245217433199, 3362878.607006251811981 ] ] ] ] } },
{ "type": "Feature", "properties": { "OBJECTID": 166, "Type": "F2" }, "geometry": { "type": "MultiPolygon", "coordinates": [ [ [ [ 666699.149377978523262, 3362878.686415090225637 ], [ 666690.639245217433199, 3362878.607006251811981 ], [ 666690.426481587346643, 3362901.405926026403904 ], [ 666690.36287533538416, 3362908.60573254339397 ], [ 666698.843022012966685, 3362908.680652057286352 ], [ 666699.149377978523262, 3362878.686415090225637 ] ] ] ] } },
{ "type": "Feature", "properties": { "OBJECTID": 167, "Type": "F2" }, "geometry": { "type": "MultiPolygon", "coordinates": [ [ [ [ 666690.097852505045012, 3362938.604561904445291 ], [ 666698.860217544948682, 3362938.681975259445608 ], [ 666698.790323964669369, 3362913.840132942423224 ], [ 666698.843022012966685, 3362908.680652057286352 ], [ 666690.36287533538416, 3362908.60573254339397 ], [ 666690.097852505045012, 3362938.604561904445291 ] ] ] ] } },
{ "type": "Feature", "properties": { "OBJECTID": 168, "Type": "F2" }, "geometry": { "type": "MultiPolygon", "coordinates": [ [ [ [ 666689.984075066517107, 3362968.604224522132427 ], [ 666698.944460170343518, 3362968.62380978371948 ], [ 666698.860217544948682, 3362938.681975259445608 ], [ 666690.097852505045012, 3362938.604561904445291 ], [ 666690.033781341393478, 3362945.856993340421468 ], [ 666689.984075066517107, 3362968.604224522132427 ] ] ] ] } },
{ "type": "Feature", "properties": { "OBJECTID": 169, "Type": "F2" }, "geometry": { "type": "MultiPolygon", "coordinates": [ [ [ [ 666689.918520508566871, 3362998.60415290016681 ], [ 666698.993112961063161, 3362998.623987791594118 ], [ 666699.013983957353048, 3362993.334218729287386 ], [ 666698.944460170343518, 3362968.62380978371948 ], [ 666689.984075066517107, 3362968.604224522132427 ], [ 666689.918520508566871, 3362998.60415290016681 ] ] ] ] } },
{ "type": "Feature", "properties": { "OBJECTID": 170, "Type": "F2" }, "geometry": { "type": "MultiPolygon", "coordinates": [ [ [ [ 666698.993112961063161, 3362998.623987791594118 ], [ 666689.918520508566871, 3362998.60415290016681 ], [ 666689.90587290993426, 3363004.392111274413764 ], [ 666689.638080247677863, 3363028.60265849577263 ], [ 666698.874427814036608, 3363028.704823925625533 ], [ 666698.993112961063161, 3362998.623987791594118 ] ] ] ] } },
{ "type": "Feature", "properties": { "OBJECTID": 171, "Type": "F2" }, "geometry": { "type": "MultiPolygon", "coordinates": [ [ [ [ 666703.000353424227796, 3363177.682894856203347 ], [ 666693.12920925184153, 3363178.51541780307889 ], [ 666693.511813213001005, 3363183.051941335201263 ], [ 666696.978793382877484, 3363208.262033366132528 ], [ 666706.433542351936921, 3363206.961794841568917 ], [ 666705.893526177620515, 3363202.975786102935672 ], [ 666703.596289089648053, 3363183.539086064323783 ], [ 666703.000353424227796, 3363177.682894856203347 ] ] ] ] } },
{ "type": "Feature", "properties": { "OBJECTID": 172, "Type": "F2" }, "geometry": { "type": "MultiPolygon", "coordinates": [ [ [ [ 666693.12920925184153, 3363178.51541780307889 ], [ 666703.000353424227796, 3363177.682894856203347 ], [ 666701.257297116215341, 3363160.554081094451249 ], [ 666700.20090482418891, 3363148.161849888972938 ], [ 666691.433245008462109, 3363148.570046484470367 ], [ 666691.659172077081166, 3363153.422442901413888 ], [ 666692.210453206906095, 3363167.621755317784846 ], [ 666693.12920925184153, 3363178.51541780307889 ] ] ] ] } },
{ "type": "Feature", "properties": { "OBJECTID": 173, "Type": "F2" }, "geometry": { "type": "MultiPolygon", "coordinates": [ [ [ [ 666699.149130491423421, 3363118.30629449011758 ], [ 666690.380380454473197, 3363118.58902031974867 ], [ 666691.152945088688284, 3363142.549845650792122 ], [ 666691.433245008462109, 3363148.570046484470367 ], [ 666700.20090482418891, 3363148.161849888972938 ], [ 666699.383571081561968, 3363138.573945104144514 ], [ 666699.149130491423421, 3363118.30629449011758 ] ] ] ] } },
{ "type": "Feature", "properties": { "OBJECTID": 174, "Type": "F2" }, "geometry": { "type": "MultiPolygon", "coordinates": [ [ [ [ 666690.380380454473197, 3363118.58902031974867 ], [ 666699.149130491423421, 3363118.30629449011758 ], [ 666698.804955206345767, 3363088.551957054995 ], [ 666689.614706643857062, 3363088.600826377049088 ], [ 666689.654439520090818, 3363096.074212941341102 ], [ 666690.380380454473197, 3363118.58902031974867 ] ] ] ] } },
{ "type": "Feature", "properties": { "OBJECTID": 175, "Type": "F2" }, "geometry": { "type": "MultiPolygon", "coordinates": [ [ [ [ 666689.614706643857062, 3363088.600826377049088 ], [ 666698.804955206345767, 3363088.551957054995 ], [ 666698.680686238105409, 3363077.808766089845449 ], [ 666698.756665411870927, 3363058.551789698190987 ], [ 666689.455211422755383, 3363058.601250356994569 ], [ 666689.614706643857062, 3363088.600826377049088 ] ] ] ] } },
{ "type": "Feature", "properties": { "OBJECTID": 176, "Type": "F2" }, "geometry": { "type": "MultiPolygon", "coordinates": [ [ [ [ 666689.455211422755383, 3363058.601250356994569 ], [ 666698.756665411870927, 3363058.551789698190987 ], [ 666698.874427814036608, 3363028.704823925625533 ], [ 666689.638080247677863, 3363028.60265849577263 ], [ 666689.406859924667515, 3363049.506780749652535 ], [ 666689.455211422755383, 3363058.601250356994569 ] ] ] ] } },
{ "type": "Feature", "properties": { "OBJECTID": 177, "Type": "F2" }, "geometry": { "type": "MultiPolygon", "coordinates": [ [ [ [ 666690.987864323775284, 3362818.608845420647413 ], [ 666699.712811552220955, 3362818.591240458190441 ], [ 666699.943613553303294, 3362788.59071368444711 ], [ 666690.927306433091871, 3362788.608906541019678 ], [ 666690.987864323775284, 3362818.608845420647413 ] ] ] ] } },
{ "type": "Feature", "properties": { "OBJECTID": 178, "Type": "F2" }, "geometry": { "type": "MultiPolygon", "coordinates": [ [ [ [ 666691.011748285614885, 3362728.609057409223169 ], [ 666700.522826049244031, 3362728.63090543076396 ], [ 666700.8581111531239, 3362698.498744525015354 ], [ 666690.733895341050811, 3362698.610654850490391 ], [ 666691.02099120116327, 3362724.584264094009995 ], [ 666691.011748285614885, 3362728.609057409223169 ] ] ] ] } },
{ "type": "Feature", "properties": { "OBJECTID": 179, "Type": "F2" }, "geometry": { "type": "MultiPolygon", "coordinates": [ [ [ [ 666690.942853633430786, 3362758.608978304080665 ], [ 666700.189019177109003, 3362758.630217254627496 ], [ 666700.522826049244031, 3362728.63090543076396 ], [ 666691.011748285614885, 3362728.609057409223169 ], [ 666690.942853633430786, 3362758.608978304080665 ] ] ] ] } },
{ "type": "Feature", "properties": { "OBJECTID": 180, "Type": "F2" }, "geometry": { "type": "MultiPolygon", "coordinates": [ [ [ [ 666700.189019177109003, 3362758.630217254627496 ], [ 666690.942853633430786, 3362758.608978304080665 ], [ 666690.902350498829037, 3362776.24591813236475 ], [ 666690.927306433091871, 3362788.608906541019678 ], [ 666699.943613553303294, 3362788.59071368444711 ], [ 666700.140699728974141, 3362762.972698833793402 ], [ 666700.189019177109003, 3362758.630217254627496 ] ] ] ] } },
{ "type": "Feature", "properties": { "OBJECTID": 181, "Type": "F2" }, "geometry": { "type": "MultiPolygon", "coordinates": [ [ [ [ 666690.733895341050811, 3362698.610654850490391 ], [ 666700.8581111531239, 3362698.498744525015354 ], [ 666701.160728849121369, 3362671.302412196993828 ], [ 666701.139412131393328, 3362668.695967967621982 ], [ 666690.426929470733739, 3362668.612447340041399 ], [ 666690.416748501826078, 3362669.918328634928912 ], [ 666690.733895341050811, 3362698.610654850490391 ] ] ] ] } },
{ "type": "Feature", "properties": { "OBJECTID": 182, "Type": "F2" }, "geometry": { "type": "MultiPolygon", "coordinates": [ [ [ [ 666678.274733976577409, 3362398.612793451175094 ], [ 666687.397256373078562, 3362398.620276845991611 ], [ 666687.400906030321494, 3362368.620269745122641 ], [ 666678.165797634981573, 3362368.612693991977721 ], [ 666678.274733976577409, 3362398.612793451175094 ] ] ] ] } },
{ "type": "Feature", "properties": { "OBJECTID": 183, "Type": "F2" }, "geometry": { "type": "MultiPolygon", "coordinates": [ [ [ [ 666687.397256373078562, 3362398.620276845991611 ], [ 666678.274733976577409, 3362398.612793451175094 ], [ 666678.383670318173245, 3362428.612892908044159 ], [ 666687.393606715835631, 3362428.62028394639492 ], [ 666687.397256373078562, 3362398.620276845991611 ] ] ] ] } },
{ "type": "Feature", "properties": { "OBJECTID": 184, "Type": "F2" }, "geometry": { "type": "MultiPolygon", "coordinates": [ [ [ [ 666678.492606659769081, 3362458.612992364447564 ], [ 666687.389957058592699, 3362458.620291046332568 ], [ 666687.393606715835631, 3362428.62028394639492 ], [ 666678.383670318173245, 3362428.612892908044159 ], [ 666678.492606659769081, 3362458.612992364447564 ] ] ] ] } },
{ "type": "Feature", "properties": { "OBJECTID": 185, "Type": "F2" }, "geometry": { "type": "MultiPolygon", "coordinates": [ [ [ [ 666678.601543001364917, 3362488.61309182131663 ], [ 666687.386307401349768, 3362488.620298146270216 ], [ 666687.389957058592699, 3362458.620291046332568 ], [ 666678.492606659769081, 3362458.612992364447564 ], [ 666678.601543001364917, 3362488.61309182131663 ] ] ] ] } },
{ "type": "Feature", "properties": { "OBJECTID": 186, "Type": "F2" }, "geometry": { "type": "MultiPolygon", "coordinates": [ [ [ [ 666678.710479342960753, 3362518.613191274460405 ], [ 666687.382657744223252, 3362518.620305244810879 ], [ 666687.386307401349768, 3362488.620298146270216 ], [ 666678.601543001364917, 3362488.61309182131663 ], [ 666678.710479342960753, 3362518.613191274460405 ] ] ] ] } },
{ "type": "Feature", "properties": { "OBJECTID": 187, "Type": "F2" }, "geometry": { "type": "MultiPolygon", "coordinates": [ [ [ [ 666687.382657744223252, 3362518.620305244810879 ], [ 666678.710479342960753, 3362518.613191274460405 ], [ 666678.819415684673004, 3362548.613290733657777 ], [ 666687.379008086980321, 3362548.620312345679849 ], [ 666687.382657744223252, 3362518.620305244810879 ] ] ] ] } },
{ "type": "Feature", "properties": { "OBJECTID": 188, "Type": "F2" }, "geometry": { "type": "MultiPolygon", "coordinates": [ [ [ [ 666678.92835202626884, 3362578.613390193320811 ], [ 666687.375358429737389, 3362578.620319448411465 ], [ 666687.379008086980321, 3362548.620312345679849 ], [ 666678.819415684673004, 3362548.613290733657777 ], [ 666678.92835202626884, 3362578.613390193320811 ] ] ] ] } },
{ "type": "Feature", "properties": { "OBJECTID": 189, "Type": "F2" }, "geometry": { "type": "MultiPolygon", "coordinates": [ [ [ [ 666679.03629174164962, 3362608.339027645532042 ], [ 666687.45275649393443, 3362608.533531747758389 ], [ 666687.375208979006857, 3362579.848797324579209 ], [ 666687.375358429737389, 3362578.620319448411465 ], [ 666678.92835202626884, 3362578.613390193320811 ], [ 666679.03629174164962, 3362608.339027645532042 ] ] ] ] } },
{ "type": "Feature", "properties": { "OBJECTID": 190, "Type": "F2" }, "geometry": { "type": "MultiPolygon", "coordinates": [ [ [ [ 666678.965238916105591, 3362638.522173675708473 ], [ 666687.506957922014408, 3362638.588769791182131 ], [ 666687.51937983406242, 3362633.177426771260798 ], [ 666687.45275649393443, 3362608.533531747758389 ], [ 666679.03629174164962, 3362608.339027645532042 ], [ 666679.113939898321405, 3362629.722639268729836 ], [ 666678.965238916105591, 3362638.522173675708473 ] ] ] ] } },
{ "type": "Feature", "properties": { "OBJECTID": 191, "Type": "F2" }, "geometry": { "type": "MultiPolygon", "coordinates": [ [ [ [ 666687.506957922014408, 3362638.588769791182131 ], [ 666678.965238916105591, 3362638.522173675708473 ], [ 666678.458328305394389, 3362668.519133295398206 ], [ 666687.438091095886193, 3362668.589144650381058 ], [ 666687.506957922014408, 3362638.588769791182131 ] ] ] ] } },
{ "type": "Feature", "properties": { "OBJECTID": 192, "Type": "F2" }, "geometry": { "type": "MultiPolygon", "coordinates": [ [ [ [ 666772.623103513615206, 3363498.418902934994549 ], [ 666764.665905845235102, 3363500.843544927425683 ], [ 666770.983925812644884, 3363521.271388636901975 ], [ 666773.289598597562872, 3363529.623355028219521 ], [ 666781.148324244190007, 3363527.394026820547879 ], [ 666779.202610783046111, 3363522.269414851441979 ], [ 666772.623103513615206, 3363498.418902934994549 ] ] ] ] } },
{ "type": "Feature", "properties": { "OBJECTID": 193, "Type": "F2" }, "geometry": { "type": "MultiPolygon", "coordinates": [ [ [ [ 666763.997616113745607, 3363469.685361322015524 ], [ 666755.880115352920257, 3363472.15884935669601 ], [ 666760.544811997329816, 3363487.51894933078438 ], [ 666764.665905845235102, 3363500.843544927425683 ], [ 666772.623103513615206, 3363498.418902934994549 ], [ 666771.12900083209388, 3363493.002826570533216 ], [ 666763.997616113745607, 3363469.685361322015524 ] ] ] ] } },
{ "type": "Feature", "properties": { "OBJECTID": 194, "Type": "F2" }, "geometry": { "type": "MultiPolygon", "coordinates": [ [ [ [ 666755.880115352920257, 3363472.15884935669601 ], [ 666763.997616113745607, 3363469.685361322015524 ], [ 666758.864940911065787, 3363452.903070028871298 ], [ 666755.124964126269333, 3363440.967027826234698 ], [ 666746.985474084038287, 3363443.315841038711369 ], [ 666750.938176289317198, 3363455.885834438726306 ], [ 666755.880115352920257, 3363472.15884935669601 ] ] ] ] } },
{ "type": "Feature", "properties": { "OBJECTID": 195, "Type": "F2" }, "geometry": { "type": "MultiPolygon", "coordinates": [ [ [ [ 666746.985474084038287, 3363443.315841038711369 ], [ 666755.124964126269333, 3363440.967027826234698 ], [ 666749.335665493505076, 3363422.490626292303205 ], [ 666746.130849108682014, 3363412.480355157051235 ], [ 666738.099612071993761, 3363415.070960209239274 ], [ 666740.674032018519938, 3363423.244815955404192 ], [ 666746.985474084038287, 3363443.315841038711369 ] ] ] ] } },
{ "type": "Feature", "properties": { "OBJECTID": 196, "Type": "F2" }, "geometry": { "type": "MultiPolygon", "coordinates": [ [ [ [ 666738.099612071993761, 3363415.070960209239274 ], [ 666746.130849108682014, 3363412.480355157051235 ], [ 666740.989110105787404, 3363396.420089810620993 ], [ 666736.849276702967472, 3363383.897169333416969 ], [ 666729.07866488257423, 3363386.298568206373602 ], [ 666730.042522063711658, 3363389.489472795277834 ], [ 666738.099612071993761, 3363415.070960209239274 ] ] ] ] } },
{ "type": "Feature", "properties": { "OBJECTID": 197, "Type": "F2" }, "geometry": { "type": "MultiPolygon", "coordinates": [ [ [ [ 666727.6455704101827, 3363355.410349262412637 ], [ 666720.465222438680939, 3363357.741831195540726 ], [ 666721.26137534645386, 3363360.418981957249343 ], [ 666729.07866488257423, 3363386.298568206373602 ], [ 666736.849276702967472, 3363383.897169333416969 ], [ 666733.916464728070423, 3363375.025466643739492 ], [ 666729.787887262064032, 3363362.212633063085377 ], [ 666727.6455704101827, 3363355.410349262412637 ] ] ] ] } },
{ "type": "Feature", "properties": { "OBJECTID": 198, "Type": "F2" }, "geometry": { "type": "MultiPolygon", "coordinates": [ [ [ [ 666720.465222438680939, 3363357.741831195540726 ], [ 666727.6455704101827, 3363355.410349262412637 ], [ 666725.296923510381021, 3363347.952926357742399 ], [ 666719.584178394987248, 3363326.225939946714789 ], [ 666711.693334597279318, 3363328.234394476749003 ], [ 666711.755592952249572, 3363328.454754571896046 ], [ 666720.465222438680939, 3363357.741831195540726 ] ] ] ] } },
{ "type": "Feature", "properties": { "OBJECTID": 199, "Type": "F2" }, "geometry": { "type": "MultiPolygon", "coordinates": [ [ [ [ 666711.693334597279318, 3363328.234394476749003 ], [ 666719.584178394987248, 3363326.225939946714789 ], [ 666719.121332124806941, 3363324.465620797127485 ], [ 666716.430555616971105, 3363311.896573492325842 ], [ 666713.156133479089476, 3363296.868495725095272 ], [ 666703.496072573587298, 3363299.220626886468381 ], [ 666711.693334597279318, 3363328.234394476749003 ] ] ] ] } },
{ "type": "Feature", "properties": { "OBJECTID": 200, "Type": "F2" }, "geometry": { "type": "MultiPolygon", "coordinates": [ [ [ [ 666703.496072573587298, 3363299.220626886468381 ], [ 666713.156133479089476, 3363296.868495725095272 ], [ 666710.952972836210392, 3363286.757010986097157 ], [ 666705.929613288724795, 3363267.767897381912917 ], [ 666695.858397877425887, 3363270.266389191616327 ], [ 666699.528454054961912, 3363285.916705642361194 ], [ 666702.821216230862774, 3363296.832009195815772 ], [ 666703.496072573587298, 3363299.220626886468381 ] ] ] ] } },
{ "type": "Feature", "properties": { "OBJECTID": 201, "Type": "F2" }, "geometry": { "type": "MultiPolygon", "coordinates": [ [ [ [ 666698.345239802380092, 3363238.607341834809631 ], [ 666688.935719224740751, 3363240.612660992890596 ], [ 666694.205638944520615, 3363263.218486089725047 ], [ 666695.858397877425887, 3363270.266389191616327 ], [ 666705.929613288724795, 3363267.767897381912917 ], [ 666702.413122398662381, 3363254.474991634488106 ], [ 666699.059916647616774, 3363241.230675506405532 ], [ 666698.345239802380092, 3363238.607341834809631 ] ] ] ] } },
{ "type": "Feature", "properties": { "OBJECTID": 202, "Type": "F2" }, "geometry": { "type": "MultiPolygon", "coordinates": [ [ [ [ 666688.935719224740751, 3363240.612660992890596 ], [ 666698.345239802380092, 3363238.607341834809631 ], [ 666698.059012644691393, 3363237.556700071785599 ], [ 666696.793513956363313, 3363232.326678057666868 ], [ 666695.221852621762082, 3363221.992006747052073 ], [ 666693.682456547743641, 3363209.551484313327819 ], [ 666693.583033784874715, 3363208.729025928769261 ], [ 666683.927084594964981, 3363210.056933964602649 ], [ 666688.343679805868305, 3363238.073051232844591 ], [ 666688.935719224740751, 3363240.612660992890596 ] ] ] ] } },
{ "type": "Feature", "properties": { "OBJECTID": 203, "Type": "F2" }, "geometry": { "type": "MultiPolygon", "coordinates": [ [ [ [ 666677.722009810619056, 3362848.48516829079017 ], [ 666687.799284388078377, 3362848.579200296662748 ], [ 666687.92830335535109, 3362838.617693100590259 ], [ 666687.946610379265621, 3362818.614981980528682 ], [ 666677.97103565488942, 3362818.63511042483151 ], [ 666678.008304983610287, 3362827.379138284362853 ], [ 666677.722009810619056, 3362848.48516829079017 ] ] ] ] } },
{ "type": "Feature", "properties": { "OBJECTID": 204, "Type": "F2" }, "geometry": { "type": "MultiPolygon", "coordinates": [ [ [ [ 666677.315105145098642, 3362878.482677464839071 ], [ 666687.410761878010817, 3362878.576880974229425 ], [ 666687.799284388078377, 3362848.579200296662748 ], [ 666677.722009810619056, 3362848.48516829079017 ], [ 666677.315105145098642, 3362878.482677464839071 ] ] ] ] } },
{ "type": "Feature", "properties": { "OBJECTID": 205, "Type": "F2" }, "geometry": { "type": "MultiPolygon", "coordinates": [ [ [ [ 666687.410761878010817, 3362878.576880974229425 ], [ 666677.315105145098642, 3362878.482677464839071 ], [ 666677.265557143022306, 3362882.135416724719107 ], [ 666676.93458311248105, 3362908.487097671255469 ], [ 666687.022217904217541, 3362908.576218852307647 ], [ 666687.410761878010817, 3362878.576880974229425 ] ] ] ] } },
{ "type": "Feature", "properties": { "OBJECTID": 206, "Type": "F2" }, "geometry": { "type": "MultiPolygon", "coordinates": [ [ [ [ 666676.557813734281808, 3362938.484938969369978 ], [ 666686.879633137024939, 3362938.57612972240895 ], [ 666686.877430525491945, 3362919.75519932853058 ], [ 666687.022217904217541, 3362908.576218852307647 ], [ 666676.93458311248105, 3362908.487097671255469 ], [ 666676.557813734281808, 3362938.484938969369978 ] ] ] ] } },
{ "type": "Feature", "properties": { "OBJECTID": 207, "Type": "F2" }, "geometry": { "type": "MultiPolygon", "coordinates": [ [ [ [ 666676.312627611565404, 3362968.574342004023492 ], [ 666686.883146528503858, 3362968.59744663303718 ], [ 666686.879633137024939, 3362938.57612972240895 ], [ 666676.557813734281808, 3362938.484938969369978 ], [ 666676.391261779819615, 3362951.745568382553756 ], [ 666676.312627611565404, 3362968.574342004023492 ] ] ] ] } },
{ "type": "Feature", "properties": { "OBJECTID": 208, "Type": "F2" }, "geometry": { "type": "MultiPolygon", "coordinates": [ [ [ [ 666676.17245063604787, 3362998.574107275344431 ], [ 666686.88665743463207, 3362998.59752597194165 ], [ 666686.883146528503858, 3362968.59744663303718 ], [ 666676.312627611565404, 3362968.574342004023492 ], [ 666676.17245063604787, 3362998.574107275344431 ] ] ] ] } },
{ "type": "Feature", "properties": { "OBJECTID": 209, "Type": "F2" }, "geometry": { "type": "MultiPolygon", "coordinates": [ [ [ [ 666686.88665743463207, 3362998.59752597194165 ], [ 666676.17245063604787, 3362998.574107275344431 ], [ 666676.096005063969642, 3363014.934491766616702 ], [ 666676.039937907247804, 3363028.452246220316738 ], [ 666686.762254651053809, 3363028.570848307106644 ], [ 666686.886902002850547, 3363000.68731874646619 ], [ 666686.88665743463207, 3362998.59752597194165 ] ] ] ] } },
{ "type": "Feature", "properties": { "OBJECTID": 210, "Type": "F2" }, "geometry": { "type": "MultiPolygon", "coordinates": [ [ [ [ 666690.09523808513768, 3363178.771300056949258 ], [ 666680.049481098540127, 3363179.618549683596939 ], [ 666683.350565311731771, 3363206.399856266565621 ], [ 666683.927084594964981, 3363210.056933964602649 ], [ 666693.583033784874715, 3363208.729025928769261 ], [ 666690.782254843623377, 3363185.560044737998396 ], [ 666690.09523808513768, 3363178.771300056949258 ] ] ] ] } },
{ "type": "Feature", "properties": { "OBJECTID": 211, "Type": "F2" }, "geometry": { "type": "MultiPolygon", "coordinates": [ [ [ [ 666680.049481098540127, 3363179.618549683596939 ], [ 666690.09523808513768, 3363178.771300056949258 ], [ 666689.029288361896761, 3363168.238135581370443 ], [ 666688.251756937243044, 3363156.252772882115096 ], [ 666688.053953579510562, 3363148.727376408874989 ], [ 666677.684743026271462, 3363149.210136522073299 ], [ 666679.845604398404248, 3363177.96452207909897 ], [ 666680.049481098540127, 3363179.618549683596939 ] ] ] ] } },
{ "type": "Feature", "properties": { "OBJECTID": 212, "Type": "F2" }, "geometry": { "type": "MultiPolygon", "coordinates": [ [ [ [ 666687.264414386940189, 3363118.689486644696444 ], [ 666676.347994701005518, 3363119.041458567604423 ], [ 666677.051354003488086, 3363140.781686459202319 ], [ 666677.684743026271462, 3363149.210136522073299 ], [ 666688.053953579510562, 3363148.727376408874989 ], [ 666687.264414386940189, 3363118.689486644696444 ] ] ] ] } },
{ "type": "Feature", "properties": { "OBJECTID": 213, "Type": "F2" }, "geometry": { "type": "MultiPolygon", "coordinates": [ [ [ [ 666676.347994701005518, 3363119.041458567604423 ], [ 666687.264414386940189, 3363118.689486644696444 ], [ 666686.490943725802936, 3363089.2629215400666 ], [ 666686.493829294689931, 3363088.617421702016145 ], [ 666675.933340361807495, 3363088.673577303532511 ], [ 666675.942475717747584, 3363106.50721742073074 ], [ 666676.347994701005518, 3363119.041458567604423 ] ] ] ] } },
{ "type": "Feature", "properties": { "OBJECTID": 214, "Type": "F2" }, "geometry": { "type": "MultiPolygon", "coordinates": [ [ [ [ 666675.933340361807495, 3363088.673577303532511 ], [ 666686.493829294689931, 3363088.617421702016145 ], [ 666686.627942958730273, 3363058.616284411400557 ], [ 666675.917972562252544, 3363058.67323488323018 ], [ 666675.933340361807495, 3363088.673577303532511 ] ] ] ] } },
{ "type": "Feature", "properties": { "OBJECTID": 215, "Type": "F2" }, "geometry": { "type": "MultiPolygon", "coordinates": [ [ [ [ 666675.917972562252544, 3363058.67323488323018 ], [ 666686.627942958730273, 3363058.616284411400557 ], [ 666686.762254651053809, 3363028.570848307106644 ], [ 666676.039937907247804, 3363028.452246220316738 ], [ 666675.91760086605791, 3363057.947626027744263 ], [ 666675.917972562252544, 3363058.67323488323018 ] ] ] ] } },
{ "type": "Feature", "properties": { "OBJECTID": 216, "Type": "F2" }, "geometry": { "type": "MultiPolygon", "coordinates": [ [ [ [ 666677.97103565488942, 3362818.63511042483151 ], [ 666687.946610379265621, 3362818.614981980528682 ], [ 666687.974067299859598, 3362788.614865505602211 ], [ 666677.843168664956465, 3362788.635307353455573 ], [ 666677.97103565488942, 3362818.63511042483151 ] ] ] ] } },
{ "type": "Feature", "properties": { "OBJECTID": 217, "Type": "F2" }, "geometry": { "type": "MultiPolygon", "coordinates": [ [ [ [ 666677.944533639121801, 3362728.57904053805396 ], [ 666687.724535480956547, 3362728.601506309118122 ], [ 666687.502933414070867, 3362698.646369024179876 ], [ 666678.055291736149229, 3362698.750800683163106 ], [ 666677.944533639121801, 3362728.57904053805396 ] ] ] ] } },
{ "type": "Feature", "properties": { "OBJECTID": 218, "Type": "F2" }, "geometry": { "type": "MultiPolygon", "coordinates": [ [ [ [ 666677.833138416521251, 3362758.578864567447454 ], [ 666687.946473791613244, 3362758.602095454931259 ], [ 666687.724535480956547, 3362728.601506309118122 ], [ 666677.944533639121801, 3362728.57904053805396 ], [ 666677.833138416521251, 3362758.578864567447454 ] ] ] ] } },
{ "type": "Feature", "properties": { "OBJECTID": 219, "Type": "F2" }, "geometry": { "type": "MultiPolygon", "coordinates": [ [ [ [ 666687.946473791613244, 3362758.602095454931259 ], [ 666677.833138416521251, 3362758.578864567447454 ], [ 666677.778163845767267, 3362773.384054673369974 ], [ 666677.843168664956465, 3362788.635307353455573 ], [ 666687.974067299859598, 3362788.614865505602211 ], [ 666687.995473718969151, 3362765.225677861832082 ], [ 666687.946473791613244, 3362758.602095454931259 ] ] ] ] } },
{ "type": "Feature", "properties": { "OBJECTID": 220, "Type": "F2" }, "geometry": { "type": "MultiPolygon", "coordinates": [ [ [ [ 666678.055291736149229, 3362698.750800683163106 ], [ 666687.502933414070867, 3362698.646369024179876 ], [ 666687.400789089500904, 3362684.838974052108824 ], [ 666687.438091095886193, 3362668.589144650381058 ], [ 666678.458328305394389, 3362668.519133295398206 ], [ 666678.08566078171134, 3362690.572119410149753 ], [ 666678.055291736149229, 3362698.750800683163106 ] ] ] ] } },
{ "type": "Feature", "properties": { "OBJECTID": 221, "Type": "F3" }, "geometry": { "type": "MultiPolygon", "coordinates": [ [ [ [ 666909.417079137638211, 3363844.839561742264777 ], [ 666909.150865809409879, 3363844.967756950762123 ], [ 666911.358971264911816, 3363849.702943816315383 ], [ 666915.740529380855151, 3363858.528603207319975 ], [ 666916.057923515909351, 3363858.36417669756338 ], [ 666912.580831032944843, 3363851.495532951783389 ], [ 666909.417079137638211, 3363844.839561742264777 ] ] ] ] } },
{ "type": "Feature", "properties": { "OBJECTID": 222, "Type": "F3" }, "geometry": { "type": "MultiPolygon", "coordinates": [ [ [ [ 666909.150865809409879, 3363844.967756950762123 ], [ 666909.417079137638211, 3363844.839561742264777 ], [ 666906.529190540313721, 3363838.763957839924842 ], [ 666896.684198494185694, 3363817.673912738449872 ], [ 666896.471093958709389, 3363817.776533372234553 ], [ 666909.150865809409879, 3363844.967756950762123 ] ] ] ] } },
{ "type": "Feature", "properties": { "OBJECTID": 223, "Type": "F3" }, "geometry": { "type": "MultiPolygon", "coordinates": [ [ [ [ 666896.471093958709389, 3363817.776533372234553 ], [ 666896.684198494185694, 3363817.673912738449872 ], [ 666896.572998112300411, 3363817.43569811526686 ], [ 666891.491112724994309, 3363806.335818360559642 ], [ 666891.166733509977348, 3363806.487874844577163 ], [ 666894.331563416868448, 3363813.188402449712157 ], [ 666896.471093958709389, 3363817.776533372234553 ] ] ] ] } },
{ "type": "Feature", "properties": { "OBJECTID": 224, "Type": "F3" }, "geometry": { "type": "MultiPolygon", "coordinates": [ [ [ [ 666888.340648812707514, 3363854.98893105937168 ], [ 666887.866300662164576, 3363855.217353733256459 ], [ 666891.174225899507292, 3363862.364500589203089 ], [ 666894.264364490518346, 3363868.21988767478615 ], [ 666894.866444651270285, 3363867.820140403229743 ], [ 666890.544208691571839, 3363859.583156490698457 ], [ 666888.340648812707514, 3363854.98893105937168 ] ] ] ] } },
{ "type": "Feature", "properties": { "OBJECTID": 225, "Type": "F3" }, "geometry": { "type": "MultiPolygon", "coordinates": [ [ [ [ 666887.866300662164576, 3363855.217353733256459 ], [ 666888.340648812707514, 3363854.98893105937168 ], [ 666884.490847513545305, 3363846.962439379654825 ], [ 666879.561634299228899, 3363836.243683422915637 ], [ 666875.61318378651049, 3363827.820674162823707 ], [ 666875.20287928765174, 3363828.018256572540849 ], [ 666880.845575419254601, 3363840.254542089533061 ], [ 666887.453285047435202, 3363854.324986753519624 ], [ 666887.866300662164576, 3363855.217353733256459 ] ] ] ] } },
{ "type": "Feature", "properties": { "OBJECTID": 226, "Type": "F3" }, "geometry": { "type": "MultiPolygon", "coordinates": [ [ [ [ 666875.20287928765174, 3363828.018256572540849 ], [ 666875.61318378651049, 3363827.820674162823707 ], [ 666873.698725887807086, 3363823.736667903140187 ], [ 666870.733766487333924, 3363817.331545991823077 ], [ 666870.237114475574344, 3363817.58594834478572 ], [ 666875.078759061056189, 3363827.749099684413522 ], [ 666875.20287928765174, 3363828.018256572540849 ] ] ] ] } },
{ "type": "Feature", "properties": { "OBJECTID": 227, "Type": "F3" }, "geometry": { "type": "MultiPolygon", "coordinates": [ [ [ [ 667246.804064783849753, 3364684.756146691273898 ], [ 667246.381127002998255, 3364685.027736492455006 ], [ 667248.109871292603202, 3364687.703209335915744 ], [ 667256.281115042744204, 3364700.024263104889542 ], [ 667259.212350210756995, 3364704.240892549976707 ], [ 667259.541939478716813, 3364704.018536897841841 ], [ 667255.448772927047685, 3364697.905001929961145 ], [ 667249.437884601415135, 3364688.832351692486554 ], [ 667246.804064783849753, 3364684.756146691273898 ] ] ] ] } },
{ "type": "Feature", "properties": { "OBJECTID": 228, "Type": "F3" }, "geometry": { "type": "MultiPolygon", "coordinates": [ [ [ [ 667230.798558161244728, 3364659.463061813265085 ], [ 667230.345621278858744, 3364659.750114681664854 ], [ 667232.343903999193572, 3364663.070191060658544 ], [ 667241.163808122160845, 3364676.953208024147898 ], [ 667246.381127002998255, 3364685.027736492455006 ], [ 667246.804064783849753, 3364684.756146691273898 ], [ 667242.491823497111909, 3364678.082349424250424 ], [ 667234.799253380624577, 3364665.879542308393866 ], [ 667230.798558161244728, 3364659.463061813265085 ] ] ] ] } },
{ "type": "Feature", "properties": { "OBJECTID": 229, "Type": "F3" }, "geometry": { "type": "MultiPolygon", "coordinates": [ [ [ [ 667230.345621278858744, 3364659.750114681664854 ], [ 667230.798558161244728, 3364659.463061813265085 ], [ 667228.796938044833951, 3364656.252780666574836 ], [ 667223.734808072214946, 3364647.97084002988413 ], [ 667219.761776312720031, 3364641.208098956383765 ], [ 667219.419115517172031, 3364641.44301699148491 ], [ 667223.722875898471102, 3364648.746656423900276 ], [ 667230.345621278858744, 3364659.750114681664854 ] ] ] ] } },
{ "type": "Feature", "properties": { "OBJECTID": 230, "Type": "F3" }, "geometry": { "type": "MultiPolygon", "coordinates": [ [ [ [ 667228.973790706600994, 3364696.20587007002905 ], [ 667228.65382470341865, 3364696.411336469929665 ], [ 667230.442976767430082, 3364699.183329071383923 ], [ 667238.274238503654487, 3364710.829823303967714 ], [ 667238.824335166718811, 3364710.470175836700946 ], [ 667231.393568085739389, 3364699.863178523257375 ], [ 667228.973790706600994, 3364696.20587007002905 ] ] ] ] } },
{ "type": "Feature", "properties": { "OBJECTID": 231, "Type": "F3" }, "geometry": { "type": "MultiPolygon", "coordinates": [ [ [ [ 667212.869030854315497, 3364670.826062814798206 ], [ 667212.549452243605629, 3364671.028598666191101 ], [ 667216.176718449685723, 3364677.012373008299619 ], [ 667223.215477814199403, 3364687.985525358933955 ], [ 667228.65382470341865, 3364696.411336469929665 ], [ 667228.973790706600994, 3364696.20587007002905 ], [ 667221.90791817358695, 3364685.526344107463956 ], [ 667213.094817089266144, 3364671.199962767772377 ], [ 667212.869030854315497, 3364670.826062814798206 ] ] ] ] } },
{ "type": "Feature", "properties": { "OBJECTID": 232, "Type": "F3" }, "geometry": { "type": "MultiPolygon", "coordinates": [ [ [ [ 667212.549452243605629, 3364671.028598666191101 ], [ 667212.869030854315497, 3364670.826062814798206 ], [ 667203.161089985631406, 3364654.749800974968821 ], [ 667199.305653464281932, 3364647.847894228529185 ], [ 667198.939907368039712, 3364648.032904752064496 ], [ 667201.37310741096735, 3364652.283334464300424 ], [ 667209.053793157916516, 3364665.261931993067265 ], [ 667212.549452243605629, 3364671.028598666191101 ] ] ] ] } },
{ "type": "Feature", "properties": { "OBJECTID": 233, "Type": "F3" }, "geometry": { "type": "MultiPolygon", "coordinates": [ [ [ [ 667692.587317094090395, 3365122.815692668780684 ], [ 667685.805131195229478, 3365130.39647402567789 ], [ 667686.032308431575075, 3365130.597651715856045 ], [ 667700.816377670620568, 3365144.018850488122553 ], [ 667707.924438901711255, 3365150.447897951118648 ], [ 667714.575497430399992, 3365142.900656848214567 ], [ 667709.174443863565102, 3365137.939172941725701 ], [ 667694.486452388809994, 3365124.519544622395188 ], [ 667692.587317094090395, 3365122.815692668780684 ] ] ] ] } },
{ "type": "Feature", "properties": { "OBJECTID": 234, "Type": "F3" }, "geometry": { "type": "MultiPolygon", "coordinates": [ [ [ [ 667685.805131195229478, 3365130.39647402567789 ], [ 667692.587317094090395, 3365122.815692668780684 ], [ 667682.164401610149071, 3365113.464539562352002 ], [ 667670.183010927168652, 3365102.711024597752839 ], [ 667663.326540584443137, 3365110.507464845664799 ], [ 667670.105517808231525, 3365116.493619980290532 ], [ 667685.805131195229478, 3365130.39647402567789 ] ] ] ] } },
{ "type": "Feature", "properties": { "OBJECTID": 235, "Type": "F3" }, "geometry": { "type": "MultiPolygon", "coordinates": [ [ [ [ 667647.895904346369207, 3365082.707943112589419 ], [ 667640.883190996013582, 3365090.612151957117021 ], [ 667642.328417301294394, 3365091.896292488090694 ], [ 667655.410613922635093, 3365103.517329982016236 ], [ 667663.326540584443137, 3365110.507464845664799 ], [ 667670.183010927168652, 3365102.711024597752839 ], [ 667647.895904346369207, 3365082.707943112589419 ] ] ] ] } },
{ "type": "Feature", "properties": { "OBJECTID": 236, "Type": "F3" }, "geometry": { "type": "MultiPolygon", "coordinates": [ [ [ [ 667640.883190996013582, 3365090.612151957117021 ], [ 667647.895904346369207, 3365082.707943112589419 ], [ 667647.852238875930198, 3365082.668752562720329 ], [ 667625.659877900849096, 3365062.671957462560385 ], [ 667618.416691066580825, 3365070.745459232013673 ], [ 667628.487901850719936, 3365079.598449031356722 ], [ 667640.883190996013582, 3365090.612151957117021 ] ] ] ] } },
{ "type": "Feature", "properties": { "OBJECTID": 237, "Type": "F3" }, "geometry": { "type": "MultiPolygon", "coordinates": [ [ [ [ 667618.416691066580825, 3365070.745459232013673 ], [ 667625.659877900849096, 3365062.671957462560385 ], [ 667614.679074021754786, 3365052.777521919924766 ], [ 667603.290968108805828, 3365042.463606760837138 ], [ 667595.823550373432226, 3365050.98201615922153 ], [ 667603.836619307287037, 3365057.931995591148734 ], [ 667613.981638429919258, 3365066.846873789094388 ], [ 667618.416691066580825, 3365070.745459232013673 ] ] ] ] } },
{ "type": "Feature", "properties": { "OBJECTID": 238, "Type": "F3" }, "geometry": { "type": "MultiPolygon", "coordinates": [ [ [ [ 667595.823550373432226, 3365050.98201615922153 ], [ 667603.290968108805828, 3365042.463606760837138 ], [ 667581.171293675433844, 3365022.430385503452271 ], [ 667573.453939810628071, 3365031.018272294662893 ], [ 667580.418892196496017, 3365037.282365075778216 ], [ 667591.603645988740027, 3365047.321964196395129 ], [ 667595.823550373432226, 3365050.98201615922153 ] ] ] ] } },
{ "type": "Feature", "properties": { "OBJECTID": 239, "Type": "F3" }, "geometry": { "type": "MultiPolygon", "coordinates": [ [ [ [ 667558.916039084084332, 3365002.303751723840833 ], [ 667551.233785138232633, 3365010.860732147470117 ], [ 667556.439974174369127, 3365015.626396352425218 ], [ 667568.002257026731968, 3365026.115173912607133 ], [ 667573.453939810628071, 3365031.018272294662893 ], [ 667581.171293675433844, 3365022.430385503452271 ], [ 667578.190874803462066, 3365019.731096647214144 ], [ 667558.916039084084332, 3365002.303751723840833 ] ] ] ] } },
{ "type": "Feature", "properties": { "OBJECTID": 240, "Type": "F3" }, "geometry": { "type": "MultiPolygon", "coordinates": [ [ [ [ 667551.233785138232633, 3365010.860732147470117 ], [ 667558.916039084084332, 3365002.303751723840833 ], [ 667546.630094091058709, 3364991.195413151290268 ], [ 667536.754979418590665, 3364982.125145518220961 ], [ 667528.98854863725137, 3364990.737506327684969 ], [ 667530.757235052413307, 3364992.281255784910172 ], [ 667544.121077465591952, 3365004.349870532285422 ], [ 667551.233785138232633, 3365010.860732147470117 ] ] ] ] } },
{ "type": "Feature", "properties": { "OBJECTID": 241, "Type": "F3" }, "geometry": { "type": "MultiPolygon", "coordinates": [ [ [ [ 667528.98854863725137, 3364990.737506327684969 ], [ 667536.754979418590665, 3364982.125145518220961 ], [ 667521.709080091677606, 3364968.305525372270495 ], [ 667514.323682897724211, 3364961.831662822980434 ], [ 667506.708755344501697, 3364970.60112948063761 ], [ 667508.00999220169615, 3364971.753003763500601 ], [ 667517.956178644672036, 3364981.108204580377787 ], [ 667528.98854863725137, 3364990.737506327684969 ] ] ] ] } },
{ "type": "Feature", "properties": { "OBJECTID": 242, "Type": "F3" }, "geometry": { "type": "MultiPolygon", "coordinates": [ [ [ [ 667506.708755344501697, 3364970.60112948063761 ], [ 667514.323682897724211, 3364961.831662822980434 ], [ 667491.84515220252797, 3364942.127520418260247 ], [ 667484.124995389720425, 3364950.87420846754685 ], [ 667485.252417433890514, 3364951.889875387307256 ], [ 667496.53855012904387, 3364961.598312066867948 ], [ 667506.708755344501697, 3364970.60112948063761 ] ] ] ] } },
{ "type": "Feature", "properties": { "OBJECTID": 243, "Type": "F3" }, "geometry": { "type": "MultiPolygon", "coordinates": [ [ [ [ 667469.364382217521779, 3364922.541531195864081 ], [ 667461.747403818299063, 3364930.928824635688215 ], [ 667462.596048505743966, 3364931.695744397118688 ], [ 667475.110687278676778, 3364942.753438963089138 ], [ 667484.124995389720425, 3364950.87420846754685 ], [ 667491.84515220252797, 3364942.127520418260247 ], [ 667491.841495699365623, 3364942.124315215274692 ], [ 667469.364382217521779, 3364922.541531195864081 ] ] ] ] } },
{ "type": "Feature", "properties": { "OBJECTID": 244, "Type": "F3" }, "geometry": { "type": "MultiPolygon", "coordinates": [ [ [ [ 667461.747403818299063, 3364930.928824635688215 ], [ 667469.364382217521779, 3364922.541531195864081 ], [ 667468.135064023430459, 3364921.470509656239301 ], [ 667446.691926916595548, 3364902.670546104665846 ], [ 667439.499599353177473, 3364910.77432405995205 ], [ 667449.990425967494957, 3364920.304049880709499 ], [ 667461.747403818299063, 3364930.928824635688215 ] ] ] ] } },
{ "type": "Feature", "properties": { "OBJECTID": 245, "Type": "F3" }, "geometry": { "type": "MultiPolygon", "coordinates": [ [ [ [ 667439.499599353177473, 3364910.77432405995205 ], [ 667446.691926916595548, 3364902.670546104665846 ], [ 667441.491106335539371, 3364898.110801097471267 ], [ 667424.598017010372132, 3364882.633494178298861 ], [ 667417.12444970861543, 3364890.828026561066508 ], [ 667425.81882945576217, 3364898.645436001941562 ], [ 667437.575144079048187, 3364909.026174768339843 ], [ 667439.499599353177473, 3364910.77432405995205 ] ] ] ] } },
{ "type": "Feature", "properties": { "OBJECTID": 246, "Type": "F3" }, "geometry": { "type": "MultiPolygon", "coordinates": [ [ [ [ 667417.12444970861543, 3364890.828026561066508 ], [ 667424.598017010372132, 3364882.633494178298861 ], [ 667410.598766482435167, 3364869.807498122565448 ], [ 667402.490174280013889, 3364862.382877530064434 ], [ 667394.901514791301452, 3364870.679029956459999 ], [ 667400.319074554136023, 3364875.857816178351641 ], [ 667407.427575093577616, 3364882.286650446243584 ], [ 667413.02267597115133, 3364887.139983748085797 ], [ 667417.12444970861543, 3364890.828026561066508 ] ] ] ] } },
{ "type": "Feature", "properties": { "OBJECTID": 247, "Type": "F3" }, "geometry": { "type": "MultiPolygon", "coordinates": [ [ [ [ 667380.600336599047296, 3364842.176944404840469 ], [ 667372.984613138716668, 3364850.237019823398441 ], [ 667376.066644475678913, 3364853.200237911660224 ], [ 667381.93798422627151, 3364858.833906615152955 ], [ 667389.238581742509268, 3364865.265685031656176 ], [ 667394.901514791301452, 3364870.679029956459999 ], [ 667402.490174280013889, 3364862.382877530064434 ], [ 667382.643643030663952, 3364844.210430214181542 ], [ 667380.600336599047296, 3364842.176944404840469 ] ] ] ] } },
{ "type": "Feature", "properties": { "OBJECTID": 248, "Type": "F3" }, "geometry": { "type": "MultiPolygon", "coordinates": [ [ [ [ 667372.984613138716668, 3364850.237019823398441 ], [ 667380.600336599047296, 3364842.176944404840469 ], [ 667367.594417057000101, 3364829.233534439932555 ], [ 667360.777599704451859, 3364822.587477289605886 ], [ 667359.575997857027687, 3364821.340815804898739 ], [ 667351.891990926931612, 3364828.985677087679505 ], [ 667353.826521964161657, 3364830.906310461461544 ], [ 667366.69158459524624, 3364844.186589451041073 ], [ 667372.984613138716668, 3364850.237019823398441 ] ] ] ] } },
{ "type": "Feature", "properties": { "OBJECTID": 249, "Type": "F3" }, "geometry": { "type": "MultiPolygon", "coordinates": [ [ [ [ 667338.981100429664366, 3364800.003077231347561 ], [ 667330.919831307372078, 3364807.609594471752644 ], [ 667340.101816184353083, 3364817.280202914960682 ], [ 667351.891990926931612, 3364828.985677087679505 ], [ 667359.575997857027687, 3364821.340815804898739 ], [ 667340.819359783781692, 3364801.88081054482609 ], [ 667338.981100429664366, 3364800.003077231347561 ] ] ] ] } },
{ "type": "Feature", "properties": { "OBJECTID": 250, "Type": "F3" }, "geometry": { "type": "MultiPolygon", "coordinates": [ [ [ [ 667330.919831307372078, 3364807.609594471752644 ], [ 667338.981100429664366, 3364800.003077231347561 ], [ 667331.45275357819628, 3364792.313070026692003 ], [ 667319.436895373160951, 3364778.117677548900247 ], [ 667310.969366445671767, 3364785.338878181297332 ], [ 667316.37550383922644, 3364791.637542936485261 ], [ 667328.564679268747568, 3364805.129111929330975 ], [ 667330.919831307372078, 3364807.609594471752644 ] ] ] ] } },
{ "type": "Feature", "properties": { "OBJECTID": 251, "Type": "F3" }, "geometry": { "type": "MultiPolygon", "coordinates": [ [ [ [ 667300.054756347206421, 3364755.469086087774485 ], [ 667291.868573635118082, 3364762.244051733054221 ], [ 667302.875270385062322, 3364775.908485671505332 ], [ 667310.969366445671767, 3364785.338878181297332 ], [ 667319.436895373160951, 3364778.117677548900247 ], [ 667318.616582449409179, 3364777.148569582495838 ], [ 667310.773508073296398, 3364768.491168076172471 ], [ 667302.185734372353181, 3364758.270113475155085 ], [ 667300.054756347206421, 3364755.469086087774485 ] ] ] ] } },
{ "type": "Feature", "properties": { "OBJECTID": 252, "Type": "F3" }, "geometry": { "type": "MultiPolygon", "coordinates": [ [ [ [ 667291.868573635118082, 3364762.244051733054221 ], [ 667300.054756347206421, 3364755.469086087774485 ], [ 667289.469438578933477, 3364741.555397337768227 ], [ 667282.406097894534469, 3364732.151005297433585 ], [ 667273.507537372992374, 3364738.680793086532503 ], [ 667277.890694621251896, 3364744.592316555790603 ], [ 667289.673473698901944, 3364759.518910962156951 ], [ 667291.868573635118082, 3364762.244051733054221 ] ] ] ] } },
{ "type": "Feature", "properties": { "OBJECTID": 253, "Type": "F3" }, "geometry": { "type": "MultiPolygon", "coordinates": [ [ [ [ 667273.507537372992374, 3364738.680793086532503 ], [ 667282.406097894534469, 3364732.151005297433585 ], [ 667264.702394839841872, 3364708.579642746597528 ], [ 667264.51386513619218, 3364708.329190157819539 ], [ 667255.992362538003363, 3364714.368713902775198 ], [ 667256.905346186249517, 3364715.666035980451852 ], [ 667266.498943022685125, 3364729.228366983123124 ], [ 667273.507537372992374, 3364738.680793086532503 ] ] ] ] } },
{ "type": "Feature", "properties": { "OBJECTID": 254, "Type": "F3" }, "geometry": { "type": "MultiPolygon", "coordinates": [ [ [ [ 667255.992362538003363, 3364714.368713902775198 ], [ 667264.51386513619218, 3364708.329190157819539 ], [ 667262.253799342550337, 3364705.326802108902484 ], [ 667259.806992429308593, 3364701.963217939715832 ], [ 667254.170207781950012, 3364693.561548193916678 ], [ 667247.949218570138328, 3364684.020785360131413 ], [ 667246.804064783849753, 3364684.756146691273898 ], [ 667249.437884601415135, 3364688.832351692486554 ], [ 667255.448772927047685, 3364697.905001929961145 ], [ 667259.541939478716813, 3364704.018536897841841 ], [ 667259.212350210756995, 3364704.240892549976707 ], [ 667256.281115042744204, 3364700.024263104889542 ], [ 667248.109871292603202, 3364687.703209335915744 ], [ 667246.381127002998255, 3364685.027736492455006 ], [ 667239.123222337919287, 3364689.688405216205865 ], [ 667239.986458929837681, 3364691.015166483353823 ], [ 667247.124763731495477, 3364701.76812490914017 ], [ 667255.992362538003363, 3364714.368713902775198 ] ] ] ] } },
{ "type": "Feature", "properties": { "OBJECTID": 255, "Type": "F3" }, "geometry": { "type": "MultiPolygon", "coordinates": [ [ [ [ 667231.963786316802725, 3364658.724587871693075 ], [ 667230.798558161244728, 3364659.463061813265085 ], [ 667234.799253380624577, 3364665.879542308393866 ], [ 667242.491823497111909, 3364678.082349424250424 ], [ 667246.804064783849753, 3364684.756146691273898 ], [ 667247.949218570138328, 3364684.020785360131413 ], [ 667246.283792953938246, 3364681.466620695777237 ], [ 667240.650396470911801, 3364672.843268804717809 ], [ 667231.963786316802725, 3364658.724587871693075 ] ] ] ] } },
{ "type": "Feature", "properties": { "OBJECTID": 256, "Type": "F3" }, "geometry": { "type": "MultiPolygon", "coordinates": [ [ [ [ 667230.798558161244728, 3364659.463061813265085 ], [ 667231.963786316802725, 3364658.724587871693075 ], [ 667220.680177692789584, 3364640.384905635379255 ], [ 667217.004184911143966, 3364633.562591468915343 ], [ 667207.798122007865459, 3364638.695391992107034 ], [ 667214.098094283835962, 3364649.707343752495944 ], [ 667221.59512664412614, 3364662.128769536036998 ], [ 667223.007387977908365, 3364664.400786778423935 ], [ 667230.345621278858744, 3364659.750114681664854 ], [ 667223.722875898471102, 3364648.746656423900276 ], [ 667219.419115517172031, 3364641.44301699148491 ], [ 667219.761776312720031, 3364641.208098956383765 ], [ 667223.734808072214946, 3364647.97084002988413 ], [ 667228.796938044833951, 3364656.252780666574836 ], [ 667230.798558161244728, 3364659.463061813265085 ] ] ] ] } },
{ "type": "Feature", "properties": { "OBJECTID": 257, "Type": "F3" }, "geometry": { "type": "MultiPolygon", "coordinates": [ [ [ [ 667230.345621278858744, 3364659.750114681664854 ], [ 667223.007387977908365, 3364664.400786778423935 ], [ 667230.222878690576181, 3364676.008921136148274 ], [ 667239.123222337919287, 3364689.688405216205865 ], [ 667246.381127002998255, 3364685.027736492455006 ], [ 667241.163808122160845, 3364676.953208024147898 ], [ 667232.343903999193572, 3364663.070191060658544 ], [ 667230.345621278858744, 3364659.750114681664854 ] ] ] ] } },
{ "type": "Feature", "properties": { "OBJECTID": 258, "Type": "F3" }, "geometry": { "type": "MultiPolygon", "coordinates": [ [ [ [ 667207.798122007865459, 3364638.695391992107034 ], [ 667217.004184911143966, 3364633.562591468915343 ], [ 667204.235751937376335, 3364609.865520682185888 ], [ 667203.055803855415434, 3364607.530328530818224 ], [ 667193.461605113814585, 3364612.436577650718391 ], [ 667195.301112784771249, 3364615.936622702516615 ], [ 667206.61127184832003, 3364636.620853227097541 ], [ 667207.798122007865459, 3364638.695391992107034 ] ] ] ] } },
{ "type": "Feature", "properties": { "OBJECTID": 259, "Type": "F3" }, "geometry": { "type": "MultiPolygon", "coordinates": [ [ [ [ 667193.461605113814585, 3364612.436577650718391 ], [ 667203.055803855415434, 3364607.530328530818224 ], [ 667189.663036137353629, 3364581.025191110093147 ], [ 667179.875974360620603, 3364585.746694694738835 ], [ 667186.431031517335214, 3364599.059452501591295 ], [ 667193.461605113814585, 3364612.436577650718391 ] ] ] ] } },
{ "type": "Feature", "properties": { "OBJECTID": 260, "Type": "F3" }, "geometry": { "type": "MultiPolygon", "coordinates": [ [ [ [ 667177.515344991581514, 3364554.412971582729369 ], [ 667167.305768250138499, 3364558.652721672784537 ], [ 667175.154873366118409, 3364576.15854426054284 ], [ 667179.875974360620603, 3364585.746694694738835 ], [ 667189.663036137353629, 3364581.025191110093147 ], [ 667189.500185787212104, 3364580.702899930533022 ], [ 667177.515344991581514, 3364554.412971582729369 ] ] ] ] } },
{ "type": "Feature", "properties": { "OBJECTID": 261, "Type": "F3" }, "geometry": { "type": "MultiPolygon", "coordinates": [ [ [ [ 667167.305768250138499, 3364558.652721672784537 ], [ 667177.515344991581514, 3364554.412971582729369 ], [ 667171.278843605658039, 3364540.732591728214175 ], [ 667165.748882566578686, 3364526.783803371712565 ], [ 667155.542372063035145, 3364531.048760097939521 ], [ 667159.638014174066484, 3364541.551365464925766 ], [ 667167.305768250138499, 3364558.652721672784537 ] ] ] ] } },
{ "type": "Feature", "properties": { "OBJECTID": 262, "Type": "F3" }, "geometry": { "type": "MultiPolygon", "coordinates": [ [ [ [ 667155.542372063035145, 3364531.048760097939521 ], [ 667165.748882566578686, 3364526.783803371712565 ], [ 667156.199070532107726, 3364502.695332227740437 ], [ 667154.88294335687533, 3364499.183063610922545 ], [ 667144.66376493871212, 3364503.152348625473678 ], [ 667155.542372063035145, 3364531.048760097939521 ] ] ] ] } },
{ "type": "Feature", "properties": { "OBJECTID": 263, "Type": "F3" }, "geometry": { "type": "MultiPolygon", "coordinates": [ [ [ [ 667144.66376493871212, 3364503.152348625473678 ], [ 667154.88294335687533, 3364499.183063610922545 ], [ 667144.486750182695687, 3364471.439374621026218 ], [ 667134.412808781373315, 3364475.032587491441518 ], [ 667143.458015384618193, 3364500.060400795191526 ], [ 667144.66376493871212, 3364503.152348625473678 ] ] ] ] } },
{ "type": "Feature", "properties": { "OBJECTID": 264, "Type": "F3" }, "geometry": { "type": "MultiPolygon", "coordinates": [ [ [ [ 667134.192408281494863, 3364443.194300774019212 ], [ 667124.00384118326474, 3364446.88308718521148 ], [ 667131.289984371047467, 3364466.391826726961881 ], [ 667134.412808781373315, 3364475.032587491441518 ], [ 667144.486750182695687, 3364471.439374621026218 ], [ 667140.320871660253033, 3364460.322147751692683 ], [ 667134.192408281494863, 3364443.194300774019212 ] ] ] ] } },
{ "type": "Feature", "properties": { "OBJECTID": 265, "Type": "F3" }, "geometry": { "type": "MultiPolygon", "coordinates": [ [ [ [ 667124.00384118326474, 3364446.88308718521148 ], [ 667134.192408281494863, 3364443.194300774019212 ], [ 667128.43421746743843, 3364427.101292619481683 ], [ 667124.084994000033475, 3364415.011595355346799 ], [ 667113.754276014049537, 3364418.698566988576204 ], [ 667118.921272059669718, 3364433.274444769136608 ], [ 667124.00384118326474, 3364446.88308718521148 ] ] ] ] } },
{ "type": "Feature", "properties": { "OBJECTID": 266, "Type": "F3" }, "geometry": { "type": "MultiPolygon", "coordinates": [ [ [ [ 667113.810136927291751, 3364386.670773856341839 ], [ 667103.647876461851411, 3364390.426392156165093 ], [ 667106.118044695002027, 3364397.157080711331218 ], [ 667113.754276014049537, 3364418.698566988576204 ], [ 667124.084994000033475, 3364415.011595355346799 ], [ 667118.849008577293716, 3364400.456933099776506 ], [ 667113.810136927291751, 3364386.670773856341839 ] ] ] ] } },
{ "type": "Feature", "properties": { "OBJECTID": 267, "Type": "F3" }, "geometry": { "type": "MultiPolygon", "coordinates": [ [ [ [ 667103.647876461851411, 3364390.426392156165093 ], [ 667113.810136927291751, 3364386.670773856341839 ], [ 667108.335348431719467, 3364371.691962870769203 ], [ 667103.517485682736151, 3364358.544738998170942 ], [ 667093.369785348768346, 3364362.252538891974837 ], [ 667095.23363615386188, 3364367.499358206056058 ], [ 667103.647876461851411, 3364390.426392156165093 ] ] ] ] } },
{ "type": "Feature", "properties": { "OBJECTID": 268, "Type": "F3" }, "geometry": { "type": "MultiPolygon", "coordinates": [ [ [ [ 667093.196903812349774, 3364330.381421068217605 ], [ 667083.327466733055189, 3364333.982984736561775 ], [ 667093.369785348768346, 3364362.252538891974837 ], [ 667103.517485682736151, 3364358.544738998170942 ], [ 667093.196903812349774, 3364330.381421068217605 ] ] ] ] } },
{ "type": "Feature", "properties": { "OBJECTID": 269, "Type": "F3" }, "geometry": { "type": "MultiPolygon", "coordinates": [ [ [ [ 667083.327466733055189, 3364333.982984736561775 ], [ 667093.196903812349774, 3364330.381421068217605 ], [ 667092.932055787066929, 3364329.658690583426505 ], [ 667083.106622269144282, 3364302.160212035756558 ], [ 667073.03564903291408, 3364305.809181843884289 ], [ 667082.244966494385153, 3364330.935700509231538 ], [ 667083.327466733055189, 3364333.982984736561775 ] ] ] ] } },
{ "type": "Feature", "properties": { "OBJECTID": 270, "Type": "F3" }, "geometry": { "type": "MultiPolygon", "coordinates": [ [ [ [ 667073.03564903291408, 3364305.809181843884289 ], [ 667083.106622269144282, 3364302.160212035756558 ], [ 667077.636552623822354, 3364286.851107097230852 ], [ 667073.209805594524369, 3364274.117793607991189 ], [ 667062.937744434922934, 3364277.607326637487859 ], [ 667069.331765616778284, 3364295.703579970635474 ], [ 667073.03564903291408, 3364305.809181843884289 ] ] ] ] } },
{ "type": "Feature", "properties": { "OBJECTID": 271, "Type": "F3" }, "geometry": { "type": "MultiPolygon", "coordinates": [ [ [ [ 667062.937744434922934, 3364277.607326637487859 ], [ 667073.209805594524369, 3364274.117793607991189 ], [ 667070.173969251103699, 3364265.385364217218012 ], [ 667060.442675314727239, 3364237.937025878578424 ], [ 667050.272577680414543, 3364241.512798170093447 ], [ 667060.228089413139969, 3364269.938505667727441 ], [ 667062.937744434922934, 3364277.607326637487859 ] ] ] ] } },
{ "type": "Feature", "properties": { "OBJECTID": 272, "Type": "F3" }, "geometry": { "type": "MultiPolygon", "coordinates": [ [ [ [ 667050.272577680414543, 3364241.512798170093447 ], [ 667060.442675314727239, 3364237.937025878578424 ], [ 667050.408454765798524, 3364209.634244933724403 ], [ 667040.353155963355675, 3364213.195094656199217 ], [ 667043.64203826058656, 3364222.580795560963452 ], [ 667050.272577680414543, 3364241.512798170093447 ] ] ] ] } },
{ "type": "Feature", "properties": { "OBJECTID": 273, "Type": "F3" }, "geometry": { "type": "MultiPolygon", "coordinates": [ [ [ [ 667040.466995576513, 3364181.360789043363184 ], [ 667030.417251075617969, 3364184.893499885685742 ], [ 667032.041424031718634, 3364189.475355589296669 ], [ 667040.353155963355675, 3364213.195094656199217 ], [ 667050.408454765798524, 3364209.634244933724403 ], [ 667044.390008070040494, 3364192.658459158148617 ], [ 667040.466995576513, 3364181.360789043363184 ] ] ] ] } },
{ "type": "Feature", "properties": { "OBJECTID": 274, "Type": "F3" }, "geometry": { "type": "MultiPolygon", "coordinates": [ [ [ [ 667030.417251075617969, 3364184.893499885685742 ], [ 667040.466995576513, 3364181.360789043363184 ], [ 667030.601893905550241, 3364152.950819788035005 ], [ 667020.389879752648994, 3364156.605891525745392 ], [ 667030.417251075617969, 3364184.893499885685742 ] ] ] ] } },
{ "type": "Feature", "properties": { "OBJECTID": 275, "Type": "F3" }, "geometry": { "type": "MultiPolygon", "coordinates": [ [ [ [ 667020.615935117355548, 3364124.63795349933207 ], [ 667010.243431492126547, 3364128.370004191529006 ], [ 667018.132190497824922, 3364150.23686145991087 ], [ 667020.389879752648994, 3364156.605891525745392 ], [ 667030.601893905550241, 3364152.950819788035005 ], [ 667028.560211356729269, 3364147.071089363191277 ], [ 667020.615935117355548, 3364124.63795349933207 ] ] ] ] } },
{ "type": "Feature", "properties": { "OBJECTID": 276, "Type": "F3" }, "geometry": { "type": "MultiPolygon", "coordinates": [ [ [ [ 667010.243431492126547, 3364128.370004191529006 ], [ 667020.615935117355548, 3364124.63795349933207 ], [ 667016.401655849535018, 3364112.737624691799283 ], [ 667010.591113065835088, 3364096.391619191039354 ], [ 667000.254145978251472, 3364100.086514628026634 ], [ 667005.5033833689522, 3364115.231061085127294 ], [ 667010.243431492126547, 3364128.370004191529006 ] ] ] ] } },
{ "type": "Feature", "properties": { "OBJECTID": 277, "Type": "F3" }, "geometry": { "type": "MultiPolygon", "coordinates": [ [ [ [ 667000.553542036097497, 3364068.154293113388121 ], [ 666990.387210629181936, 3364071.76085414737463 ], [ 666994.183970261598006, 3364082.573483438696712 ], [ 667000.254145978251472, 3364100.086514628026634 ], [ 667010.591113065835088, 3364096.391619191039354 ], [ 667000.553542036097497, 3364068.154293113388121 ] ] ] ] } },
{ "type": "Feature", "properties": { "OBJECTID": 278, "Type": "F3" }, "geometry": { "type": "MultiPolygon", "coordinates": [ [ [ [ 666990.387210629181936, 3364071.76085414737463 ], [ 667000.553542036097497, 3364068.154293113388121 ], [ 666998.25290225201752, 3364061.682217789813876 ], [ 666990.376828890992329, 3364039.86534474696964 ], [ 666980.415282665751874, 3364043.454836366698146 ], [ 666981.384944494115189, 3364046.123685634229332 ], [ 666990.387210629181936, 3364071.76085414737463 ] ] ] ] } },
{ "type": "Feature", "properties": { "OBJECTID": 279, "Type": "F3" }, "geometry": { "type": "MultiPolygon", "coordinates": [ [ [ [ 666980.415282665751874, 3364043.454836366698146 ], [ 666990.376828890992329, 3364039.86534474696964 ], [ 666981.751770072150975, 3364015.973767736926675 ], [ 666980.109242338803597, 3364011.373393559828401 ], [ 666970.15321026428137, 3364015.210015736985952 ], [ 666980.415282665751874, 3364043.454836366698146 ] ] ] ] } },
{ "type": "Feature", "properties": { "OBJECTID": 280, "Type": "F3" }, "geometry": { "type": "MultiPolygon", "coordinates": [ [ [ [ 666970.15321026428137, 3364015.210015736985952 ], [ 666980.109242338803597, 3364011.373393559828401 ], [ 666970.183412779122591, 3363983.573235874529928 ], [ 666960.133193217334338, 3363987.036126928869635 ], [ 666970.043162639252841, 3364014.907126095611602 ], [ 666970.15321026428137, 3364015.210015736985952 ] ] ] ] } },
{ "type": "Feature", "properties": { "OBJECTID": 281, "Type": "F3" }, "geometry": { "type": "MultiPolygon", "coordinates": [ [ [ [ 666958.937316941213794, 3363954.897311626467854 ], [ 666949.252790302503854, 3363958.91951166279614 ], [ 666959.816934593487531, 3363986.146674755495042 ], [ 666960.133193217334338, 3363987.036126928869635 ], [ 666970.183412779122591, 3363983.573235874529928 ], [ 666968.298706665169448, 3363978.294571069069207 ], [ 666958.937316941213794, 3363954.897311626467854 ] ] ] ] } },
{ "type": "Feature", "properties": { "OBJECTID": 282, "Type": "F3" }, "geometry": { "type": "MultiPolygon", "coordinates": [ [ [ [ 666949.252790302503854, 3363958.91951166279614 ], [ 666958.937316941213794, 3363954.897311626467854 ], [ 666948.214158262591809, 3363928.096533852163702 ], [ 666947.721171095152386, 3363926.951411386951804 ], [ 666937.83623142214492, 3363931.153408921323717 ], [ 666947.613710821839049, 3363954.695082015357912 ], [ 666949.252790302503854, 3363958.91951166279614 ] ] ] ] } },
{ "type": "Feature", "properties": { "OBJECTID": 283, "Type": "F3" }, "geometry": { "type": "MultiPolygon", "coordinates": [ [ [ [ 666937.83623142214492, 3363931.153408921323717 ], [ 666947.721171095152386, 3363926.951411386951804 ], [ 666935.756527152610943, 3363899.159648288041353 ], [ 666926.103674884303473, 3363903.483562578912824 ], [ 666933.896805958356708, 3363921.668278587050736 ], [ 666937.83623142214492, 3363931.153408921323717 ] ] ] ] } },
{ "type": "Feature", "properties": { "OBJECTID": 284, "Type": "F3" }, "geometry": { "type": "MultiPolygon", "coordinates": [ [ [ [ 666926.103674884303473, 3363903.483562578912824 ], [ 666935.756527152610943, 3363899.159648288041353 ], [ 666931.974439553800039, 3363890.374524128157645 ], [ 666923.472461226512678, 3363871.275955319404602 ], [ 666913.765135780908167, 3363876.017778905108571 ], [ 666919.979216264560819, 3363889.192574829794466 ], [ 666926.103674884303473, 3363903.483562578912824 ] ] ] ] } },
{ "type": "Feature", "properties": { "OBJECTID": 285, "Type": "F3" }, "geometry": { "type": "MultiPolygon", "coordinates": [ [ [ [ 666910.572233156068251, 3363844.283296540845186 ], [ 666909.417079137638211, 3363844.839561742264777 ], [ 666912.580831032944843, 3363851.495532951783389 ], [ 666916.057923515909351, 3363858.36417669756338 ], [ 666915.740529380855151, 3363858.528603207319975 ], [ 666911.358971264911816, 3363849.702943816315383 ], [ 666909.150865809409879, 3363844.967756950762123 ], [ 666900.597776727634482, 3363849.086502798832953 ], [ 666906.38967235351447, 3363860.380674467422068 ], [ 666913.765135780908167, 3363876.017778905108571 ], [ 666923.472461226512678, 3363871.275955319404602 ], [ 666919.153644659672864, 3363861.574305632617325 ], [ 666910.572233156068251, 3363844.283296540845186 ] ] ] ] } },
{ "type": "Feature", "properties": { "OBJECTID": 286, "Type": "F3" }, "geometry": { "type": "MultiPolygon", "coordinates": [ [ [ [ 666909.417079137638211, 3363844.839561742264777 ], [ 666910.572233156068251, 3363844.283296540845186 ], [ 666898.084832892636769, 3363819.121963653713465 ], [ 666897.337247401010245, 3363817.359436594415456 ], [ 666896.684198494185694, 3363817.673912738449872 ], [ 666906.529190540313721, 3363838.763957839924842 ], [ 666909.417079137638211, 3363844.839561742264777 ] ] ] ] } },
{ "type": "Feature", "properties": { "OBJECTID": 287, "Type": "F3" }, "geometry": { "type": "MultiPolygon", "coordinates": [ [ [ [ 666900.597776727634482, 3363849.086502798832953 ], [ 666909.150865809409879, 3363844.967756950762123 ], [ 666896.471093958709389, 3363817.776533372234553 ], [ 666887.410946252173744, 3363822.139453645329922 ], [ 666892.579046038095839, 3363833.450012292247266 ], [ 666900.597776727634482, 3363849.086502798832953 ] ] ] ] } },
{ "type": "Feature", "properties": { "OBJECTID": 288, "Type": "F3" }, "geometry": { "type": "MultiPolygon", "coordinates": [ [ [ [ 666896.684198494185694, 3363817.673912738449872 ], [ 666897.337247401010245, 3363817.359436594415456 ], [ 666888.902337540290318, 3363797.473073043860495 ], [ 666885.950328062637709, 3363790.188265553209931 ], [ 666875.343763914541341, 3363794.82619777880609 ], [ 666879.468100908328779, 3363804.756271855439991 ], [ 666887.410946252173744, 3363822.139453645329922 ], [ 666896.471093958709389, 3363817.776533372234553 ], [ 666894.331563416868448, 3363813.188402449712157 ], [ 666891.166733509977348, 3363806.487874844577163 ], [ 666891.491112724994309, 3363806.335818360559642 ], [ 666896.572998112300411, 3363817.43569811526686 ], [ 666896.684198494185694, 3363817.673912738449872 ] ] ] ] } },
{ "type": "Feature", "properties": { "OBJECTID": 289, "Type": "F3" }, "geometry": { "type": "MultiPolygon", "coordinates": [ [ [ [ 666875.343763914541341, 3363794.82619777880609 ], [ 666885.950328062637709, 3363790.188265553209931 ], [ 666883.161015972029418, 3363783.304953773040324 ], [ 666875.444472576258704, 3363766.334956136997789 ], [ 666874.040864608483389, 3363763.155931757763028 ], [ 666863.840180449187756, 3363767.248784949537367 ], [ 666866.770351625513285, 3363774.184184469282627 ], [ 666875.343763914541341, 3363794.82619777880609 ] ] ] ] } },
{ "type": "Feature", "properties": { "OBJECTID": 290, "Type": "F3" }, "geometry": { "type": "MultiPolygon", "coordinates": [ [ [ [ 666862.1879493878223, 3363735.871816857717931 ], [ 666852.233834038604982, 3363739.645790588576347 ], [ 666852.673764891456813, 3363740.81908223265782 ], [ 666863.840180449187756, 3363767.248784949537367 ], [ 666874.040864608483389, 3363763.155931757763028 ], [ 666868.199767067329958, 3363749.926460344344378 ], [ 666862.1879493878223, 3363735.871816857717931 ] ] ] ] } },
{ "type": "Feature", "properties": { "OBJECTID": 291, "Type": "F3" }, "geometry": { "type": "MultiPolygon", "coordinates": [ [ [ [ 666852.233834038604982, 3363739.645790588576347 ], [ 666862.1879493878223, 3363735.871816857717931 ], [ 666861.612278467277065, 3363734.525992684997618 ], [ 666854.681305361795239, 3363716.45935711171478 ], [ 666851.845213147229515, 3363708.223669852130115 ], [ 666841.791077791829593, 3363711.629307297058403 ], [ 666843.809982135542668, 3363717.179453009739518 ], [ 666852.233834038604982, 3363739.645790588576347 ] ] ] ] } },
{ "type": "Feature", "properties": { "OBJECTID": 292, "Type": "F3" }, "geometry": { "type": "MultiPolygon", "coordinates": [ [ [ [ 666842.26413221785333, 3363679.949392307084054 ], [ 666832.093635632423684, 3363683.266816158313304 ], [ 666837.077948109712452, 3363698.672499025706202 ], [ 666841.791077791829593, 3363711.629307297058403 ], [ 666851.845213147229515, 3363708.223669852130115 ], [ 666847.964592470787466, 3363696.954791463445872 ], [ 666843.546237912494689, 3363684.248319092206657 ], [ 666842.26413221785333, 3363679.949392307084054 ] ] ] ] } },
{ "type": "Feature", "properties": { "OBJECTID": 293, "Type": "F3" }, "geometry": { "type": "MultiPolygon", "coordinates": [ [ [ [ 666832.093635632423684, 3363683.266816158313304 ], [ 666842.26413221785333, 3363679.949392307084054 ], [ 666833.823821432306431, 3363651.648856504354626 ], [ 666823.472062074928544, 3363654.61441722791642 ], [ 666827.993820710340515, 3363670.594968478195369 ], [ 666832.093635632423684, 3363683.266816158313304 ] ] ] ] } },
{ "type": "Feature", "properties": { "OBJECTID": 294, "Type": "F3" }, "geometry": { "type": "MultiPolygon", "coordinates": [ [ [ [ 666825.340122070745565, 3363622.740248103160411 ], [ 666815.207242695963942, 3363625.752542788162827 ], [ 666819.42401127202902, 3363640.308018205687404 ], [ 666823.472062074928544, 3363654.61441722791642 ], [ 666833.823821432306431, 3363651.648856504354626 ], [ 666831.389001023489982, 3363643.484853554051369 ], [ 666825.340122070745565, 3363622.740248103160411 ] ] ] ] } },
{ "type": "Feature", "properties": { "OBJECTID": 295, "Type": "F3" }, "geometry": { "type": "MultiPolygon", "coordinates": [ [ [ [ 666815.207242695963942, 3363625.752542788162827 ], [ 666825.340122070745565, 3363622.740248103160411 ], [ 666816.942094187019393, 3363593.939246070105582 ], [ 666806.807922159787267, 3363596.951923686545342 ], [ 666811.939336994895712, 3363614.472359814215451 ], [ 666815.207242695963942, 3363625.752542788162827 ] ] ] ] } },
{ "type": "Feature", "properties": { "OBJECTID": 296, "Type": "F3" }, "geometry": { "type": "MultiPolygon", "coordinates": [ [ [ [ 666806.807922159787267, 3363596.951923686545342 ], [ 666816.942094187019393, 3363593.939246070105582 ], [ 666814.405951146502048, 3363585.241553959902376 ], [ 666808.074971956782974, 3363564.671090721618384 ], [ 666798.335968066938221, 3363568.042155492585152 ], [ 666806.003018722869456, 3363594.203703223261982 ], [ 666806.807922159787267, 3363596.951923686545342 ] ] ] ] } },
{ "type": "Feature", "properties": { "OBJECTID": 297, "Type": "F3" }, "geometry": { "type": "MultiPolygon", "coordinates": [ [ [ [ 667684.667815770488232, 3365131.667707179207355 ], [ 667677.433256747201085, 3365139.754128133878112 ], [ 667696.011575982673094, 3365156.472637970466167 ], [ 667699.991972348536365, 3365160.081738413311541 ], [ 667707.040925266453996, 3365151.653757191263139 ], [ 667692.253454489866272, 3365138.454239739105105 ], [ 667684.667815770488232, 3365131.667707179207355 ] ] ] ] } },
{ "type": "Feature", "properties": { "OBJECTID": 298, "Type": "F3" }, "geometry": { "type": "MultiPolygon", "coordinates": [ [ [ [ 667677.433256747201085, 3365139.754128133878112 ], [ 667684.667815770488232, 3365131.667707179207355 ], [ 667678.509133344981819, 3365126.157808757852763 ], [ 667665.234831596724689, 3365114.533777094446123 ], [ 667662.162114176200703, 3365111.831525253131986 ], [ 667655.200750487507321, 3365119.747238926589489 ], [ 667677.433256747201085, 3365139.754128133878112 ] ] ] ] } },
{ "type": "Feature", "properties": { "OBJECTID": 299, "Type": "F3" }, "geometry": { "type": "MultiPolygon", "coordinates": [ [ [ [ 667639.667280526948161, 3365091.982635791879147 ], [ 667632.753653680789284, 3365099.775161699391901 ], [ 667645.872264398843981, 3365111.352594370488077 ], [ 667655.200750487507321, 3365119.747238926589489 ], [ 667662.162114176200703, 3365111.831525253131986 ], [ 667648.168806519825011, 3365099.525336234364659 ], [ 667639.667280526948161, 3365091.982635791879147 ] ] ] ] } },
{ "type": "Feature", "properties": { "OBJECTID": 300, "Type": "F3" }, "geometry": { "type": "MultiPolygon", "coordinates": [ [ [ [ 667632.753653680789284, 3365099.775161699391901 ], [ 667639.667280526948161, 3365091.982635791879147 ], [ 667632.526826013228856, 3365085.647501432802528 ], [ 667617.301716771093197, 3365071.988247407134622 ], [ 667610.216495626373217, 3365079.88567525986582 ], [ 667632.753653680789284, 3365099.775161699391901 ] ] ] ] } },
{ "type": "Feature", "properties": { "OBJECTID": 301, "Type": "F3" }, "geometry": { "type": "MultiPolygon", "coordinates": [ [ [ [ 667610.216495626373217, 3365079.88567525986582 ], [ 667617.301716771093197, 3365071.988247407134622 ], [ 667614.043537882389501, 3365069.065162101294845 ], [ 667597.835248840739951, 3365054.513421516865492 ], [ 667594.947195102809928, 3365051.981712873093784 ], [ 667587.835460207425058, 3365060.094379328656942 ], [ 667589.748253711266443, 3365061.705979711841792 ], [ 667604.062393052619882, 3365074.45455837296322 ], [ 667610.216495626373217, 3365079.88567525986582 ] ] ] ] } },
{ "type": "Feature", "properties": { "OBJECTID": 302, "Type": "F3" }, "geometry": { "type": "MultiPolygon", "coordinates": [ [ [ [ 667587.835460207425058, 3365060.094379328656942 ], [ 667594.947195102809928, 3365051.981712873093784 ], [ 667582.000893080956303, 3365040.632801909465343 ], [ 667572.492493193363771, 3365032.088172010146081 ], [ 667564.780696468777023, 3365040.669874804094434 ], [ 667587.835460207425058, 3365060.094379328656942 ] ] ] ] } },
{ "type": "Feature", "properties": { "OBJECTID": 303, "Type": "F3" }, "geometry": { "type": "MultiPolygon", "coordinates": [ [ [ [ 667550.202327012666501, 3365012.009635457769036 ], [ 667542.291841431055218, 3365020.820834714919329 ], [ 667545.551479509915225, 3365023.773553409148008 ], [ 667562.806418165680952, 3365039.006471168249846 ], [ 667564.780696468777023, 3365040.669874804094434 ], [ 667572.492493193363771, 3365032.088172010146081 ], [ 667568.06758381484542, 3365028.111770783085376 ], [ 667553.187113956431858, 3365014.689288140740246 ], [ 667550.202327012666501, 3365012.009635457769036 ] ] ] ] } },
{ "type": "Feature", "properties": { "OBJECTID": 304, "Type": "F3" }, "geometry": { "type": "MultiPolygon", "coordinates": [ [ [ [ 667542.291841431055218, 3365020.820834714919329 ], [ 667550.202327012666501, 3365012.009635457769036 ], [ 667536.978574537555687, 3365000.137744945008308 ], [ 667527.896905490662903, 3364991.948052705731243 ], [ 667520.03734946239274, 3365000.663682088721544 ], [ 667520.151767188450322, 3365000.765414597000927 ], [ 667542.291841431055218, 3365020.820834714919329 ] ] ] ] } },
{ "type": "Feature", "properties": { "OBJECTID": 305, "Type": "F3" }, "geometry": { "type": "MultiPolygon", "coordinates": [ [ [ [ 667520.03734946239274, 3365000.663682088721544 ], [ 667527.896905490662903, 3364991.948052705731243 ], [ 667521.718919965904206, 3364986.376852098852396 ], [ 667506.743963897926733, 3364972.842113064602017 ], [ 667505.614470964763314, 3364971.861324054654688 ], [ 667497.784737908164971, 3364980.878164004534483 ], [ 667520.03734946239274, 3365000.663682088721544 ] ] ] ] } },
{ "type": "Feature", "properties": { "OBJECTID": 306, "Type": "F3" }, "geometry": { "type": "MultiPolygon", "coordinates": [ [ [ [ 667497.784737908164971, 3364980.878164004534483 ], [ 667505.614470964763314, 3364971.861324054654688 ], [ 667491.666059690760449, 3364959.749297422356904 ], [ 667483.024058043607511, 3364952.121534883510321 ], [ 667475.30416629370302, 3364960.867922624573112 ], [ 667479.293307188898325, 3364964.436833690851927 ], [ 667497.784737908164971, 3364980.878164004534483 ] ] ] ] } },
{ "type": "Feature", "properties": { "OBJECTID": 307, "Type": "F3" }, "geometry": { "type": "MultiPolygon", "coordinates": [ [ [ [ 667460.67471624945756, 3364932.109994508791715 ], [ 667452.878188792034052, 3364940.694995039142668 ], [ 667465.927637828281149, 3364952.479149933904409 ], [ 667475.30416629370302, 3364960.867922624573112 ], [ 667483.024058043607511, 3364952.121534883510321 ], [ 667471.850969154154882, 3364942.259737540967762 ], [ 667460.67471624945756, 3364932.109994508791715 ] ] ] ] } },
{ "type": "Feature", "properties": { "OBJECTID": 308, "Type": "F3" }, "geometry": { "type": "MultiPolygon", "coordinates": [ [ [ [ 667452.878188792034052, 3364940.694995039142668 ], [ 667460.67471624945756, 3364932.109994508791715 ], [ 667457.445455317851156, 3364929.177332826890051 ], [ 667443.414070894476026, 3364916.765941095538437 ], [ 667438.249793556169607, 3364912.182511962484568 ], [ 667430.675464174943045, 3364920.716701058670878 ], [ 667436.451031399308704, 3364925.860639453399926 ], [ 667452.878188792034052, 3364940.694995039142668 ] ] ] ] } },
{ "type": "Feature", "properties": { "OBJECTID": 309, "Type": "F3" }, "geometry": { "type": "MultiPolygon", "coordinates": [ [ [ [ 667430.675464174943045, 3364920.716701058670878 ], [ 667438.249793556169607, 3364912.182511962484568 ], [ 667426.633964052423835, 3364901.873164136428386 ], [ 667415.94333598727826, 3364892.123080749530345 ], [ 667408.083181370515376, 3364900.741494010202587 ], [ 667421.757300204713829, 3364912.773847261443734 ], [ 667430.675464174943045, 3364920.716701058670878 ] ] ] ] } },
{ "type": "Feature", "properties": { "OBJECTID": 310, "Type": "F3" }, "geometry": { "type": "MultiPolygon", "coordinates": [ [ [ [ 667408.083181370515376, 3364900.741494010202587 ], [ 667415.94333598727826, 3364892.123080749530345 ], [ 667413.650775187066756, 3364890.032215850427747 ], [ 667397.064454291132279, 3364875.03160254471004 ], [ 667393.719172697747126, 3364871.971602148376405 ], [ 667385.899115923093632, 3364880.520725097507238 ], [ 667393.603333100792952, 3364887.61706561781466 ], [ 667403.932222412782721, 3364897.088914629071951 ], [ 667408.083181370515376, 3364900.741494010202587 ] ] ] ] } },
{ "type": "Feature", "properties": { "OBJECTID": 311, "Type": "F3" }, "geometry": { "type": "MultiPolygon", "coordinates": [ [ [ [ 667371.755491721676663, 3364851.537856359034777 ], [ 667363.708031852729619, 3364860.05485855974257 ], [ 667365.081975361099467, 3364861.346094543114305 ], [ 667385.899115923093632, 3364880.520725097507238 ], [ 667393.719172697747126, 3364871.971602148376405 ], [ 667383.134131607366726, 3364862.289239385165274 ], [ 667371.755491721676663, 3364851.537856359034777 ] ] ] ] } },
{ "type": "Feature", "properties": { "OBJECTID": 312, "Type": "F3" }, "geometry": { "type": "MultiPolygon", "coordinates": [ [ [ [ 667363.708031852729619, 3364860.05485855974257 ], [ 667371.755491721676663, 3364851.537856359034777 ], [ 667370.252048151101917, 3364850.117291348520666 ], [ 667358.701331638381816, 3364838.852826865855604 ], [ 667350.380543069681153, 3364830.489424977451563 ], [ 667342.026707803015597, 3364838.800702202599496 ], [ 667352.009414897300303, 3364849.060465359594673 ], [ 667363.708031852729619, 3364860.05485855974257 ] ] ] ] } },
{ "type": "Feature", "properties": { "OBJECTID": 313, "Type": "F3" }, "geometry": { "type": "MultiPolygon", "coordinates": [ [ [ [ 667329.532403234159574, 3364808.9187550265342 ], [ 667321.21758358925581, 3364816.764519510790706 ], [ 667331.859049669234082, 3364828.350854949094355 ], [ 667342.026707803015597, 3364838.800702202599496 ], [ 667350.380543069681153, 3364830.489424977451563 ], [ 667347.723664675489999, 3364827.818939891178161 ], [ 667335.04730949504301, 3364814.763333575800061 ], [ 667329.532403234159574, 3364808.9187550265342 ] ] ] ] } },
{ "type": "Feature", "properties": { "OBJECTID": 314, "Type": "F3" }, "geometry": { "type": "MultiPolygon", "coordinates": [ [ [ [ 667321.21758358925581, 3364816.764519510790706 ], [ 667329.532403234159574, 3364808.9187550265342 ], [ 667323.794996144832112, 3364802.838374904822558 ], [ 667311.893969905562699, 3364789.351246134843677 ], [ 667309.523637008736841, 3364786.571811946574599 ], [ 667300.727163485367782, 3364794.07354010315612 ], [ 667303.788317848928273, 3364797.763213543687016 ], [ 667311.821744738263078, 3364806.534412133041769 ], [ 667321.21758358925581, 3364816.764519510790706 ] ] ] ] } },
{ "type": "Feature", "properties": { "OBJECTID": 315, "Type": "F3" }, "geometry": { "type": "MultiPolygon", "coordinates": [ [ [ [ 667290.213823152007535, 3364763.613539572339505 ], [ 667281.469360747956671, 3364770.850543003994972 ], [ 667283.877591388416477, 3364773.953191661275923 ], [ 667296.334690620889887, 3364788.779200601857156 ], [ 667300.727163485367782, 3364794.07354010315612 ], [ 667309.523637008736841, 3364786.571811946574599 ], [ 667299.056063440511934, 3364774.297615406103432 ], [ 667290.213823152007535, 3364763.613539572339505 ] ] ] ] } },
{ "type": "Feature", "properties": { "OBJECTID": 316, "Type": "F3" }, "geometry": { "type": "MultiPolygon", "coordinates": [ [ [ [ 667281.469360747956671, 3364770.850543003994972 ], [ 667290.213823152007535, 3364763.613539572339505 ], [ 667286.602447107434273, 3364759.249915166758001 ], [ 667274.16584949940443, 3364743.093779215589166 ], [ 667271.830575857427903, 3364739.911351984366775 ], [ 667262.741204717662185, 3364746.581157121341676 ], [ 667266.633189357002266, 3364751.736332565080374 ], [ 667281.469360747956671, 3364770.850543003994972 ] ] ] ] } },
{ "type": "Feature", "properties": { "OBJECTID": 317, "Type": "F3" }, "geometry": { "type": "MultiPolygon", "coordinates": [ [ [ [ 667262.741204717662185, 3364746.581157121341676 ], [ 667271.830575857427903, 3364739.911351984366775 ], [ 667261.741149217588827, 3364726.161842929664999 ], [ 667254.255397892789915, 3364715.599769000895321 ], [ 667244.748171227867715, 3364722.337914125993848 ], [ 667250.061201491393149, 3364729.529849478043616 ], [ 667256.555797009030357, 3364738.388200343586504 ], [ 667262.741204717662185, 3364746.581157121341676 ] ] ] ] } },
{ "type": "Feature", "properties": { "OBJECTID": 318, "Type": "F3" }, "geometry": { "type": "MultiPolygon", "coordinates": [ [ [ [ 667244.748171227867715, 3364722.337914125993848 ], [ 667254.255397892789915, 3364715.599769000895321 ], [ 667249.983782933908515, 3364709.572703575715423 ], [ 667240.204803022323176, 3364695.56405267259106 ], [ 667237.217572177993134, 3364690.912119843065739 ], [ 667228.973790706600994, 3364696.20587007002905 ], [ 667231.393568085739389, 3364699.863178523257375 ], [ 667238.824335166718811, 3364710.470175836700946 ], [ 667238.274238503654487, 3364710.829823303967714 ], [ 667230.442976767430082, 3364699.183329071383923 ], [ 667228.65382470341865, 3364696.411336469929665 ], [ 667227.36505916621536, 3364697.238918190822005 ], [ 667236.416365842451341, 3364710.694462467450649 ], [ 667243.84793412766885, 3364721.119316319003701 ], [ 667244.748171227867715, 3364722.337914125993848 ] ] ] ] } },
{ "type": "Feature", "properties": { "OBJECTID": 319, "Type": "F3" }, "geometry": { "type": "MultiPolygon", "coordinates": [ [ [ [ 667221.10315223922953, 3364665.607613496948034 ], [ 667212.869030854315497, 3364670.826062814798206 ], [ 667213.094817089266144, 3364671.199962767772377 ], [ 667221.90791817358695, 3364685.526344107463956 ], [ 667228.973790706600994, 3364696.20587007002905 ], [ 667237.217572177993134, 3364690.912119843065739 ], [ 667231.288833896280266, 3364681.679457994177938 ], [ 667221.10315223922953, 3364665.607613496948034 ] ] ] ] } },
{ "type": "Feature", "properties": { "OBJECTID": 320, "Type": "F3" }, "geometry": { "type": "MultiPolygon", "coordinates": [ [ [ [ 667212.869030854315497, 3364670.826062814798206 ], [ 667221.10315223922953, 3364665.607613496948034 ], [ 667219.936155413743109, 3364663.766225542873144 ], [ 667210.189566549146548, 3364647.651649254374206 ], [ 667205.813112264731899, 3364639.802125582005829 ], [ 667195.932162025710568, 3364645.311206617858261 ], [ 667197.776689746649936, 3364648.680245154071599 ], [ 667205.354481540503912, 3364662.100742766167969 ], [ 667211.432947367196903, 3364671.736193786375225 ], [ 667212.549452243605629, 3364671.028598666191101 ], [ 667209.053793157916516, 3364665.261931993067265 ], [ 667201.37310741096735, 3364652.283334464300424 ], [ 667198.939907368039712, 3364648.032904752064496 ], [ 667199.305653464281932, 3364647.847894228529185 ], [ 667203.161089985631406, 3364654.749800974968821 ], [ 667212.869030854315497, 3364670.826062814798206 ] ] ] ] } },
{ "type": "Feature", "properties": { "OBJECTID": 321, "Type": "F3" }, "geometry": { "type": "MultiPolygon", "coordinates": [ [ [ [ 667212.549452243605629, 3364671.028598666191101 ], [ 667211.432947367196903, 3364671.736193786375225 ], [ 667211.640032468480058, 3364672.064460557419807 ], [ 667214.165895985555835, 3364676.537962026428431 ], [ 667216.980090447119437, 3364681.015898677520454 ], [ 667221.947742801625282, 3364689.185612429399043 ], [ 667227.36505916621536, 3364697.238918190822005 ], [ 667228.65382470341865, 3364696.411336469929665 ], [ 667223.215477814199403, 3364687.985525358933955 ], [ 667216.176718449685723, 3364677.012373008299619 ], [ 667212.549452243605629, 3364671.028598666191101 ] ] ] ] } },
{ "type": "Feature", "properties": { "OBJECTID": 322, "Type": "F3" }, "geometry": { "type": "MultiPolygon", "coordinates": [ [ [ [ 667195.932162025710568, 3364645.311206617858261 ], [ 667205.813112264731899, 3364639.802125582005829 ], [ 667200.837420787545852, 3364630.877821682486683 ], [ 667191.586439411970787, 3364613.773045545443892 ], [ 667191.433391320984811, 3364613.473758806008846 ], [ 667181.508652256336063, 3364618.549038526136428 ], [ 667190.85952546983026, 3364636.046012150123715 ], [ 667195.932162025710568, 3364645.311206617858261 ] ] ] ] } },
{ "type": "Feature", "properties": { "OBJECTID": 323, "Type": "F3" }, "geometry": { "type": "MultiPolygon", "coordinates": [ [ [ [ 667181.508652256336063, 3364618.549038526136428 ], [ 667191.433391320984811, 3364613.473758806008846 ], [ 667182.44344089331571, 3364595.893840419594198 ], [ 667177.987663167179562, 3364586.65765942260623 ], [ 667167.638102110475302, 3364591.650525589939207 ], [ 667168.451716333045624, 3364593.350613196846098 ], [ 667180.584091032738797, 3364616.819037169683725 ], [ 667181.508652256336063, 3364618.549038526136428 ] ] ] ] } },
{ "type": "Feature", "properties": { "OBJECTID": 324, "Type": "F3" }, "geometry": { "type": "MultiPolygon", "coordinates": [ [ [ [ 667165.113031742395833, 3364559.563303476665169 ], [ 667154.624750171322376, 3364563.918791844509542 ], [ 667155.514351208810695, 3364565.989434717688709 ], [ 667161.096665376564488, 3364577.937988509424031 ], [ 667165.56533920916263, 3364587.31938384892419 ], [ 667167.638102110475302, 3364591.650525589939207 ], [ 667177.987663167179562, 3364586.65765942260623 ], [ 667174.89965196698904, 3364580.256660063751042 ], [ 667165.775340429274365, 3364561.158175893127918 ], [ 667165.113031742395833, 3364559.563303476665169 ] ] ] ] } },
{ "type": "Feature", "properties": { "OBJECTID": 325, "Type": "F3" }, "geometry": { "type": "MultiPolygon", "coordinates": [ [ [ [ 667154.624750171322376, 3364563.918791844509542 ], [ 667165.113031742395833, 3364559.563303476665169 ], [ 667156.508241128176451, 3364538.842537659686059 ], [ 667153.592063591466285, 3364531.863728272262961 ], [ 667142.910834096954204, 3364536.327054064255208 ], [ 667148.370170079637319, 3364549.360578504391015 ], [ 667154.624750171322376, 3364563.918791844509542 ] ] ] ] } },
{ "type": "Feature", "properties": { "OBJECTID": 326, "Type": "F3" }, "geometry": { "type": "MultiPolygon", "coordinates": [ [ [ [ 667142.910834096954204, 3364536.327054064255208 ], [ 667153.592063591466285, 3364531.863728272262961 ], [ 667148.814888772554696, 3364520.431299330201 ], [ 667142.439077044604346, 3364504.016451389528811 ], [ 667132.33586502156686, 3364507.940693284850568 ], [ 667134.134467843687162, 3364512.666784218046814 ], [ 667138.282572528813034, 3364524.149691948201507 ], [ 667142.80818440951407, 3364536.081989973317832 ], [ 667142.910834096954204, 3364536.327054064255208 ] ] ] ] } },
{ "type": "Feature", "properties": { "OBJECTID": 327, "Type": "F3" }, "geometry": { "type": "MultiPolygon", "coordinates": [ [ [ [ 667132.33586502156686, 3364507.940693284850568 ], [ 667142.439077044604346, 3364504.016451389528811 ], [ 667138.461157300043851, 3364493.775096953380853 ], [ 667132.073587890481576, 3364475.866949959658086 ], [ 667121.6840790923452, 3364479.572720644529909 ], [ 667126.282962006982416, 3364492.035808834247291 ], [ 667132.33586502156686, 3364507.940693284850568 ] ] ] ] } },
{ "type": "Feature", "properties": { "OBJECTID": 328, "Type": "F3" }, "geometry": { "type": "MultiPolygon", "coordinates": [ [ [ [ 667121.94539524812717, 3364447.628350706305355 ], [ 667111.294517386122607, 3364451.484517441596836 ], [ 667112.441655547474511, 3364454.682889237534255 ], [ 667120.193814418511465, 3364475.534065953455865 ], [ 667121.6840790923452, 3364479.572720644529909 ], [ 667132.073587890481576, 3364475.866949959658086 ], [ 667130.906326133292168, 3364472.594422682188451 ], [ 667123.073518453398719, 3364450.744255944620818 ], [ 667121.94539524812717, 3364447.628350706305355 ] ] ] ] } },
{ "type": "Feature", "properties": { "OBJECTID": 329, "Type": "F3" }, "geometry": { "type": "MultiPolygon", "coordinates": [ [ [ [ 667111.294517386122607, 3364451.484517441596836 ], [ 667121.94539524812717, 3364447.628350706305355 ], [ 667115.606188291916624, 3364430.119298444595188 ], [ 667111.781488054082729, 3364419.402643245179206 ], [ 667101.059383036452346, 3364423.229298575781286 ], [ 667102.765548556111753, 3364427.704632616136223 ], [ 667111.294517386122607, 3364451.484517441596836 ] ] ] ] } },
{ "type": "Feature", "properties": { "OBJECTID": 330, "Type": "F3" }, "geometry": { "type": "MultiPolygon", "coordinates": [ [ [ [ 667101.536281839362346, 3364391.206764144357294 ], [ 667090.669870551908389, 3364395.222612116951495 ], [ 667095.282832944067195, 3364408.077198168728501 ], [ 667101.059383036452346, 3364423.229298575781286 ], [ 667111.781488054082729, 3364419.402643245179206 ], [ 667106.853349295328371, 3364405.594197989441454 ], [ 667101.536281839362346, 3364391.206764144357294 ] ] ] ] } },
{ "type": "Feature", "properties": { "OBJECTID": 331, "Type": "F3" }, "geometry": { "type": "MultiPolygon", "coordinates": [ [ [ [ 667090.669870551908389, 3364395.222612116951495 ], [ 667101.536281839362346, 3364391.206764144357294 ], [ 667098.364875927218236, 3364382.62526821019128 ], [ 667091.827549368725158, 3364364.010208877269179 ], [ 667091.442615189240314, 3364362.956694619730115 ], [ 667080.118362072738819, 3364367.094387211836874 ], [ 667081.345295313280076, 3364370.722856729291379 ], [ 667090.122070708777755, 3364393.696100599132478 ], [ 667090.669870551908389, 3364395.222612116951495 ] ] ] ] } },
{ "type": "Feature", "properties": { "OBJECTID": 332, "Type": "F3" }, "geometry": { "type": "MultiPolygon", "coordinates": [ [ [ [ 667081.15140637382865, 3364334.777074598707259 ], [ 667070.205900443135761, 3364338.771318259183317 ], [ 667075.278139843838289, 3364352.78016192605719 ], [ 667080.118362072738819, 3364367.094387211836874 ], [ 667091.442615189240314, 3364362.956694619730115 ], [ 667085.187388189020567, 3364345.836960439570248 ], [ 667081.15140637382865, 3364334.777074598707259 ] ] ] ] } },
{ "type": "Feature", "properties": { "OBJECTID": 333, "Type": "F3" }, "geometry": { "type": "MultiPolygon", "coordinates": [ [ [ [ 667070.205900443135761, 3364338.771318259183317 ], [ 667081.15140637382865, 3364334.777074598707259 ], [ 667078.270867255749181, 3364326.883472678251565 ], [ 667072.002990661421791, 3364309.492054692935199 ], [ 667070.94328458129894, 3364306.567298714071512 ], [ 667060.009706237819046, 3364310.528812297154218 ], [ 667060.988462773384526, 3364313.313993964809924 ], [ 667070.205900443135761, 3364338.771318259183317 ] ] ] ] } },
{ "type": "Feature", "properties": { "OBJECTID": 334, "Type": "F3" }, "geometry": { "type": "MultiPolygon", "coordinates": [ [ [ [ 667060.009706237819046, 3364310.528812297154218 ], [ 667070.94328458129894, 3364306.567298714071512 ], [ 667064.166519131977111, 3364287.863635844085366 ], [ 667060.915687204920687, 3364278.294241890776902 ], [ 667050.022458131075837, 3364281.994792545679957 ], [ 667053.89843446132727, 3364293.138377086259425 ], [ 667060.009706237819046, 3364310.528812297154218 ] ] ] ] } },
{ "type": "Feature", "properties": { "OBJECTID": 335, "Type": "F3" }, "geometry": { "type": "MultiPolygon", "coordinates": [ [ [ [ 667050.022458131075837, 3364281.994792545679957 ], [ 667060.915687204920687, 3364278.294241890776902 ], [ 667058.268486003857106, 3364270.501740852370858 ], [ 667048.317702419240959, 3364242.20012576924637 ], [ 667037.334791923640296, 3364246.06168034253642 ], [ 667047.652334102778696, 3364275.18059265660122 ], [ 667050.022458131075837, 3364281.994792545679957 ] ] ] ] } },
{ "type": "Feature", "properties": { "OBJECTID": 336, "Type": "F3" }, "geometry": { "type": "MultiPolygon", "coordinates": [ [ [ [ 667037.334791923640296, 3364246.06168034253642 ], [ 667048.317702419240959, 3364242.20012576924637 ], [ 667041.799459405126981, 3364223.661203358788043 ], [ 667038.344974854728207, 3364213.906245192978531 ], [ 667027.324178139213473, 3364217.809003499802202 ], [ 667037.334791923640296, 3364246.06168034253642 ] ] ] ] } },
{ "type": "Feature", "properties": { "OBJECTID": 337, "Type": "F3" }, "geometry": { "type": "MultiPolygon", "coordinates": [ [ [ [ 667028.373505490133539, 3364185.611922347918153 ], [ 667017.295735013438389, 3364189.5060074031353 ], [ 667027.324178139213473, 3364217.809003499802202 ], [ 667038.344974854728207, 3364213.906245192978531 ], [ 667034.891283890116028, 3364204.153527996968478 ], [ 667028.373505490133539, 3364185.611922347918153 ] ] ] ] } },
{ "type": "Feature", "properties": { "OBJECTID": 338, "Type": "F3" }, "geometry": { "type": "MultiPolygon", "coordinates": [ [ [ [ 667017.295735013438389, 3364189.5060074031353 ], [ 667028.373505490133539, 3364185.611922347918153 ], [ 667027.524781329091638, 3364183.197494036052376 ], [ 667020.063861805247143, 3364162.129245807416737 ], [ 667018.348460875684395, 3364157.336553697939962 ], [ 667007.391832175897434, 3364161.258136972319335 ], [ 667016.137716585653834, 3364186.23776420392096 ], [ 667017.295735013438389, 3364189.5060074031353 ] ] ] ] } },
{ "type": "Feature", "properties": { "OBJECTID": 339, "Type": "F3" }, "geometry": { "type": "MultiPolygon", "coordinates": [ [ [ [ 667008.219885747530498, 3364129.098080610856414 ], [ 666997.484333844273351, 3364132.960756909567863 ], [ 667007.391832175897434, 3364161.258136972319335 ], [ 667018.348460875684395, 3364157.336553697939962 ], [ 667012.323161551728845, 3364140.502352415584028 ], [ 667008.219885747530498, 3364129.098080610856414 ] ] ] ] } },
{ "type": "Feature", "properties": { "OBJECTID": 340, "Type": "F3" }, "geometry": { "type": "MultiPolygon", "coordinates": [ [ [ [ 666997.484333844273351, 3364132.960756909567863 ], [ 667008.219885747530498, 3364129.098080610856414 ], [ 667003.659090609988198, 3364116.422221157234162 ], [ 666998.095760036143474, 3364100.858018523082137 ], [ 666987.277044605696574, 3364104.725112414453179 ], [ 666989.884505498455837, 3364112.219532120041549 ], [ 666995.883024362032302, 3364128.38716411171481 ], [ 666997.484333844273351, 3364132.960756909567863 ] ] ] ] } },
{ "type": "Feature", "properties": { "OBJECTID": 341, "Type": "F3" }, "geometry": { "type": "MultiPolygon", "coordinates": [ [ [ [ 666988.04368040303234, 3364072.59223416633904 ], [ 666977.374026316567324, 3364076.37735164212063 ], [ 666978.377887244103476, 3364079.226486023049802 ], [ 666982.244896959629841, 3364090.261606332380325 ], [ 666987.277044605696574, 3364104.725112414453179 ], [ 666998.095760036143474, 3364100.858018523082137 ], [ 666994.813015839317814, 3364091.674078220035881 ], [ 666988.04368040303234, 3364072.59223416633904 ] ] ] ] } },
{ "type": "Feature", "properties": { "OBJECTID": 342, "Type": "F3" }, "geometry": { "type": "MultiPolygon", "coordinates": [ [ [ [ 666977.374026316567324, 3364076.37735164212063 ], [ 666988.04368040303234, 3364072.59223416633904 ], [ 666986.983012817567214, 3364069.60235522640869 ], [ 666979.068712966982275, 3364046.753347970079631 ], [ 666978.171484264428727, 3364044.263354981783777 ], [ 666967.423570274258964, 3364048.136202261317521 ], [ 666977.374026316567324, 3364076.37735164212063 ] ] ] ] } },
{ "type": "Feature", "properties": { "OBJECTID": 343, "Type": "F3" }, "geometry": { "type": "MultiPolygon", "coordinates": [ [ [ [ 666967.423570274258964, 3364048.136202261317521 ], [ 666978.171484264428727, 3364044.263354981783777 ], [ 666968.744754715706222, 3364018.102254233323038 ], [ 666967.956427944474854, 3364016.056560194119811 ], [ 666957.389519348274916, 3364020.128587640356272 ], [ 666962.353741370607167, 3364033.7471335795708 ], [ 666967.423570274258964, 3364048.136202261317521 ] ] ] ] } },
{ "type": "Feature", "properties": { "OBJECTID": 344, "Type": "F3" }, "geometry": { "type": "MultiPolygon", "coordinates": [ [ [ [ 666957.389519348274916, 3364020.128587640356272 ], [ 666967.956427944474854, 3364016.056560194119811 ], [ 666960.149247225373983, 3363995.797064203303307 ], [ 666957.449231559992768, 3363987.960909393616021 ], [ 666946.766832639928907, 3363991.641623375471681 ], [ 666955.160419456544332, 3364014.013410047162324 ], [ 666957.389519348274916, 3364020.128587640356272 ] ] ] ] } },
{ "type": "Feature", "properties": { "OBJECTID": 345, "Type": "F3" }, "geometry": { "type": "MultiPolygon", "coordinates": [ [ [ [ 666947.030525752925314, 3363959.842467722948641 ], [ 666936.180268579162657, 3363964.348821665160358 ], [ 666938.252551296842285, 3363969.740024661179632 ], [ 666944.450307370396331, 3363985.467289293650538 ], [ 666946.766832639928907, 3363991.641623375471681 ], [ 666957.449231559992768, 3363987.960909393616021 ], [ 666951.316568275447935, 3363970.162309366744012 ], [ 666947.030525752925314, 3363959.842467722948641 ] ] ] ] } },
{ "type": "Feature", "properties": { "OBJECTID": 346, "Type": "F3" }, "geometry": { "type": "MultiPolygon", "coordinates": [ [ [ [ 666936.180268579162657, 3363964.348821665160358 ], [ 666947.030525752925314, 3363959.842467722948641 ], [ 666941.21436114620883, 3363945.838430805597454 ], [ 666935.410263883764856, 3363932.184665555600077 ], [ 666924.643777421209961, 3363936.761400575283915 ], [ 666931.136508710565977, 3363951.227092143613845 ], [ 666936.180268579162657, 3363964.348821665160358 ] ] ] ] } },
{ "type": "Feature", "properties": { "OBJECTID": 347, "Type": "F3" }, "geometry": { "type": "MultiPolygon", "coordinates": [ [ [ [ 666924.643777421209961, 3363936.761400575283915 ], [ 666935.410263883764856, 3363932.184665555600077 ], [ 666930.825538637349382, 3363921.39939449261874 ], [ 666923.35233027942013, 3363904.71600434044376 ], [ 666912.301773015526123, 3363909.666008871980011 ], [ 666915.152718041441403, 3363915.615486547816545 ], [ 666924.643777421209961, 3363936.761400575283915 ] ] ] ] } },
{ "type": "Feature", "properties": { "OBJECTID": 348, "Type": "F3" }, "geometry": { "type": "MultiPolygon", "coordinates": [ [ [ [ 666912.301773015526123, 3363909.666008871980011 ], [ 666923.35233027942013, 3363904.71600434044376 ], [ 666919.024251285940409, 3363895.053885073866695 ], [ 666910.503752054995857, 3363877.610896016471088 ], [ 666899.286873778677545, 3363883.090104297734797 ], [ 666904.060564259532839, 3363893.16116726398468 ], [ 666907.608012175187469, 3363899.978444524109364 ], [ 666910.496526849106885, 3363905.898741643875837 ], [ 666912.301773015526123, 3363909.666008871980011 ] ] ] ] } },
{ "type": "Feature", "properties": { "OBJECTID": 349, "Type": "F3" }, "geometry": { "type": "MultiPolygon", "coordinates": [ [ [ [ 666897.180307459668256, 3363850.732187442947179 ], [ 666888.340648812707514, 3363854.98893105937168 ], [ 666890.544208691571839, 3363859.583156490698457 ], [ 666894.866444651270285, 3363867.820140403229743 ], [ 666894.264364490518346, 3363868.21988767478615 ], [ 666891.174225899507292, 3363862.364500589203089 ], [ 666887.866300662164576, 3363855.217353733256459 ], [ 666886.64511643210426, 3363855.805415827315301 ], [ 666893.261731087695807, 3363870.378850465174764 ], [ 666899.286873778677545, 3363883.090104297734797 ], [ 666910.503752054995857, 3363877.610896016471088 ], [ 666906.910907312878408, 3363870.255698882974684 ], [ 666897.866229826700874, 3363852.156584522221237 ], [ 666897.180307459668256, 3363850.732187442947179 ] ] ] ] } },
{ "type": "Feature", "properties": { "OBJECTID": 350, "Type": "F3" }, "geometry": { "type": "MultiPolygon", "coordinates": [ [ [ [ 666888.340648812707514, 3363854.98893105937168 ], [ 666897.180307459668256, 3363850.732187442947179 ], [ 666884.164274548180401, 3363823.702890606597066 ], [ 666875.61318378651049, 3363827.820674162823707 ], [ 666879.561634299228899, 3363836.243683422915637 ], [ 666884.490847513545305, 3363846.962439379654825 ], [ 666888.340648812707514, 3363854.98893105937168 ] ] ] ] } },
{ "type": "Feature", "properties": { "OBJECTID": 351, "Type": "F3" }, "geometry": { "type": "MultiPolygon", "coordinates": [ [ [ [ 666886.64511643210426, 3363855.805415827315301 ], [ 666887.866300662164576, 3363855.217353733256459 ], [ 666887.453285047435202, 3363854.324986753519624 ], [ 666880.845575419254601, 3363840.254542089533061 ], [ 666875.20287928765174, 3363828.018256572540849 ], [ 666874.239785372396, 3363828.482035100460052 ], [ 666886.64511643210426, 3363855.805415827315301 ] ] ] ] } },
{ "type": "Feature", "properties": { "OBJECTID": 352, "Type": "F3" }, "geometry": { "type": "MultiPolygon", "coordinates": [ [ [ [ 666875.61318378651049, 3363827.820674162823707 ], [ 666884.164274548180401, 3363823.702890606597066 ], [ 666878.772511598886922, 3363812.506271619815379 ], [ 666871.732165281311609, 3363796.405441486276686 ], [ 666861.034331248258241, 3363801.083283293992281 ], [ 666862.088518391596153, 3363803.713618831243366 ], [ 666864.872495124349371, 3363810.186551542021334 ], [ 666867.110540327616036, 3363814.655530444346368 ], [ 666871.972599452827126, 3363823.488441317342222 ], [ 666874.239785372396, 3363828.482035100460052 ], [ 666875.20287928765174, 3363828.018256572540849 ], [ 666875.078759061056189, 3363827.749099684413522 ], [ 666870.237114475574344, 3363817.58594834478572 ], [ 666870.733766487333924, 3363817.331545991823077 ], [ 666873.698725887807086, 3363823.736667903140187 ], [ 666875.61318378651049, 3363827.820674162823707 ] ] ] ] } },
{ "type": "Feature", "properties": { "OBJECTID": 353, "Type": "F3" }, "geometry": { "type": "MultiPolygon", "coordinates": [ [ [ [ 666861.034331248258241, 3363801.083283293992281 ], [ 666871.732165281311609, 3363796.405441486276686 ], [ 666871.158878416521475, 3363795.094370409380645 ], [ 666862.449870353215374, 3363773.896156310103834 ], [ 666860.345353615819477, 3363768.651025518309325 ], [ 666849.899362455005758, 3363772.8423040243797 ], [ 666851.352413348038681, 3363776.830192062072456 ], [ 666855.516452409443446, 3363787.315450046677142 ], [ 666861.034331248258241, 3363801.083283293992281 ] ] ] ] } },
{ "type": "Feature", "properties": { "OBJECTID": 354, "Type": "F3" }, "geometry": { "type": "MultiPolygon", "coordinates": [ [ [ [ 666849.420166658004746, 3363740.712556082755327 ], [ 666838.813082774518989, 3363744.734094364568591 ], [ 666843.310965989017859, 3363755.974950771313161 ], [ 666847.940084143308923, 3363767.465078368782997 ], [ 666849.899362455005758, 3363772.8423040243797 ], [ 666860.345353615819477, 3363768.651025518309325 ], [ 666854.303848376614042, 3363753.593656482640654 ], [ 666849.420166658004746, 3363740.712556082755327 ] ] ] ] } },
{ "type": "Feature", "properties": { "OBJECTID": 355, "Type": "F3" }, "geometry": { "type": "MultiPolygon", "coordinates": [ [ [ [ 666838.813082774518989, 3363744.734094364568591 ], [ 666849.420166658004746, 3363740.712556082755327 ], [ 666845.805739204515703, 3363731.179215132258832 ], [ 666839.451963779167272, 3363712.421635427046567 ], [ 666828.52209857548587, 3363716.12390885874629 ], [ 666834.517764402087778, 3363733.999476602301002 ], [ 666838.813082774518989, 3363744.734094364568591 ] ] ] ] } },
{ "type": "Feature", "properties": { "OBJECTID": 356, "Type": "F3" }, "geometry": { "type": "MultiPolygon", "coordinates": [ [ [ [ 666830.050895153079182, 3363683.933119512628764 ], [ 666819.350483868503943, 3363687.423391528427601 ], [ 666826.705746773630381, 3363710.708610438276082 ], [ 666828.52209857548587, 3363716.12390885874629 ], [ 666839.451963779167272, 3363712.421635427046567 ], [ 666836.519284161156975, 3363703.763795324135572 ], [ 666830.050895153079182, 3363683.933119512628764 ] ] ] ] } },
{ "type": "Feature", "properties": { "OBJECTID": 357, "Type": "F3" }, "geometry": { "type": "MultiPolygon", "coordinates": [ [ [ [ 666819.350483868503943, 3363687.423391528427601 ], [ 666830.050895153079182, 3363683.933119512628764 ], [ 666829.359478254220448, 3363681.813385471701622 ], [ 666822.319531589047983, 3363658.312727288343012 ], [ 666821.427818294032477, 3363655.200049955397844 ], [ 666810.2161667982582, 3363658.411951640620828 ], [ 666811.395456057973206, 3363662.468949832953513 ], [ 666818.823099802713841, 3363685.753804243635386 ], [ 666819.350483868503943, 3363687.423391528427601 ] ] ] ] } },
{ "type": "Feature", "properties": { "OBJECTID": 358, "Type": "F3" }, "geometry": { "type": "MultiPolygon", "coordinates": [ [ [ [ 666813.02865687396843, 3363626.400191126856953 ], [ 666801.906902829767205, 3363629.7064577229321 ], [ 666803.270354914246127, 3363634.516926711890846 ], [ 666810.2161667982582, 3363658.411951640620828 ], [ 666821.427818294032477, 3363655.200049955397844 ], [ 666817.119693381013349, 3363640.161805219016969 ], [ 666813.02865687396843, 3363626.400191126856953 ] ] ] ] } },
{ "type": "Feature", "properties": { "OBJECTID": 359, "Type": "F3" }, "geometry": { "type": "MultiPolygon", "coordinates": [ [ [ [ 666801.906902829767205, 3363629.7064577229321 ], [ 666813.02865687396843, 3363626.400191126856953 ], [ 666804.480036812252365, 3363597.643955365289003 ], [ 666793.713233250658959, 3363600.844701120164245 ], [ 666797.049244573805481, 3363614.022265023551881 ], [ 666800.808646210934967, 3363625.831639189273119 ], [ 666801.906902829767205, 3363629.7064577229321 ] ] ] ] } },
{ "type": "Feature", "properties": { "OBJECTID": 360, "Type": "F3" }, "geometry": { "type": "MultiPolygon", "coordinates": [ [ [ [ 666793.713233250658959, 3363600.844701120164245 ], [ 666804.480036812252365, 3363597.643955365289003 ], [ 666799.571910070837475, 3363581.133776096161455 ], [ 666795.39296155620832, 3363569.060849568806589 ], [ 666785.799472264247015, 3363572.381545828189701 ], [ 666793.696297558490187, 3363600.777803515549749 ], [ 666793.713233250658959, 3363600.844701120164245 ] ] ] ] } },
{ "type": "Feature", "properties": { "OBJECTID": 361, "Type": "F4" }, "geometry": { "type": "MultiPolygon", "coordinates": [ [ [ [ 668627.025210380670615, 3365360.654782267287374 ], [ 668626.447738171787933, 3365368.009968920610845 ], [ 668650.985974121140316, 3365369.477007948793471 ], [ 668651.940292555838823, 3365362.337954508140683 ], [ 668627.025210380670615, 3365360.654782267287374 ] ] ] ] } },
{ "type": "Feature", "properties": { "OBJECTID": 362, "Type": "F4" }, "geometry": { "type": "MultiPolygon", "coordinates": [ [ [ [ 668596.817835111287422, 3365358.653377794660628 ], [ 668596.40227799967397, 3365366.126826975028962 ], [ 668620.935974754858762, 3365367.680443519260734 ], [ 668626.447738171787933, 3365368.009968920610845 ], [ 668627.025210380670615, 3365360.654782267287374 ], [ 668614.715525946696289, 3365359.823184804059565 ], [ 668596.817835111287422, 3365358.653377794660628 ] ] ] ] } },
{ "type": "Feature", "properties": { "OBJECTID": 363, "Type": "F4" }, "geometry": { "type": "MultiPolygon", "coordinates": [ [ [ [ 668596.40227799967397, 3365366.126826975028962 ], [ 668596.817835111287422, 3365358.653377794660628 ], [ 668588.028101564967074, 3365358.078873965889215 ], [ 668566.651111277285963, 3365357.237934707663953 ], [ 668566.36780397221446, 3365364.534510206896812 ], [ 668590.791614498244599, 3365365.771527089644223 ], [ 668596.40227799967397, 3365366.126826975028962 ] ] ] ] } },
{ "type": "Feature", "properties": { "OBJECTID": 364, "Type": "F4" }, "geometry": { "type": "MultiPolygon", "coordinates": [ [ [ [ 668536.672205471433699, 3365356.112461883109063 ], [ 668536.397038379684091, 3365363.199386313091964 ], [ 668546.622453269083053, 3365363.534447904676199 ], [ 668566.36780397221446, 3365364.534510206896812 ], [ 668566.651111277285963, 3365357.237934707663953 ], [ 668546.15598748344928, 3365356.431686776224524 ], [ 668536.672205471433699, 3365356.112461883109063 ] ] ] ] } },
{ "type": "Feature", "properties": { "OBJECTID": 365, "Type": "F4" }, "geometry": { "type": "MultiPolygon", "coordinates": [ [ [ [ 668506.380461597233079, 3365355.092839258722961 ], [ 668506.287873900029808, 3365362.212783356197178 ], [ 668536.397038379684091, 3365363.199386313091964 ], [ 668536.672205471433699, 3365356.112461883109063 ], [ 668506.380461597233079, 3365355.092839258722961 ] ] ] ] } },
{ "type": "Feature", "properties": { "OBJECTID": 366, "Type": "F4" }, "geometry": { "type": "MultiPolygon", "coordinates": [ [ [ [ 668476.524276457843371, 3365354.651191311422735 ], [ 668476.344519015983678, 3365361.983984099701047 ], [ 668501.672642813879065, 3365362.061553632374853 ], [ 668506.287873900029808, 3365362.212783356197178 ], [ 668506.380461597233079, 3365355.092839258722961 ], [ 668503.415827564895153, 3365354.993049430195242 ], [ 668476.524276457843371, 3365354.651191311422735 ] ] ] ] } },
{ "type": "Feature", "properties": { "OBJECTID": 367, "Type": "F4" }, "geometry": { "type": "MultiPolygon", "coordinates": [ [ [ [ 668476.344519015983678, 3365361.983984099701047 ], [ 668476.524276457843371, 3365354.651191311422735 ], [ 668463.640132676693611, 3365354.487401980906725 ], [ 668446.52365255379118, 3365354.308984477072954 ], [ 668446.346363435965031, 3365361.541087655350566 ], [ 668466.022948115016334, 3365361.952373411506414 ], [ 668476.344519015983678, 3365361.983984099701047 ] ] ] ] } },
{ "type": "Feature", "properties": { "OBJECTID": 368, "Type": "F4" }, "geometry": { "type": "MultiPolygon", "coordinates": [ [ [ [ 668416.393029021448456, 3365353.977016138378531 ], [ 668416.300264241523109, 3365360.998039861675352 ], [ 668425.003526961198077, 3365361.094973414670676 ], [ 668446.346363435965031, 3365361.541087655350566 ], [ 668446.52365255379118, 3365354.308984477072954 ], [ 668419.923750589834526, 3365354.031714380253106 ], [ 668416.393029021448456, 3365353.977016138378531 ] ] ] ] } },
{ "type": "Feature", "properties": { "OBJECTID": 369, "Type": "F4" }, "geometry": { "type": "MultiPolygon", "coordinates": [ [ [ [ 668386.396550533245318, 3365353.512308115139604 ], [ 668386.302060214104131, 3365360.663931539747864 ], [ 668416.300264241523109, 3365360.998039861675352 ], [ 668416.393029021448456, 3365353.977016138378531 ], [ 668386.396550533245318, 3365353.512308115139604 ] ] ] ] } },
{ "type": "Feature", "properties": { "OBJECTID": 370, "Type": "F4" }, "geometry": { "type": "MultiPolygon", "coordinates": [ [ [ [ 668356.396308752708137, 3365352.946065490599722 ], [ 668356.304741319268942, 3365360.110992758534849 ], [ 668374.081772624398582, 3365360.527826732490212 ], [ 668386.302060214104131, 3365360.663931539747864 ], [ 668386.396550533245318, 3365353.512308115139604 ], [ 668377.07550034369342, 3365353.367905604187399 ], [ 668356.396308752708137, 3365352.946065490599722 ] ] ] ] } },
{ "type": "Feature", "properties": { "OBJECTID": 371, "Type": "F4" }, "geometry": { "type": "MultiPolygon", "coordinates": [ [ [ [ 668356.304741319268942, 3365360.110992758534849 ], [ 668356.396308752708137, 3365352.946065490599722 ], [ 668331.924932656111196, 3365352.44686763593927 ], [ 668326.400062863714993, 3365352.30425586970523 ], [ 668326.309275598614477, 3365359.501385559793562 ], [ 668332.295462958165444, 3365359.548025706782937 ], [ 668356.304741319268942, 3365360.110992758534849 ] ] ] ] } },
{ "type": "Feature", "properties": { "OBJECTID": 372, "Type": "F4" }, "geometry": { "type": "MultiPolygon", "coordinates": [ [ [ [ 668296.513436269946396, 3365351.532801560126245 ], [ 668296.349922756082378, 3365359.267963427118957 ], [ 668326.309275598614477, 3365359.501385559793562 ], [ 668326.400062863714993, 3365352.30425586970523 ], [ 668296.513436269946396, 3365351.532801560126245 ] ] ] ] } },
{ "type": "Feature", "properties": { "OBJECTID": 373, "Type": "F4" }, "geometry": { "type": "MultiPolygon", "coordinates": [ [ [ [ 668296.349922756082378, 3365359.267963427118957 ], [ 668296.513436269946396, 3365351.532801560126245 ], [ 668288.987479535629973, 3365351.338536351453513 ], [ 668266.520025920588523, 3365350.903886470943689 ], [ 668266.353218085248955, 3365358.794975812546909 ], [ 668289.057795012718998, 3365359.21114831417799 ], [ 668296.349922756082378, 3365359.267963427118957 ] ] ] ] } },
{ "type": "Feature", "properties": { "OBJECTID": 374, "Type": "F4" }, "geometry": { "type": "MultiPolygon", "coordinates": [ [ [ [ 668236.353001370443963, 3365350.320282567758113 ], [ 668236.293737802072428, 3365358.360214532818645 ], [ 668250.15027456311509, 3365358.497977565973997 ], [ 668266.353218085248955, 3365358.794975812546909 ], [ 668266.520025920588523, 3365350.903886470943689 ], [ 668236.353001370443963, 3365350.320282567758113 ] ] ] ] } },
{ "type": "Feature", "properties": { "OBJECTID": 375, "Type": "F4" }, "geometry": { "type": "MultiPolygon", "coordinates": [ [ [ [ 668236.293737802072428, 3365358.360214532818645 ], [ 668236.353001370443963, 3365350.320282567758113 ], [ 668231.635778061929159, 3365350.229024315718561 ], [ 668206.609954382176511, 3365349.841769427061081 ], [ 668206.386403665761463, 3365358.062935775145888 ], [ 668210.084691664902493, 3365358.099641653243452 ], [ 668236.293737802072428, 3365358.360214532818645 ] ] ] ] } },
{ "type": "Feature", "properties": { "OBJECTID": 376, "Type": "F4" }, "geometry": { "type": "MultiPolygon", "coordinates": [ [ [ [ 668176.356976430397481, 3365349.367728071752936 ], [ 668176.301033221650869, 3365357.764335465151817 ], [ 668206.386403665761463, 3365358.062935775145888 ], [ 668206.609954382176511, 3365349.841769427061081 ], [ 668177.06670527276583, 3365349.384610941633582 ], [ 668176.356976430397481, 3365349.367728071752936 ] ] ] ] } },
{ "type": "Feature", "properties": { "OBJECTID": 377, "Type": "F4" }, "geometry": { "type": "MultiPolygon", "coordinates": [ [ [ [ 668146.475513614830561, 3365348.656914555002004 ], [ 668146.342401184025221, 3365357.263177206739783 ], [ 668170.115277815843001, 3365357.702941223978996 ], [ 668176.301033221650869, 3365357.764335465151817 ], [ 668176.356976430397481, 3365349.367728071752936 ], [ 668146.475513614830561, 3365348.656914555002004 ] ] ] ] } },
{ "type": "Feature", "properties": { "OBJECTID": 378, "Type": "F4" }, "geometry": { "type": "MultiPolygon", "coordinates": [ [ [ [ 668116.481426849146374, 3365348.042609767057002 ], [ 668116.346033918322064, 3365356.796316059771925 ], [ 668133.513436290551908, 3365357.025859812274575 ], [ 668146.342401184025221, 3365357.263177206739783 ], [ 668146.475513614830561, 3365348.656914555002004 ], [ 668123.753409016993828, 3365348.116406241431832 ], [ 668116.481426849146374, 3365348.042609767057002 ] ] ] ] } },
{ "type": "Feature", "properties": { "OBJECTID": 379, "Type": "F4" }, "geometry": { "type": "MultiPolygon", "coordinates": [ [ [ [ 668116.346033918322064, 3365356.796316059771925 ], [ 668116.481426849146374, 3365348.042609767057002 ], [ 668102.904087136965245, 3365347.904826177749783 ], [ 668086.427796644624323, 3365347.116736247669905 ], [ 668086.32801531732548, 3365356.394947903230786 ], [ 668116.346033918322064, 3365356.796316059771925 ] ] ] ] } },
{ "type": "Feature", "properties": { "OBJECTID": 380, "Type": "F4" }, "geometry": { "type": "MultiPolygon", "coordinates": [ [ [ [ 668057.324680186575279, 3365345.593110122717917 ], [ 668056.654781545279548, 3365354.794698289129883 ], [ 668061.37354472768493, 3365355.245126060210168 ], [ 668069.434980846941471, 3365355.924028013367206 ], [ 668080.575921938405372, 3365356.318037193268538 ], [ 668086.32801531732548, 3365356.394947903230786 ], [ 668086.427796644624323, 3365347.116736247669905 ], [ 668082.35490702255629, 3365346.921922779176384 ], [ 668057.870182707323693, 3365345.656367632560432 ], [ 668057.324680186575279, 3365345.593110122717917 ] ] ] ] } },
{ "type": "Feature", "properties": { "OBJECTID": 381, "Type": "F4" }, "geometry": { "type": "MultiPolygon", "coordinates": [ [ [ [ 668028.775641216780059, 3365342.045989684294909 ], [ 668027.281893543549813, 3365351.135715887416154 ], [ 668029.431190268252976, 3365351.536121456418186 ], [ 668048.899526054854505, 3365354.054423282388598 ], [ 668056.654781545279548, 3365354.794698289129883 ], [ 668057.324680186575279, 3365345.593110122717917 ], [ 668040.220263366354629, 3365343.609649420715868 ], [ 668028.775641216780059, 3365342.045989684294909 ] ] ] ] } },
{ "type": "Feature", "properties": { "OBJECTID": 382, "Type": "F4" }, "geometry": { "type": "MultiPolygon", "coordinates": [ [ [ [ 668000.353950265212916, 3365336.568754094652832 ], [ 667998.247767377179116, 3365345.093046445865184 ], [ 667999.92662296211347, 3365345.536776806227863 ], [ 668015.154067817609757, 3365348.876349412836134 ], [ 668027.281893543549813, 3365351.135715887416154 ], [ 668028.775641216780059, 3365342.045989684294909 ], [ 668018.260852537467144, 3365340.609371552243829 ], [ 668002.268122539739124, 3365337.036223413422704 ], [ 668000.353950265212916, 3365336.568754094652832 ] ] ] ] } },
{ "type": "Feature", "properties": { "OBJECTID": 383, "Type": "F4" }, "geometry": { "type": "MultiPolygon", "coordinates": [ [ [ [ 667998.247767377179116, 3365345.093046445865184 ], [ 668000.353950265212916, 3365336.568754094652832 ], [ 667986.759281253092922, 3365333.248733869753778 ], [ 667973.175218015210703, 3365329.269366027787328 ], [ 667972.399841652368195, 3365329.011520728934556 ], [ 667969.762274899287149, 3365336.913344834465533 ], [ 667987.006466198479757, 3365342.121911427006125 ], [ 667998.247767377179116, 3365345.093046445865184 ] ] ] ] } },
{ "type": "Feature", "properties": { "OBJECTID": 384, "Type": "F4" }, "geometry": { "type": "MultiPolygon", "coordinates": [ [ [ [ 667945.146655049989931, 3365319.322532931342721 ], [ 667941.850440558744594, 3365327.025969891343266 ], [ 667952.293249048758298, 3365331.164039308205247 ], [ 667969.59844553982839, 3365336.863860569428653 ], [ 667969.762274899287149, 3365336.913344834465533 ], [ 667972.399841652368195, 3365329.011520728934556 ], [ 667960.93793429271318, 3365325.199953764211386 ], [ 667949.373095390852541, 3365321.140845789574087 ], [ 667945.146655049989931, 3365319.322532931342721 ] ] ] ] } },
{ "type": "Feature", "properties": { "OBJECTID": 385, "Type": "F4" }, "geometry": { "type": "MultiPolygon", "coordinates": [ [ [ [ 667919.192537228693254, 3365306.638901969883591 ], [ 667914.79703605803661, 3365314.958599951118231 ], [ 667928.129070288036019, 3365321.588736916426569 ], [ 667941.850440558744594, 3365327.025969891343266 ], [ 667945.146655049989931, 3365319.322532931342721 ], [ 667937.34498592489399, 3365315.966073560528457 ], [ 667919.192537228693254, 3365306.638901969883591 ] ] ] ] } },
{ "type": "Feature", "properties": { "OBJECTID": 386, "Type": "F4" }, "geometry": { "type": "MultiPolygon", "coordinates": [ [ [ [ 667893.113744324306026, 3365293.163503390736878 ], [ 667888.95148073497694, 3365300.156659900210798 ], [ 667896.580763333360665, 3365304.804032929241657 ], [ 667913.63394669117406, 3365314.380185459274799 ], [ 667914.79703605803661, 3365314.958599951118231 ], [ 667919.192537228693254, 3365306.638901969883591 ], [ 667918.658602845389396, 3365306.364553440362215 ], [ 667893.113744324306026, 3365293.163503390736878 ] ] ] ] } },
{ "type": "Feature", "properties": { "OBJECTID": 387, "Type": "F4" }, "geometry": { "type": "MultiPolygon", "coordinates": [ [ [ [ 667888.95148073497694, 3365300.156659900210798 ], [ 667893.113744324306026, 3365293.163503390736878 ], [ 667891.678968916530721, 3365292.422041387762874 ], [ 667875.50574735016562, 3365281.861669649835676 ], [ 667868.944321635761298, 3365276.867091538384557 ], [ 667864.196504719904624, 3365283.714364590123296 ], [ 667877.160034381086007, 3365292.973907256033272 ], [ 667888.95148073497694, 3365300.156659900210798 ] ] ] ] } },
{ "type": "Feature", "properties": { "OBJECTID": 388, "Type": "F4" }, "geometry": { "type": "MultiPolygon", "coordinates": [ [ [ [ 667846.279392308206297, 3365258.785437410697341 ], [ 667840.580991220660508, 3365265.755614032968879 ], [ 667855.584258545073681, 3365277.562840816099197 ], [ 667864.196504719904624, 3365283.714364590123296 ], [ 667868.944321635761298, 3365276.867091538384557 ], [ 667858.409550280077383, 3365268.847990094684064 ], [ 667846.279392308206297, 3365258.785437410697341 ] ] ] ] } },
{ "type": "Feature", "properties": { "OBJECTID": 389, "Type": "F4" }, "geometry": { "type": "MultiPolygon", "coordinates": [ [ [ [ 667840.580991220660508, 3365265.755614032968879 ], [ 667846.279392308206297, 3365258.785437410697341 ], [ 667835.258655109792016, 3365249.643202912993729 ], [ 667823.693614204181358, 3365239.33167575718835 ], [ 667817.657704019336961, 3365246.490749447606504 ], [ 667825.30501330725383, 3365253.258969268761575 ], [ 667839.634028055821545, 3365265.010375772602856 ], [ 667840.580991220660508, 3365265.755614032968879 ] ] ] ] } },
{ "type": "Feature", "properties": { "OBJECTID": 390, "Type": "F4" }, "geometry": { "type": "MultiPolygon", "coordinates": [ [ [ [ 667801.310402370058, 3365219.835141381248832 ], [ 667795.278659339412116, 3365226.649299551267177 ], [ 667799.424414478009567, 3365230.353451080620289 ], [ 667817.657704019336961, 3365246.490749447606504 ], [ 667823.693614204181358, 3365239.33167575718835 ], [ 667808.053597898688167, 3365225.386852373834699 ], [ 667801.310402370058, 3365219.835141381248832 ] ] ] ] } },
{ "type": "Feature", "properties": { "OBJECTID": 391, "Type": "F4" }, "geometry": { "type": "MultiPolygon", "coordinates": [ [ [ [ 667795.278659339412116, 3365226.649299551267177 ], [ 667801.310402370058, 3365219.835141381248832 ], [ 667782.528122888295911, 3365204.371584522072226 ], [ 667778.395690016564913, 3365200.460437938105315 ], [ 667772.907218934851699, 3365206.66085295425728 ], [ 667795.278659339412116, 3365226.649299551267177 ] ] ] ] } },
{ "type": "Feature", "properties": { "OBJECTID": 392, "Type": "F4" }, "geometry": { "type": "MultiPolygon", "coordinates": [ [ [ [ 667756.681358974659815, 3365179.999411597847939 ], [ 667750.522260911064222, 3365186.768933174200356 ], [ 667766.342977064778097, 3365200.795830599963665 ], [ 667772.907218934851699, 3365206.66085295425728 ], [ 667778.395690016564913, 3365200.460437938105315 ], [ 667757.997452337411232, 3365181.154498773626983 ], [ 667756.681358974659815, 3365179.999411597847939 ] ] ] ] } },
{ "type": "Feature", "properties": { "OBJECTID": 393, "Type": "F4" }, "geometry": { "type": "MultiPolygon", "coordinates": [ [ [ [ 667750.522260911064222, 3365186.768933174200356 ], [ 667756.681358974659815, 3365179.999411597847939 ], [ 667739.224572465056553, 3365164.678226337302476 ], [ 667733.525060597574338, 3365159.65937968948856 ], [ 667727.563102275133133, 3365154.409459127113223 ], [ 667722.975634382339194, 3365150.344304176513106 ], [ 667716.501431911834516, 3365157.569729707203805 ], [ 667727.760119849699549, 3365166.918375564273447 ], [ 667733.637208594940603, 3365171.798378455452621 ], [ 667750.522260911064222, 3365186.768933174200356 ] ] ] ] } },
{ "type": "Feature", "properties": { "OBJECTID": 394, "Type": "F4" }, "geometry": { "type": "MultiPolygon", "coordinates": [ [ [ [ 668626.080082347616553, 3365372.692752209492028 ], [ 668625.501988401869312, 3365380.055857841856778 ], [ 668649.502509598154575, 3365381.723335217684507 ], [ 668650.3938157010125, 3365374.601649762596935 ], [ 668626.080082347616553, 3365372.692752209492028 ] ] ] ] } },
{ "type": "Feature", "properties": { "OBJECTID": 395, "Type": "F4" }, "geometry": { "type": "MultiPolygon", "coordinates": [ [ [ [ 668596.146522557130083, 3365370.726375988218933 ], [ 668595.742728178505786, 3365377.988282195292413 ], [ 668625.501988401869312, 3365380.055857841856778 ], [ 668626.080082347616553, 3365372.692752209492028 ], [ 668612.89833610469941, 3365371.657839027699083 ], [ 668596.146522557130083, 3365370.726375988218933 ] ] ] ] } },
{ "type": "Feature", "properties": { "OBJECTID": 396, "Type": "F4" }, "geometry": { "type": "MultiPolygon", "coordinates": [ [ [ [ 668595.742728178505786, 3365377.988282195292413 ], [ 668596.146522557130083, 3365370.726375988218933 ], [ 668571.42089161882177, 3365369.35153909213841 ], [ 668566.18865927204024, 3365369.148379343561828 ], [ 668565.897647366742603, 3365376.643386710900813 ], [ 668590.607667743926868, 3365377.631515063811094 ], [ 668595.742728178505786, 3365377.988282195292413 ] ] ] ] } },
{ "type": "Feature", "properties": { "OBJECTID": 397, "Type": "F4" }, "geometry": { "type": "MultiPolygon", "coordinates": [ [ [ [ 668536.211248522740789, 3365367.984401364810765 ], [ 668535.921585248783231, 3365375.444674754049629 ], [ 668565.897647366742603, 3365376.643386710900813 ], [ 668566.18865927204024, 3365369.148379343561828 ], [ 668536.211248522740789, 3365367.984401364810765 ] ] ] ] } },
{ "type": "Feature", "properties": { "OBJECTID": 398, "Type": "F4" }, "geometry": { "type": "MultiPolygon", "coordinates": [ [ [ [ 668506.222031380748376, 3365367.276037665084004 ], [ 668506.125035815755837, 3365374.734944415744394 ], [ 668531.737802923191339, 3365375.277369592804462 ], [ 668535.921585248783231, 3365375.444674754049629 ], [ 668536.211248522740789, 3365367.984401364810765 ], [ 668523.882361628813669, 3365367.505689145065844 ], [ 668506.222031380748376, 3365367.276037665084004 ] ] ] ] } },
{ "type": "Feature", "properties": { "OBJECTID": 399, "Type": "F4" }, "geometry": { "type": "MultiPolygon", "coordinates": [ [ [ [ 668476.225273634190671, 3365366.848326111678034 ], [ 668476.047554621123709, 3365374.097965872846544 ], [ 668506.125035815755837, 3365374.734944415744394 ], [ 668506.222031380748376, 3365367.276037665084004 ], [ 668479.495201018988155, 3365366.9284871914424 ], [ 668476.225273634190671, 3365366.848326111678034 ] ] ] ] } },
{ "type": "Feature", "properties": { "OBJECTID": 400, "Type": "F4" }, "geometry": { "type": "MultiPolygon", "coordinates": [ [ [ [ 668476.047554621123709, 3365374.097965872846544 ], [ 668476.225273634190671, 3365366.848326111678034 ], [ 668446.234284083824605, 3365366.113107916899025 ], [ 668446.05034213361796, 3365373.616598139517009 ], [ 668473.138896925607696, 3365374.036366547923535 ], [ 668476.047554621123709, 3365374.097965872846544 ] ] ] ] } },
{ "type": "Feature", "properties": { "OBJECTID": 401, "Type": "F4" }, "geometry": { "type": "MultiPolygon", "coordinates": [ [ [ [ 668416.240295218070969, 3365365.536873848643154 ], [ 668416.139666398405097, 3365373.153097711503506 ], [ 668446.05034213361796, 3365373.616598139517009 ], [ 668446.234284083824605, 3365366.113107916899025 ], [ 668430.31314671644941, 3365365.722807028330863 ], [ 668416.240295218070969, 3365365.536873848643154 ] ] ] ] } },
{ "type": "Feature", "properties": { "OBJECTID": 402, "Type": "F4" }, "geometry": { "type": "MultiPolygon", "coordinates": [ [ [ [ 668386.242913304711692, 3365365.140542755834758 ], [ 668386.141839833813719, 3365372.79042063979432 ], [ 668409.923426926834509, 3365373.056769909337163 ], [ 668416.139666398405097, 3365373.153097711503506 ], [ 668416.240295218070969, 3365365.536873848643154 ], [ 668386.242913304711692, 3365365.140542755834758 ] ] ] ] } },
{ "type": "Feature", "properties": { "OBJECTID": 403, "Type": "F4" }, "geometry": { "type": "MultiPolygon", "coordinates": [ [ [ [ 668356.245388368493877, 3365364.755215710029006 ], [ 668356.146992081543431, 3365372.454484028276056 ], [ 668386.141839833813719, 3365372.79042063979432 ], [ 668386.242913304711692, 3365365.140542755834758 ], [ 668381.698883255245164, 3365365.080506170168519 ], [ 668356.245388368493877, 3365364.755215710029006 ] ] ] ] } },
{ "type": "Feature", "properties": { "OBJECTID": 404, "Type": "F4" }, "geometry": { "type": "MultiPolygon", "coordinates": [ [ [ [ 668356.146992081543431, 3365372.454484028276056 ], [ 668356.245388368493877, 3365364.755215710029006 ], [ 668340.770413279300556, 3365364.557448692619801 ], [ 668326.247807422070764, 3365364.374254433903843 ], [ 668326.150455305469222, 3365372.091810499317944 ], [ 668332.388012437266298, 3365372.188387958332896 ], [ 668356.146992081543431, 3365372.454484028276056 ] ] ] ] } },
{ "type": "Feature", "properties": { "OBJECTID": 405, "Type": "F4" }, "geometry": { "type": "MultiPolygon", "coordinates": [ [ [ [ 668296.251042318413965, 3365363.945596320088953 ], [ 668296.088678781175986, 3365371.626357450149953 ], [ 668326.150455305469222, 3365372.091810499317944 ], [ 668326.247807422070764, 3365364.374254433903843 ], [ 668302.147615152876824, 3365364.070244471542537 ], [ 668296.251042318413965, 3365363.945596320088953 ] ] ] ] } },
{ "type": "Feature", "properties": { "OBJECTID": 406, "Type": "F4" }, "geometry": { "type": "MultiPolygon", "coordinates": [ [ [ [ 668296.088678781175986, 3365371.626357450149953 ], [ 668296.251042318413965, 3365363.945596320088953 ], [ 668266.257742986083031, 3365363.311565431300551 ], [ 668266.092233880306594, 3365371.141216470394284 ], [ 668269.556788495043293, 3365371.215558400377631 ], [ 668296.088678781175986, 3365371.626357450149953 ] ] ] ] } },
{ "type": "Feature", "properties": { "OBJECTID": 407, "Type": "F4" }, "geometry": { "type": "MultiPolygon", "coordinates": [ [ [ [ 668236.259205813170411, 3365363.044961825944483 ], [ 668236.204254438751377, 3365370.499884375371039 ], [ 668266.092233880306594, 3365371.141216470394284 ], [ 668266.257742986083031, 3365363.311565431300551 ], [ 668262.953596102423035, 3365363.241718790959567 ], [ 668236.259205813170411, 3365363.044961825944483 ] ] ] ] } },
{ "type": "Feature", "properties": { "OBJECTID": 408, "Type": "F4" }, "geometry": { "type": "MultiPolygon", "coordinates": [ [ [ [ 668236.204254438751377, 3365370.499884375371039 ], [ 668236.259205813170411, 3365363.044961825944483 ], [ 668221.925633109873161, 3365362.939313027076423 ], [ 668206.265384288853966, 3365362.513471407815814 ], [ 668206.063157518394291, 3365369.950441176537424 ], [ 668213.936202979413792, 3365370.022059631999582 ], [ 668236.204254438751377, 3365370.499884375371039 ] ] ] ] } },
{ "type": "Feature", "properties": { "OBJECTID": 409, "Type": "F4" }, "geometry": { "type": "MultiPolygon", "coordinates": [ [ [ [ 668176.273757534334436, 3365361.858187837991863 ], [ 668176.221650730469264, 3365369.67898299312219 ], [ 668206.063157518394291, 3365369.950441176537424 ], [ 668206.265384288853966, 3365362.513471407815814 ], [ 668184.080037567182444, 3365361.910195937380195 ], [ 668176.273757534334436, 3365361.858187837991863 ] ] ] ] } },
{ "type": "Feature", "properties": { "OBJECTID": 410, "Type": "F4" }, "geometry": { "type": "MultiPolygon", "coordinates": [ [ [ [ 668146.274427806027234, 3365361.65793388383463 ], [ 668146.154597187531181, 3365369.405473086051643 ], [ 668176.221650730469264, 3365369.67898299312219 ], [ 668176.273757534334436, 3365361.858187837991863 ], [ 668146.318516798899509, 3365361.658615810330957 ], [ 668146.274427806027234, 3365361.65793388383463 ] ] ] ] } },
{ "type": "Feature", "properties": { "OBJECTID": 411, "Type": "F4" }, "geometry": { "type": "MultiPolygon", "coordinates": [ [ [ [ 668116.278015604242682, 3365361.193978042341769 ], [ 668116.154582267976366, 3365369.17444767197594 ], [ 668125.155345742125064, 3365369.313652912154794 ], [ 668144.37312729889527, 3365369.389267651829869 ], [ 668146.154597187531181, 3365369.405473086051643 ], [ 668146.274427806027234, 3365361.65793388383463 ], [ 668116.278015604242682, 3365361.193978042341769 ] ] ] ] } },
{ "type": "Feature", "properties": { "OBJECTID": 412, "Type": "F4" }, "geometry": { "type": "MultiPolygon", "coordinates": [ [ [ [ 668116.154582267976366, 3365369.17444767197594 ], [ 668116.278015604242682, 3365361.193978042341769 ], [ 668105.103560828720219, 3365361.021142253186554 ], [ 668086.280440448201261, 3365360.81871853582561 ], [ 668086.19725837779697, 3365368.55344082089141 ], [ 668101.233330218936317, 3365368.943676529452205 ], [ 668116.154582267976366, 3365369.17444767197594 ] ] ] ] } },
{ "type": "Feature", "properties": { "OBJECTID": 413, "Type": "F4" }, "geometry": { "type": "MultiPolygon", "coordinates": [ [ [ [ 668056.324976722709835, 3365359.324828618671745 ], [ 668055.783756418852136, 3365366.75891795149073 ], [ 668069.534691464505158, 3365368.120992194861174 ], [ 668086.19725837779697, 3365368.55344082089141 ], [ 668086.280440448201261, 3365360.81871853582561 ], [ 668081.564207746880129, 3365360.768000199459493 ], [ 668068.887846263707615, 3365360.239377222489566 ], [ 668056.324976722709835, 3365359.324828618671745 ] ] ] ] } },
{ "type": "Feature", "properties": { "OBJECTID": 414, "Type": "F4" }, "geometry": { "type": "MultiPolygon", "coordinates": [ [ [ [ 668026.623313394724391, 3365355.143295844085515 ], [ 668025.321835173643194, 3365363.063027470372617 ], [ 668025.600548395421356, 3365363.11796705937013 ], [ 668046.986881946213543, 3365365.887559305876493 ], [ 668055.783756418852136, 3365366.75891795149073 ], [ 668056.324976722709835, 3365359.324828618671745 ], [ 668055.35364865232259, 3365359.254118123091757 ], [ 668045.091023066430353, 3365357.986737059429288 ], [ 668029.656024920521304, 3365355.641660948749632 ], [ 668026.623313394724391, 3365355.143295844085515 ] ] ] ] } },
{ "type": "Feature", "properties": { "OBJECTID": 415, "Type": "F4" }, "geometry": { "type": "MultiPolygon", "coordinates": [ [ [ [ 667997.209860495524481, 3365349.293736587278545 ], [ 667995.440350502147339, 3365356.455422586761415 ], [ 668009.122419159975834, 3365359.869819587096572 ], [ 668025.321835173643194, 3365363.063027470372617 ], [ 668026.623313394724391, 3365355.143295844085515 ], [ 668019.974992591654882, 3365354.050778119824827 ], [ 668011.350715914508328, 3365352.476138040423393 ], [ 668000.911431422340684, 3365350.208320846781135 ], [ 667997.209860495524481, 3365349.293736587278545 ] ] ] ] } },
{ "type": "Feature", "properties": { "OBJECTID": 416, "Type": "F4" }, "geometry": { "type": "MultiPolygon", "coordinates": [ [ [ [ 667995.440350502147339, 3365356.455422586761415 ], [ 667997.209860495524481, 3365349.293736587278545 ], [ 667990.859789508045651, 3365347.72476085042581 ], [ 667969.71523676358629, 3365341.743831413798034 ], [ 667968.306817907956429, 3365341.273714150302112 ], [ 667965.825793215655722, 3365348.706557583063841 ], [ 667969.588491899892688, 3365349.945997986476868 ], [ 667991.125898590544239, 3365355.378739518579096 ], [ 667995.440350502147339, 3365356.455422586761415 ] ] ] ] } },
{ "type": "Feature", "properties": { "OBJECTID": 417, "Type": "F4" }, "geometry": { "type": "MultiPolygon", "coordinates": [ [ [ [ 667940.035623102681711, 3365331.267299423925579 ], [ 667936.813930667820387, 3365338.796574185136706 ], [ 667947.694073487422429, 3365342.733933171723038 ], [ 667965.825793215655722, 3365348.706557583063841 ], [ 667968.306817907956429, 3365341.273714150302112 ], [ 667950.212358112330548, 3365335.233949847985059 ], [ 667942.282858685939573, 3365332.22886556154117 ], [ 667940.035623102681711, 3365331.267299423925579 ] ] ] ] } },
{ "type": "Feature", "properties": { "OBJECTID": 418, "Type": "F4" }, "geometry": { "type": "MultiPolygon", "coordinates": [ [ [ [ 667912.814190999837592, 3365318.711680973414332 ], [ 667908.817074743681587, 3365326.277325653471053 ], [ 667923.713509404682554, 3365333.715835629496723 ], [ 667933.933354799170047, 3365337.754137383308262 ], [ 667936.813930667820387, 3365338.796574185136706 ], [ 667940.035623102681711, 3365331.267299423925579 ], [ 667921.853512758389115, 3365323.487384514417499 ], [ 667912.814190999837592, 3365318.711680973414332 ] ] ] ] } },
{ "type": "Feature", "properties": { "OBJECTID": 419, "Type": "F4" }, "geometry": { "type": "MultiPolygon", "coordinates": [ [ [ [ 667886.948619750328362, 3365303.521732782479376 ], [ 667882.630445699556731, 3365310.77683960692957 ], [ 667906.072007192880847, 3365324.906580718234181 ], [ 667908.817074743681587, 3365326.277325653471053 ], [ 667912.814190999837592, 3365318.711680973414332 ], [ 667909.748238693340681, 3365317.091860407497734 ], [ 667886.948619750328362, 3365303.521732782479376 ] ] ] ] } },
{ "type": "Feature", "properties": { "OBJECTID": 420, "Type": "F4" }, "geometry": { "type": "MultiPolygon", "coordinates": [ [ [ [ 667882.630445699556731, 3365310.77683960692957 ], [ 667886.948619750328362, 3365303.521732782479376 ], [ 667886.800173487863503, 3365303.433378905523568 ], [ 667871.193242874694988, 3365293.546990164555609 ], [ 667861.864046052098274, 3365287.078222477342933 ], [ 667856.808349229162559, 3365294.369518082588911 ], [ 667873.415263030328788, 3365305.2222546255216 ], [ 667882.630445699556731, 3365310.77683960692957 ] ] ] ] } },
{ "type": "Feature", "properties": { "OBJECTID": 421, "Type": "F4" }, "geometry": { "type": "MultiPolygon", "coordinates": [ [ [ [ 667838.231373166316189, 3365268.629622475709766 ], [ 667832.014039378263988, 3365276.234547779429704 ], [ 667848.39468222099822, 3365288.871126720216125 ], [ 667856.808349229162559, 3365294.369518082588911 ], [ 667861.864046052098274, 3365287.078222477342933 ], [ 667854.839918564772233, 3365282.207765804138035 ], [ 667838.231373166316189, 3365268.629622475709766 ] ] ] ] } },
{ "type": "Feature", "properties": { "OBJECTID": 422, "Type": "F4" }, "geometry": { "type": "MultiPolygon", "coordinates": [ [ [ [ 667832.014039378263988, 3365276.234547779429704 ], [ 667838.231373166316189, 3365268.629622475709766 ], [ 667835.765437787282281, 3365266.613622686825693 ], [ 667815.264631758560427, 3365249.329125124961138 ], [ 667808.120689419447444, 3365257.802413838449866 ], [ 667832.014039378263988, 3365276.234547779429704 ] ] ] ] } },
{ "type": "Feature", "properties": { "OBJECTID": 423, "Type": "F4" }, "geometry": { "type": "MultiPolygon", "coordinates": [ [ [ [ 667792.674256578437053, 3365229.591535694431514 ], [ 667785.02219809172675, 3365238.236190579365939 ], [ 667803.666300916112959, 3365254.366148699540645 ], [ 667808.120689419447444, 3365257.802413838449866 ], [ 667815.264631758560427, 3365249.329125124961138 ], [ 667809.109428751864471, 3365244.13959300564602 ], [ 667792.674256578437053, 3365229.591535694431514 ] ] ] ] } },
{ "type": "Feature", "properties": { "OBJECTID": 424, "Type": "F4" }, "geometry": { "type": "MultiPolygon", "coordinates": [ [ [ [ 667785.02219809172675, 3365238.236190579365939 ], [ 667792.674256578437053, 3365229.591535694431514 ], [ 667770.21063585113734, 3365209.707226706668735 ], [ 667762.325605149962939, 3365218.615074090193957 ], [ 667766.872395530110225, 3365222.533876664470881 ], [ 667785.02219809172675, 3365238.236190579365939 ] ] ] ] } },
{ "type": "Feature", "properties": { "OBJECTID": 425, "Type": "F4" }, "geometry": { "type": "MultiPolygon", "coordinates": [ [ [ [ 667747.989790546242148, 3365189.552394745871425 ], [ 667739.470186088816263, 3365198.916370705235749 ], [ 667762.325605149962939, 3365218.615074090193957 ], [ 667770.21063585113734, 3365209.707226706668735 ], [ 667767.681507360073738, 3365207.468497118446976 ], [ 667747.989790546242148, 3365189.552394745871425 ] ] ] ] } },
{ "type": "Feature", "properties": { "OBJECTID": 426, "Type": "F4" }, "geometry": { "type": "MultiPolygon", "coordinates": [ [ [ [ 667739.470186088816263, 3365198.916370705235749 ], [ 667747.989790546242148, 3365189.552394745871425 ], [ 667739.915122723206878, 3365182.205824778880924 ], [ 667725.936452071531676, 3365169.214556574355811 ], [ 667715.339346604421735, 3365159.365929960273206 ], [ 667708.178415743634105, 3365168.55960641335696 ], [ 667711.715337659814395, 3365172.568765342701226 ], [ 667718.159777840133756, 3365179.006626597139984 ], [ 667729.412572464672849, 3365190.247881756629795 ], [ 667739.470186088816263, 3365198.916370705235749 ] ] ] ] } },
{ "type": "Feature", "properties": { "OBJECTID": 427, "Type": "F4" }, "geometry": { "type": "MultiPolygon", "coordinates": [ [ [ [ 670486.760679134866223, 3365885.535405184607953 ], [ 670486.652536648442037, 3365886.386146734002978 ], [ 670495.870924203074537, 3365888.074601921718568 ], [ 670496.174793456448242, 3365887.081506639253348 ], [ 670488.698840739089064, 3365885.855590328574181 ], [ 670486.760679134866223, 3365885.535405184607953 ] ] ] ] } },
{ "type": "Feature", "properties": { "OBJECTID": 428, "Type": "F4" }, "geometry": { "type": "MultiPolygon", "coordinates": [ [ [ [ 670486.652536648442037, 3365886.386146734002978 ], [ 670486.760679134866223, 3365885.535405184607953 ], [ 670474.609850247623399, 3365883.528082942590117 ], [ 670463.298105469322763, 3365881.79842289770022 ], [ 670457.370201401179656, 3365880.981420028954744 ], [ 670457.228829262661748, 3365881.929443201981485 ], [ 670465.008206758880988, 3365883.044855217915028 ], [ 670481.306789495516568, 3365885.407010799273849 ], [ 670486.652536648442037, 3365886.386146734002978 ] ] ] ] } },
{ "type": "Feature", "properties": { "OBJECTID": 429, "Type": "F4" }, "geometry": { "type": "MultiPolygon", "coordinates": [ [ [ [ 670427.637955227168277, 3365876.815816659014672 ], [ 670427.530826883972622, 3365877.543057505507022 ], [ 670434.903534767800011, 3365878.692227327264845 ], [ 670449.380304035264999, 3365880.804116740822792 ], [ 670457.228829262661748, 3365881.929443201981485 ], [ 670457.370201401179656, 3365880.981420028954744 ], [ 670449.682430640794337, 3365879.921866653487086 ], [ 670436.929670323384926, 3365878.169733898714185 ], [ 670428.396906290203333, 3365876.927186731249094 ], [ 670427.637955227168277, 3365876.815816659014672 ] ] ] ] } },
{ "type": "Feature", "properties": { "OBJECTID": 430, "Type": "F4" }, "geometry": { "type": "MultiPolygon", "coordinates": [ [ [ [ 670427.530826883972622, 3365877.543057505507022 ], [ 670427.637955227168277, 3365876.815816659014672 ], [ 670414.016200856072828, 3365874.816931826993823 ], [ 670401.074761311290786, 3365872.840136191342026 ], [ 670398.052528918138705, 3365872.368441704194993 ], [ 670397.93881289800629, 3365873.105785342864692 ], [ 670402.884421138442121, 3365873.866272423416376 ], [ 670419.086951033445075, 3365876.226926789619029 ], [ 670427.530826883972622, 3365877.543057505507022 ] ] ] ] } },
{ "type": "Feature", "properties": { "OBJECTID": 431, "Type": "F4" }, "geometry": { "type": "MultiPolygon", "coordinates": [ [ [ [ 670368.390544435125776, 3365867.876957689411938 ], [ 670368.281653293874115, 3365868.583016474265605 ], [ 670383.616322373738512, 3365870.903413365129381 ], [ 670397.93881289800629, 3365873.105785342864692 ], [ 670398.052528918138705, 3365872.368441704194993 ], [ 670384.491406122222543, 3365870.251891409978271 ], [ 670369.343840387533419, 3365868.018800592515618 ], [ 670368.390544435125776, 3365867.876957689411938 ] ] ] ] } },
{ "type": "Feature", "properties": { "OBJECTID": 432, "Type": "F4" }, "geometry": { "type": "MultiPolygon", "coordinates": [ [ [ [ 670368.281653293874115, 3365868.583016474265605 ], [ 670368.390544435125776, 3365867.876957689411938 ], [ 670356.018095719977282, 3365866.036035106517375 ], [ 670340.393630169564858, 3365863.57376293791458 ], [ 670338.574952119612135, 3365863.310206425841898 ], [ 670338.46138393797446, 3365864.118103948887438 ], [ 670346.323839701712132, 3365865.329714664723724 ], [ 670368.08628947311081, 3365868.553454597014934 ], [ 670368.281653293874115, 3365868.583016474265605 ] ] ] ] } },
{ "type": "Feature", "properties": { "OBJECTID": 433, "Type": "F4" }, "geometry": { "type": "MultiPolygon", "coordinates": [ [ [ [ 670338.46138393797446, 3365864.118103948887438 ], [ 670338.574952119612135, 3365863.310206425841898 ], [ 670324.094996720203198, 3365861.211821533739567 ], [ 670313.529513247427531, 3365859.388925023842603 ], [ 670313.349230076884851, 3365860.156431182753295 ], [ 670321.495899256784469, 3365861.503709203563631 ], [ 670338.46138393797446, 3365864.118103948887438 ] ] ] ] } },
{ "type": "Feature", "properties": { "OBJECTID": 434, "Type": "F4" }, "geometry": { "type": "MultiPolygon", "coordinates": [ [ [ [ 670484.092207312816754, 3365906.527893218677491 ], [ 670484.003969173762016, 3365907.222050099633634 ], [ 670485.381692875642329, 3365907.422907288651913 ], [ 670485.563831489766017, 3365906.75822970084846 ], [ 670484.092207312816754, 3365906.527893218677491 ] ] ] ] } },
{ "type": "Feature", "properties": { "OBJECTID": 435, "Type": "F4" }, "geometry": { "type": "MultiPolygon", "coordinates": [ [ [ [ 670484.003969173762016, 3365907.222050099633634 ], [ 670484.092207312816754, 3365906.527893218677491 ], [ 670463.537178433965892, 3365903.310649908147752 ], [ 670454.243682787404396, 3365901.947447196114808 ], [ 670454.111039029085077, 3365902.836938986554742 ], [ 670461.891858012997545, 3365904.060958112590015 ], [ 670477.711870909086429, 3365906.3047303436324 ], [ 670484.003969173762016, 3365907.222050099633634 ] ] ] ] } },
{ "type": "Feature", "properties": { "OBJECTID": 436, "Type": "F4" }, "geometry": { "type": "MultiPolygon", "coordinates": [ [ [ [ 670424.567484718048945, 3365897.659708270337433 ], [ 670424.459791701403446, 3365898.39078240422532 ], [ 670425.175950517063029, 3365898.496023080311716 ], [ 670443.104188316268846, 3365901.105425142217427 ], [ 670454.111039029085077, 3365902.836938986554742 ], [ 670454.243682787404396, 3365901.947447196114808 ], [ 670438.994092024164274, 3365899.710583450272679 ], [ 670424.567484718048945, 3365897.659708270337433 ] ] ] ] } },
{ "type": "Feature", "properties": { "OBJECTID": 437, "Type": "F4" }, "geometry": { "type": "MultiPolygon", "coordinates": [ [ [ [ 670424.459791701403446, 3365898.39078240422532 ], [ 670424.567484718048945, 3365897.659708270337433 ], [ 670414.449342505075037, 3365896.22132110921666 ], [ 670394.830281600006856, 3365893.261747305747122 ], [ 670394.73381522425916, 3365893.88724288996309 ], [ 670407.439765047281981, 3365895.889662435278296 ], [ 670424.459791701403446, 3365898.39078240422532 ] ] ] ] } },
{ "type": "Feature", "properties": { "OBJECTID": 438, "Type": "F4" }, "geometry": { "type": "MultiPolygon", "coordinates": [ [ [ [ 670365.175014488399029, 3365888.726708552334458 ], [ 670365.03230320115108, 3365889.652059842366725 ], [ 670365.256608522031456, 3365889.684940902516246 ], [ 670378.872279073111713, 3365891.561391342896968 ], [ 670391.815436392091215, 3365893.427315148059279 ], [ 670394.73381522425916, 3365893.88724288996309 ], [ 670394.830281600006856, 3365893.261747305747122 ], [ 670392.304401906090789, 3365892.880713401827961 ], [ 670374.187473152764142, 3365890.046691511292011 ], [ 670365.175014488399029, 3365888.726708552334458 ] ] ] ] } },
{ "type": "Feature", "properties": { "OBJECTID": 439, "Type": "F4" }, "geometry": { "type": "MultiPolygon", "coordinates": [ [ [ [ 670365.03230320115108, 3365889.652059842366725 ], [ 670365.175014488399029, 3365888.726708552334458 ], [ 670358.08102970267646, 3365887.687709165271372 ], [ 670347.342153999372385, 3365886.188897414598614 ], [ 670337.852307845372707, 3365884.709772630129009 ], [ 670335.618118583457544, 3365884.344429731369019 ], [ 670335.48808445665054, 3365885.269462144002318 ], [ 670350.012995023163967, 3365887.450369865167886 ], [ 670365.03230320115108, 3365889.652059842366725 ] ] ] ] } },
{ "type": "Feature", "properties": { "OBJECTID": 440, "Type": "F4" }, "geometry": { "type": "MultiPolygon", "coordinates": [ [ [ [ 670305.636072972556576, 3365879.546719996258616 ], [ 670305.473490629461594, 3365880.437802512664348 ], [ 670311.382574154064059, 3365881.412322964984924 ], [ 670318.474249455495737, 3365882.632193507160991 ], [ 670333.523990561603568, 3365884.974554473534226 ], [ 670335.48808445665054, 3365885.269462144002318 ], [ 670335.618118583457544, 3365884.344429731369019 ], [ 670325.104668469168246, 3365882.625231449492276 ], [ 670316.956278465688229, 3365881.388796214014292 ], [ 670309.288163402350619, 3365880.159993162378669 ], [ 670306.316938648582436, 3365879.669938297010958 ], [ 670305.636072972556576, 3365879.546719996258616 ] ] ] ] } },
{ "type": "Feature", "properties": { "OBJECTID": 441, "Type": "F4" }, "geometry": { "type": "MultiPolygon", "coordinates": [ [ [ [ 670305.473490629461594, 3365880.437802512664348 ], [ 670305.636072972556576, 3365879.546719996258616 ], [ 670302.292558690998703, 3365878.941634200979024 ], [ 670302.192697123275138, 3365879.865743238478899 ], [ 670305.440210077329539, 3365880.432313915342093 ], [ 670305.473490629461594, 3365880.437802512664348 ] ] ] ] } },
{ "type": "Feature", "properties": { "OBJECTID": 442, "Type": "F4" }, "geometry": { "type": "MultiPolygon", "coordinates": [ [ [ [ 671938.185520169441588, 3365943.007407560944557 ], [ 671938.428971263347194, 3365951.008102179970592 ], [ 671967.027057325933129, 3365950.168835178948939 ], [ 671966.388264223700389, 3365941.954311155714095 ], [ 671958.021489060134627, 3365942.376295196823776 ], [ 671938.185520169441588, 3365943.007407560944557 ] ] ] ] } },
{ "type": "Feature", "properties": { "OBJECTID": 443, "Type": "F4" }, "geometry": { "type": "MultiPolygon", "coordinates": [ [ [ [ 671908.200664235162549, 3365943.961422633845359 ], [ 671908.441864073043689, 3365951.888132733758539 ], [ 671938.428971263347194, 3365951.008102179970592 ], [ 671938.185520169441588, 3365943.007407560944557 ], [ 671908.200664235162549, 3365943.961422633845359 ] ] ] ] } },
{ "type": "Feature", "properties": { "OBJECTID": 444, "Type": "F4" }, "geometry": { "type": "MultiPolygon", "coordinates": [ [ [ [ 671908.441864073043689, 3365951.888132733758539 ], [ 671908.200664235162549, 3365943.961422633845359 ], [ 671902.163595765712671, 3365944.153501406311989 ], [ 671878.097550668171607, 3365944.879199853632599 ], [ 671878.409890654729679, 3365952.769479975104332 ], [ 671908.441864073043689, 3365951.888132733758539 ] ] ] ] } },
{ "type": "Feature", "properties": { "OBJECTID": 445, "Type": "F4" }, "geometry": { "type": "MultiPolygon", "coordinates": [ [ [ [ 671848.328445268445648, 3365945.776870970148593 ], [ 671848.507025577593595, 3365953.631320030428469 ], [ 671856.565498803392984, 3365953.410546555649489 ], [ 671878.409890654729679, 3365952.769479975104332 ], [ 671878.097550668171607, 3365944.879199853632599 ], [ 671848.328445268445648, 3365945.776870970148593 ] ] ] ] } },
{ "type": "Feature", "properties": { "OBJECTID": 446, "Type": "F4" }, "geometry": { "type": "MultiPolygon", "coordinates": [ [ [ [ 671818.345683271763846, 3365946.876171459443867 ], [ 671818.51795136241708, 3365954.452913890127093 ], [ 671848.507025577593595, 3365953.631320030428469 ], [ 671848.328445268445648, 3365945.776870970148593 ], [ 671846.691782918642275, 3365945.826223629526794 ], [ 671818.345683271763846, 3365946.876171459443867 ] ] ] ] } },
{ "type": "Feature", "properties": { "OBJECTID": 447, "Type": "F4" }, "geometry": { "type": "MultiPolygon", "coordinates": [ [ [ [ 671788.13220385054592, 3365947.892063998151571 ], [ 671788.440246164798737, 3365955.302967117633671 ], [ 671789.848410037229769, 3365955.23835724638775 ], [ 671818.51795136241708, 3365954.452913890127093 ], [ 671818.345683271763846, 3365946.876171459443867 ], [ 671800.540308379218914, 3365947.535687758587301 ], [ 671788.13220385054592, 3365947.892063998151571 ] ] ] ] } },
{ "type": "Feature", "properties": { "OBJECTID": 448, "Type": "F4" }, "geometry": { "type": "MultiPolygon", "coordinates": [ [ [ [ 671788.440246164798737, 3365955.302967117633671 ], [ 671788.13220385054592, 3365947.892063998151571 ], [ 671758.142102017533034, 3365948.753417131025344 ], [ 671758.471496154554188, 3365956.678003868553787 ], [ 671788.440246164798737, 3365955.302967117633671 ] ] ] ] } },
{ "type": "Feature", "properties": { "OBJECTID": 449, "Type": "F4" }, "geometry": { "type": "MultiPolygon", "coordinates": [ [ [ [ 671728.161029999493621, 3365949.832010181155056 ], [ 671728.502746144076809, 3365958.053040619473904 ], [ 671758.471496154554188, 3365956.678003868553787 ], [ 671758.142102017533034, 3365948.753417131025344 ], [ 671750.741854822728783, 3365948.965961461421102 ], [ 671728.161029999493621, 3365949.832010181155056 ] ] ] ] } },
{ "type": "Feature", "properties": { "OBJECTID": 450, "Type": "F4" }, "geometry": { "type": "MultiPolygon", "coordinates": [ [ [ [ 671698.162405833834782, 3365950.966112499590963 ], [ 671698.521031322190538, 3365959.287583369761705 ], [ 671714.361157689476386, 3365958.701889965217561 ], [ 671728.502746144076809, 3365958.053040619473904 ], [ 671728.161029999493621, 3365949.832010181155056 ], [ 671701.608848220203072, 3365950.85037347022444 ], [ 671698.162405833834782, 3365950.966112499590963 ] ] ] ] } },
{ "type": "Feature", "properties": { "OBJECTID": 451, "Type": "F4" }, "geometry": { "type": "MultiPolygon", "coordinates": [ [ [ [ 671668.531307690078393, 3365951.961189207155257 ], [ 671668.666913944412954, 3365960.283525010570884 ], [ 671672.344335724716075, 3365960.255474510136992 ], [ 671698.521031322190538, 3365959.287583369761705 ], [ 671698.162405833834782, 3365950.966112499590963 ], [ 671668.531307690078393, 3365951.961189207155257 ] ] ] ] } },
{ "type": "Feature", "properties": { "OBJECTID": 452, "Type": "F4" }, "geometry": { "type": "MultiPolygon", "coordinates": [ [ [ [ 671668.666913944412954, 3365960.283525010570884 ], [ 671668.531307690078393, 3365951.961189207155257 ], [ 671663.439992288360372, 3365952.132166649214923 ], [ 671638.535583495162427, 3365952.467998571693897 ], [ 671638.666660361457616, 3365960.51235982356593 ], [ 671668.666913944412954, 3365960.283525010570884 ] ] ] ] } },
{ "type": "Feature", "properties": { "OBJECTID": 453, "Type": "F4" }, "geometry": { "type": "MultiPolygon", "coordinates": [ [ [ [ 671608.797571430099197, 3365952.420685581862926 ], [ 671608.77006515301764, 3365960.776150582823902 ], [ 671634.479409710736945, 3365960.544299177825451 ], [ 671638.666660361457616, 3365960.51235982356593 ], [ 671638.535583495162427, 3365952.467998571693897 ], [ 671625.571537563460879, 3365952.64281663345173 ], [ 671608.797571430099197, 3365952.420685581862926 ] ] ] ] } },
{ "type": "Feature", "properties": { "OBJECTID": 454, "Type": "F4" }, "geometry": { "type": "MultiPolygon", "coordinates": [ [ [ [ 671608.77006515301764, 3365960.776150582823902 ], [ 671608.797571430099197, 3365952.420685581862926 ], [ 671582.050812140107155, 3365952.06648874329403 ], [ 671578.798846436082385, 3365951.983016184996814 ], [ 671578.769685373525135, 3365960.841774886939675 ], [ 671582.775466619292274, 3365960.947474103420973 ], [ 671607.665833699982613, 3365960.786108736880124 ], [ 671608.77006515301764, 3365960.776150582823902 ] ] ] ] } },
{ "type": "Feature", "properties": { "OBJECTID": 455, "Type": "F4" }, "geometry": { "type": "MultiPolygon", "coordinates": [ [ [ [ 671549.213868701830506, 3365951.223618945106864 ], [ 671548.933372131199576, 3365960.054494020529091 ], [ 671578.769685373525135, 3365960.841774886939675 ], [ 671578.798846436082385, 3365951.983016184996814 ], [ 671549.213868701830506, 3365951.223618945106864 ] ] ] ] } },
{ "type": "Feature", "properties": { "OBJECTID": 456, "Type": "F4" }, "geometry": { "type": "MultiPolygon", "coordinates": [ [ [ [ 671548.933372131199576, 3365960.054494020529091 ], [ 671549.213868701830506, 3365951.223618945106864 ], [ 671525.955665201880038, 3365950.626619491260499 ], [ 671519.224756005452946, 3365950.404630969744176 ], [ 671518.943379055825062, 3365959.263158055953681 ], [ 671548.933372131199576, 3365960.054494020529091 ] ] ] ] } },
{ "type": "Feature", "properties": { "OBJECTID": 457, "Type": "F4" }, "geometry": { "type": "MultiPolygon", "coordinates": [ [ [ [ 671489.241036188672297, 3365949.415753919165581 ], [ 671488.961541551863775, 3365958.2150210859254 ], [ 671499.113967522978783, 3365958.739925974048674 ], [ 671518.943379055825062, 3365959.263158055953681 ], [ 671519.224756005452946, 3365950.404630969744176 ], [ 671489.241036188672297, 3365949.415753919165581 ] ] ] ] } },
{ "type": "Feature", "properties": { "OBJECTID": 458, "Type": "F4" }, "geometry": { "type": "MultiPolygon", "coordinates": [ [ [ [ 671460.001492277020589, 3365948.294212878216058 ], [ 671459.299746442353353, 3365956.681434799917042 ], [ 671488.961541551863775, 3365958.2150210859254 ], [ 671489.241036188672297, 3365949.415753919165581 ], [ 671467.946146987145767, 3365948.713438550941646 ], [ 671460.001492277020589, 3365948.294212878216058 ] ] ] ] } },
{ "type": "Feature", "properties": { "OBJECTID": 459, "Type": "F4" }, "geometry": { "type": "MultiPolygon", "coordinates": [ [ [ [ 671430.028999002883211, 3365946.712616306263953 ], [ 671429.336644580587745, 3365954.987592659890652 ], [ 671434.30466650868766, 3365955.389128934126347 ], [ 671459.299746442353353, 3365956.681434799917042 ], [ 671460.001492277020589, 3365948.294212878216058 ], [ 671430.028999002883211, 3365946.712616306263953 ] ] ] ] } },
{ "type": "Feature", "properties": { "OBJECTID": 460, "Type": "F4" }, "geometry": { "type": "MultiPolygon", "coordinates": [ [ [ [ 671429.336644580587745, 3365954.987592659890652 ], [ 671430.028999002883211, 3365946.712616306263953 ], [ 671400.056505727232434, 3365945.131019734311849 ], [ 671399.434035969781689, 3365952.570738984271884 ], [ 671429.336644580587745, 3365954.987592659890652 ] ] ] ] } },
{ "type": "Feature", "properties": { "OBJECTID": 461, "Type": "F4" }, "geometry": { "type": "MultiPolygon", "coordinates": [ [ [ [ 671370.123883123858832, 3365943.072891407180578 ], [ 671369.530307798297144, 3365950.167266230098903 ], [ 671384.880182521068491, 3365951.394435784313828 ], [ 671399.434035969781689, 3365952.570738984271884 ], [ 671400.056505727232434, 3365945.131019734311849 ], [ 671384.031412505544722, 3365944.285403312649578 ], [ 671370.123883123858832, 3365943.072891407180578 ] ] ] ] } },
{ "type": "Feature", "properties": { "OBJECTID": 462, "Type": "F4" }, "geometry": { "type": "MultiPolygon", "coordinates": [ [ [ [ 671340.139651158126071, 3365940.458750733640045 ], [ 671339.587520236033015, 3365947.773443614132702 ], [ 671369.530307798297144, 3365950.167266230098903 ], [ 671370.123883123858832, 3365943.072891407180578 ], [ 671340.139651158126071, 3365940.458750733640045 ] ] ] ] } },
{ "type": "Feature", "properties": { "OBJECTID": 463, "Type": "F4" }, "geometry": { "type": "MultiPolygon", "coordinates": [ [ [ [ 671310.247553589986637, 3365937.898618575185537 ], [ 671309.680621364852414, 3365945.409400792792439 ], [ 671312.325994543964043, 3365945.593978638760746 ], [ 671339.587520236033015, 3365947.773443614132702 ], [ 671340.139651158126071, 3365940.458750733640045 ], [ 671314.17228343070019, 3365938.194815734401345 ], [ 671310.247553589986637, 3365937.898618575185537 ] ] ] ] } },
{ "type": "Feature", "properties": { "OBJECTID": 464, "Type": "F4" }, "geometry": { "type": "MultiPolygon", "coordinates": [ [ [ [ 671309.680621364852414, 3365945.409400792792439 ], [ 671310.247553589986637, 3365937.898618575185537 ], [ 671280.439856490120292, 3365935.649048399645835 ], [ 671279.805009215371683, 3365943.182529992889613 ], [ 671285.641702908091247, 3365943.732113132718951 ], [ 671309.680621364852414, 3365945.409400792792439 ] ] ] ] } },
{ "type": "Feature", "properties": { "OBJECTID": 465, "Type": "F4" }, "geometry": { "type": "MultiPolygon", "coordinates": [ [ [ [ 671250.553030859911814, 3365933.366478141862899 ], [ 671249.946775952470489, 3365940.371078432071954 ], [ 671279.805009215371683, 3365943.182529992889613 ], [ 671280.439856490120292, 3365935.649048399645835 ], [ 671265.895343373762444, 3365934.551382155623287 ], [ 671251.30694510426838, 3365933.434500047005713 ], [ 671250.553030859911814, 3365933.366478141862899 ] ] ] ] } },
{ "type": "Feature", "properties": { "OBJECTID": 466, "Type": "F4" }, "geometry": { "type": "MultiPolygon", "coordinates": [ [ [ [ 671220.783913223305717, 3365930.680559806060046 ], [ 671220.119012386654504, 3365937.620140195358545 ], [ 671226.24881136440672, 3365938.139677835162729 ], [ 671249.946775952470489, 3365940.371078432071954 ], [ 671250.553030859911814, 3365933.366478141862899 ], [ 671220.783913223305717, 3365930.680559806060046 ] ] ] ] } },
{ "type": "Feature", "properties": { "OBJECTID": 467, "Type": "F4" }, "geometry": { "type": "MultiPolygon", "coordinates": [ [ [ [ 671190.915967373060994, 3365927.868398794904351 ], [ 671190.224391272757202, 3365935.086389748845249 ], [ 671220.119012386654504, 3365937.620140195358545 ], [ 671220.783913223305717, 3365930.680559806060046 ], [ 671202.177548039006069, 3365929.001800696365535 ], [ 671190.915967373060994, 3365927.868398794904351 ] ] ] ] } },
{ "type": "Feature", "properties": { "OBJECTID": 468, "Type": "F4" }, "geometry": { "type": "MultiPolygon", "coordinates": [ [ [ [ 671190.224391272757202, 3365935.086389748845249 ], [ 671190.915967373060994, 3365927.868398794904351 ], [ 671161.690843461197801, 3365924.927087801508605 ], [ 671160.971519507118501, 3365924.86334946192801 ], [ 671160.306540630990639, 3365932.423288920894265 ], [ 671170.013885912951082, 3365933.373426845297217 ], [ 671190.224391272757202, 3365935.086389748845249 ] ] ] ] } },
{ "type": "Feature", "properties": { "OBJECTID": 469, "Type": "F4" }, "geometry": { "type": "MultiPolygon", "coordinates": [ [ [ [ 671131.120686929440126, 3365922.218306858558208 ], [ 671130.460697071393952, 3365929.502030119299889 ], [ 671160.306540630990639, 3365932.423288920894265 ], [ 671160.971519507118501, 3365924.86334946192801 ], [ 671131.120686929440126, 3365922.218306858558208 ] ] ] ] } },
{ "type": "Feature", "properties": { "OBJECTID": 470, "Type": "F4" }, "geometry": { "type": "MultiPolygon", "coordinates": [ [ [ [ 671130.460697071393952, 3365929.502030119299889 ], [ 671131.120686929440126, 3365922.218306858558208 ], [ 671108.433927025529556, 3365920.208063213620335 ], [ 671101.159022786188871, 3365919.599153257906437 ], [ 671100.558489626739174, 3365926.721067680045962 ], [ 671111.96759472345002, 3365927.691957708448172 ], [ 671130.460697071393952, 3365929.502030119299889 ] ] ] ] } },
{ "type": "Feature", "properties": { "OBJECTID": 471, "Type": "F4" }, "geometry": { "type": "MultiPolygon", "coordinates": [ [ [ [ 671071.263553714146838, 3365917.096900560427457 ], [ 671070.666518949088641, 3365924.177325991913676 ], [ 671100.558489626739174, 3365926.721067680045962 ], [ 671101.159022786188871, 3365919.599153257906437 ], [ 671071.263553714146838, 3365917.096900560427457 ] ] ] ] } },
{ "type": "Feature", "properties": { "OBJECTID": 472, "Type": "F4" }, "geometry": { "type": "MultiPolygon", "coordinates": [ [ [ [ 671070.666518949088641, 3365924.177325991913676 ], [ 671071.263553714146838, 3365917.096900560427457 ], [ 671052.96573250356596, 3365915.565371740143746 ], [ 671041.572272083139978, 3365914.508432581555098 ], [ 671040.849038713378832, 3365921.68745619431138 ], [ 671051.222672726260498, 3365922.522696970030665 ], [ 671070.666518949088641, 3365924.177325991913676 ] ] ] ] } },
{ "type": "Feature", "properties": { "OBJECTID": 473, "Type": "F4" }, "geometry": { "type": "MultiPolygon", "coordinates": [ [ [ [ 671011.873763997922651, 3365911.753385827876627 ], [ 671011.000685165403411, 3365919.284194046165794 ], [ 671040.849038713378832, 3365921.68745619431138 ], [ 671041.572272083139978, 3365914.508432581555098 ], [ 671011.873763997922651, 3365911.753385827876627 ] ] ] ] } },
{ "type": "Feature", "properties": { "OBJECTID": 474, "Type": "F4" }, "geometry": { "type": "MultiPolygon", "coordinates": [ [ [ [ 671011.000685165403411, 3365919.284194046165794 ], [ 671011.873763997922651, 3365911.753385827876627 ], [ 671004.030118538765237, 3365911.025752981659025 ], [ 670970.348454349907115, 3365908.056703854352236 ], [ 670965.388257568469271, 3365907.085705328732729 ], [ 670964.43700308597181, 3365915.760089080315083 ], [ 670980.303059590281919, 3365916.639329366851598 ], [ 670989.609483890933916, 3365917.561865735799074 ], [ 671011.000685165403411, 3365919.284194046165794 ] ] ] ] } },
{ "type": "Feature", "properties": { "OBJECTID": 475, "Type": "F4" }, "geometry": { "type": "MultiPolygon", "coordinates": [ [ [ [ 670964.43700308597181, 3365915.760089080315083 ], [ 670965.388257568469271, 3365907.085705328732729 ], [ 670948.794025414739735, 3365903.837250547483563 ], [ 670935.365473030484281, 3365902.348969432059675 ], [ 670934.456733586266637, 3365913.522974182851613 ], [ 670937.011158566921949, 3365913.740940120071173 ], [ 670952.364600236876868, 3365915.091079554054886 ], [ 670964.43700308597181, 3365915.760089080315083 ] ] ] ] } },
{ "type": "Feature", "properties": { "OBJECTID": 476, "Type": "F4" }, "geometry": { "type": "MultiPolygon", "coordinates": [ [ [ [ 670905.268627289216965, 3365899.993118433747441 ], [ 670904.529453798779286, 3365911.059127393178642 ], [ 670921.081192527781241, 3365912.381655739154667 ], [ 670934.456733586266637, 3365913.522974182851613 ], [ 670935.365473030484281, 3365902.348969432059675 ], [ 670933.637858935864642, 3365902.157498649787158 ], [ 670915.97873398871161, 3365900.771125946659595 ], [ 670905.268627289216965, 3365899.993118433747441 ] ] ] ] } },
{ "type": "Feature", "properties": { "OBJECTID": 477, "Type": "F4" }, "geometry": { "type": "MultiPolygon", "coordinates": [ [ [ [ 670875.273680110112764, 3365897.986961605027318 ], [ 670874.564874117262661, 3365909.403130824211985 ], [ 670875.291465555084869, 3365909.44423052854836 ], [ 670903.806288919877261, 3365911.00134457834065 ], [ 670904.529453798779286, 3365911.059127393178642 ], [ 670905.268627289216965, 3365899.993118433747441 ], [ 670882.864753791131079, 3365898.365648008882999 ], [ 670875.273680110112764, 3365897.986961605027318 ] ] ] ] } },
{ "type": "Feature", "properties": { "OBJECTID": 478, "Type": "F4" }, "geometry": { "type": "MultiPolygon", "coordinates": [ [ [ [ 670845.017570073017851, 3365896.490697263740003 ], [ 670844.570096784387715, 3365907.723829632159323 ], [ 670845.433273281203583, 3365907.755299426615238 ], [ 670874.564874117262661, 3365909.403130824211985 ], [ 670875.273680110112764, 3365897.986961605027318 ], [ 670850.410992962541059, 3365896.746667810250074 ], [ 670845.017570073017851, 3365896.490697263740003 ] ] ] ] } },
{ "type": "Feature", "properties": { "OBJECTID": 479, "Type": "F4" }, "geometry": { "type": "MultiPolygon", "coordinates": [ [ [ [ 670844.570096784387715, 3365907.723829632159323 ], [ 670845.017570073017851, 3365896.490697263740003 ], [ 670822.468998226569965, 3365895.420547494199127 ], [ 670815.018450246425346, 3365895.27723304880783 ], [ 670814.586320117581636, 3365906.630677429493517 ], [ 670844.570096784387715, 3365907.723829632159323 ] ] ] ] } },
{ "type": "Feature", "properties": { "OBJECTID": 480, "Type": "F4" }, "geometry": { "type": "MultiPolygon", "coordinates": [ [ [ [ 670784.729182838229463, 3365894.716552152764052 ], [ 670784.554985419264995, 3365905.801844737492502 ], [ 670813.356950871529989, 3365906.58585693500936 ], [ 670814.586320117581636, 3365906.630677429493517 ], [ 670815.018450246425346, 3365895.27723304880783 ], [ 670790.960282502695918, 3365894.814464003778994 ], [ 670784.729182838229463, 3365894.716552152764052 ] ] ] ] } },
{ "type": "Feature", "properties": { "OBJECTID": 481, "Type": "F4" }, "geometry": { "type": "MultiPolygon", "coordinates": [ [ [ [ 670754.482206826796755, 3365894.241268885321915 ], [ 670754.519941836944781, 3365905.655435754451901 ], [ 670784.445546389324591, 3365905.798865720629692 ], [ 670784.554985419264995, 3365905.801844737492502 ], [ 670784.729182838229463, 3365894.716552152764052 ], [ 670754.482206826796755, 3365894.241268885321915 ] ] ] ] } },
{ "type": "Feature", "properties": { "OBJECTID": 482, "Type": "F4" }, "geometry": { "type": "MultiPolygon", "coordinates": [ [ [ [ 670724.339787625009194, 3365894.198850322980434 ], [ 670724.495725090848282, 3365905.441915032453835 ], [ 670728.430709539912641, 3365905.362254022620618 ], [ 670753.986613850109279, 3365905.652879574801773 ], [ 670754.519941836944781, 3365905.655435754451901 ], [ 670754.482206826796755, 3365894.241268885321915 ], [ 670753.397491585812531, 3365894.224224305246025 ], [ 670724.339787625009194, 3365894.198850322980434 ] ] ] ] } },
{ "type": "Feature", "properties": { "OBJECTID": 483, "Type": "F4" }, "geometry": { "type": "MultiPolygon", "coordinates": [ [ [ [ 670724.495725090848282, 3365905.441915032453835 ], [ 670724.339787625009194, 3365894.198850322980434 ], [ 670723.513229380128905, 3365894.198128549847752 ], [ 670704.098658342845738, 3365894.447532271966338 ], [ 670694.343503599404357, 3365894.674806359224021 ], [ 670694.501261609024368, 3365906.049131982959807 ], [ 670724.495725090848282, 3365905.441915032453835 ] ] ] ] } },
{ "type": "Feature", "properties": { "OBJECTID": 484, "Type": "F4" }, "geometry": { "type": "MultiPolygon", "coordinates": [ [ [ [ 670664.000286306254566, 3365895.681534100323915 ], [ 670664.447030212380923, 3365906.576786388177425 ], [ 670691.42351036798209, 3365906.111438905820251 ], [ 670694.501261609024368, 3365906.049131982959807 ], [ 670694.343503599404357, 3365894.674806359224021 ], [ 670684.200330464052968, 3365894.911120439413935 ], [ 670671.79874130373355, 3365895.270725077018142 ], [ 670664.000286306254566, 3365895.681534100323915 ] ] ] ] } },
{ "type": "Feature", "properties": { "OBJECTID": 485, "Type": "F4" }, "geometry": { "type": "MultiPolygon", "coordinates": [ [ [ [ 670634.468169999774545, 3365896.026291188783944 ], [ 670634.539238235214725, 3365907.130390781909227 ], [ 670657.782181403366849, 3365906.691755820531398 ], [ 670664.447030212380923, 3365906.576786388177425 ], [ 670664.000286306254566, 3365895.681534100323915 ], [ 670660.450475833611563, 3365895.868531931657344 ], [ 670636.712896169861779, 3365896.05017161834985 ], [ 670634.468169999774545, 3365896.026291188783944 ] ] ] ] } },
{ "type": "Feature", "properties": { "OBJECTID": 486, "Type": "F4" }, "geometry": { "type": "MultiPolygon", "coordinates": [ [ [ [ 670604.995394140016288, 3365895.723011271096766 ], [ 670604.633418853278272, 3365907.076904935296625 ], [ 670622.505883593810722, 3365907.357481216080487 ], [ 670634.539238235214725, 3365907.130390781909227 ], [ 670634.468169999774545, 3365896.026291188783944 ], [ 670614.807579085580073, 3365895.817132777534425 ], [ 670604.995394140016288, 3365895.723011271096766 ] ] ] ] } },
{ "type": "Feature", "properties": { "OBJECTID": 487, "Type": "F4" }, "geometry": { "type": "MultiPolygon", "coordinates": [ [ [ [ 670604.633418853278272, 3365907.076904935296625 ], [ 670604.995394140016288, 3365895.723011271096766 ], [ 670596.64884600113146, 3365895.642948605585843 ], [ 670581.952130147255957, 3365895.301386474631727 ], [ 670575.304850623710081, 3365894.837841612286866 ], [ 670574.709904729039408, 3365905.784759926144034 ], [ 670585.524818856036291, 3365906.444330777041614 ], [ 670602.523699565324932, 3365907.043784870300442 ], [ 670604.633418853278272, 3365907.076904935296625 ] ] ] ] } },
{ "type": "Feature", "properties": { "OBJECTID": 488, "Type": "F4" }, "geometry": { "type": "MultiPolygon", "coordinates": [ [ [ [ 670545.905854334472679, 3365892.761441416107118 ], [ 670544.892633237759583, 3365903.422372951172292 ], [ 670553.846632860484533, 3365904.394915262237191 ], [ 670570.836816834518686, 3365905.548551311716437 ], [ 670574.709904729039408, 3365905.784759926144034 ], [ 670575.304850623710081, 3365894.837841612286866 ], [ 670565.538367338012904, 3365894.156780565623194 ], [ 670554.979567743488587, 3365893.43680312577635 ], [ 670545.905854334472679, 3365892.761441416107118 ] ] ] ] } },
{ "type": "Feature", "properties": { "OBJECTID": 489, "Type": "F4" }, "geometry": { "type": "MultiPolygon", "coordinates": [ [ [ [ 670544.892633237759583, 3365903.422372951172292 ], [ 670545.905854334472679, 3365892.761441416107118 ], [ 670543.653925488470122, 3365892.593829056248069 ], [ 670522.750993066234514, 3365889.715838842093945 ], [ 670516.663947235443629, 3365888.921594134066254 ], [ 670515.203017393243499, 3365899.742013878189027 ], [ 670520.853071764111519, 3365900.440301863010973 ], [ 670534.756845759460703, 3365902.321470271795988 ], [ 670544.892633237759583, 3365903.422372951172292 ] ] ] ] } },
{ "type": "Feature", "properties": { "OBJECTID": 490, "Type": "F4" }, "geometry": { "type": "MultiPolygon", "coordinates": [ [ [ [ 670486.927152111660689, 3365884.225785969290882 ], [ 670486.760679134866223, 3365885.535405184607953 ], [ 670488.698840739089064, 3365885.855590328574181 ], [ 670496.174793456448242, 3365887.081506639253348 ], [ 670495.870924203074537, 3365888.074601921718568 ], [ 670486.652536648442037, 3365886.386146734002978 ], [ 670485.53929669293575, 3365895.143847022205591 ], [ 670498.992901212419383, 3365897.325590161606669 ], [ 670513.660132601624355, 3365899.551329357083887 ], [ 670515.203017393243499, 3365899.742013878189027 ], [ 670516.663947235443629, 3365888.921594134066254 ], [ 670509.229667740641162, 3365887.951560835819691 ], [ 670496.192181447055191, 3365885.973143150098622 ], [ 670491.596505137393251, 3365884.903184873051941 ], [ 670486.927152111660689, 3365884.225785969290882 ] ] ] ] } },
{ "type": "Feature", "properties": { "OBJECTID": 491, "Type": "F4" }, "geometry": { "type": "MultiPolygon", "coordinates": [ [ [ [ 670486.760679134866223, 3365885.535405184607953 ], [ 670486.927152111660689, 3365884.225785969290882 ], [ 670477.886589178000577, 3365882.914240797050297 ], [ 670457.535657380241901, 3365879.871893753763288 ], [ 670457.370201401179656, 3365880.981420028954744 ], [ 670463.298105469322763, 3365881.79842289770022 ], [ 670474.609850247623399, 3365883.528082942590117 ], [ 670486.760679134866223, 3365885.535405184607953 ] ] ] ] } },
{ "type": "Feature", "properties": { "OBJECTID": 492, "Type": "F4" }, "geometry": { "type": "MultiPolygon", "coordinates": [ [ [ [ 670485.53929669293575, 3365895.143847022205591 ], [ 670486.652536648442037, 3365886.386146734002978 ], [ 670481.306789495516568, 3365885.407010799273849 ], [ 670465.008206758880988, 3365883.044855217915028 ], [ 670457.228829262661748, 3365881.929443201981485 ], [ 670455.927347905701026, 3365890.657007901929319 ], [ 670477.04368784581311, 3365893.766131756827235 ], [ 670485.53929669293575, 3365895.143847022205591 ] ] ] ] } },
{ "type": "Feature", "properties": { "OBJECTID": 493, "Type": "F4" }, "geometry": { "type": "MultiPolygon", "coordinates": [ [ [ [ 670427.792171897133812, 3365875.76891666604206 ], [ 670427.637955227168277, 3365876.815816659014672 ], [ 670428.396906290203333, 3365876.927186731249094 ], [ 670436.929670323384926, 3365878.169733898714185 ], [ 670449.682430640794337, 3365879.921866653487086 ], [ 670457.370201401179656, 3365880.981420028954744 ], [ 670457.535657380241901, 3365879.871893753763288 ], [ 670454.68665684084408, 3365879.445984588935971 ], [ 670427.792171897133812, 3365875.76891666604206 ] ] ] ] } },
{ "type": "Feature", "properties": { "OBJECTID": 494, "Type": "F4" }, "geometry": { "type": "MultiPolygon", "coordinates": [ [ [ [ 670398.194045583019033, 3365871.450836495030671 ], [ 670398.052528918138705, 3365872.368441704194993 ], [ 670401.074761311290786, 3365872.840136191342026 ], [ 670414.016200856072828, 3365874.816931826993823 ], [ 670427.637955227168277, 3365876.815816659014672 ], [ 670427.792171897133812, 3365875.76891666604206 ], [ 670419.879869076306932, 3365874.687130754813552 ], [ 670398.194045583019033, 3365871.450836495030671 ] ] ] ] } },
{ "type": "Feature", "properties": { "OBJECTID": 495, "Type": "F4" }, "geometry": { "type": "MultiPolygon", "coordinates": [ [ [ [ 670368.523059877566993, 3365867.017717064358294 ], [ 670368.390544435125776, 3365867.876957689411938 ], [ 670369.343840387533419, 3365868.018800592515618 ], [ 670384.491406122222543, 3365870.251891409978271 ], [ 670398.052528918138705, 3365872.368441704194993 ], [ 670398.194045583019033, 3365871.450836495030671 ], [ 670383.354170321137644, 3365869.236200599465519 ], [ 670368.523059877566993, 3365867.017717064358294 ] ] ] ] } },
{ "type": "Feature", "properties": { "OBJECTID": 496, "Type": "F4" }, "geometry": { "type": "MultiPolygon", "coordinates": [ [ [ [ 670368.390544435125776, 3365867.876957689411938 ], [ 670368.523059877566993, 3365867.017717064358294 ], [ 670356.031995822209865, 3365865.149264931213111 ], [ 670338.719891683897004, 3365862.279140210710466 ], [ 670338.574952119612135, 3365863.310206425841898 ], [ 670340.393630169564858, 3365863.57376293791458 ], [ 670356.018095719977282, 3365866.036035106517375 ], [ 670368.390544435125776, 3365867.876957689411938 ] ] ] ] } },
{ "type": "Feature", "properties": { "OBJECTID": 497, "Type": "F4" }, "geometry": { "type": "MultiPolygon", "coordinates": [ [ [ [ 670309.723478939034976, 3365857.144434933550656 ], [ 670307.669224794022739, 3365868.403406350407749 ], [ 670309.659216937958263, 3365868.746337994001806 ], [ 670334.965682673384435, 3365872.690790409687907 ], [ 670337.211471844115295, 3365873.009686709847301 ], [ 670338.46138393797446, 3365864.118103948887438 ], [ 670321.495899256784469, 3365861.503709203563631 ], [ 670313.349230076884851, 3365860.156431182753295 ], [ 670313.529513247427531, 3365859.388925023842603 ], [ 670324.094996720203198, 3365861.211821533739567 ], [ 670338.574952119612135, 3365863.310206425841898 ], [ 670338.719891683897004, 3365862.279140210710466 ], [ 670318.365613798145205, 3365858.904662119690329 ], [ 670313.481780134839937, 3365857.830265020485967 ], [ 670309.723478939034976, 3365857.144434933550656 ] ] ] ] } },
{ "type": "Feature", "properties": { "OBJECTID": 498, "Type": "F4" }, "geometry": { "type": "MultiPolygon", "coordinates": [ [ [ [ 670280.789088868186809, 3365851.765558593440801 ], [ 670278.239615033380687, 3365863.037090147379786 ], [ 670291.259224430425093, 3365865.575501522049308 ], [ 670307.669224794022739, 3365868.403406350407749 ], [ 670309.723478939034976, 3365857.144434933550656 ], [ 670282.244963380042464, 3365852.130043660756201 ], [ 670280.789088868186809, 3365851.765558593440801 ] ] ] ] } },
{ "type": "Feature", "properties": { "OBJECTID": 499, "Type": "F4" }, "geometry": { "type": "MultiPolygon", "coordinates": [ [ [ [ 670252.073757713544182, 3365844.555018051993102 ], [ 670249.192102703382261, 3365855.7817961149849 ], [ 670258.79787064937409, 3365858.303931327071041 ], [ 670277.655669611645862, 3365862.92323928931728 ], [ 670278.239615033380687, 3365863.037090147379786 ], [ 670280.789088868186809, 3365851.765558593440801 ], [ 670252.955628958065063, 3365844.797320306766778 ], [ 670252.073757713544182, 3365844.555018051993102 ] ] ] ] } },
{ "type": "Feature", "properties": { "OBJECTID": 500, "Type": "F4" }, "geometry": { "type": "MultiPolygon", "coordinates": [ [ [ [ 670249.192102703382261, 3365855.7817961149849 ], [ 670252.073757713544182, 3365844.555018051993102 ], [ 670237.551043719984591, 3365840.564768492709845 ], [ 670224.657087767962366, 3365836.135903485119343 ], [ 670220.772847368498333, 3365846.84588313056156 ], [ 670232.589652765309438, 3365850.57603800483048 ], [ 670247.122621746151708, 3365855.238423547241837 ], [ 670249.192102703382261, 3365855.7817961149849 ] ] ] ] } },
{ "type": "Feature", "properties": { "OBJECTID": 501, "Type": "F4" }, "geometry": { "type": "MultiPolygon", "coordinates": [ [ [ [ 670196.972572842729278, 3365825.440307901706547 ], [ 670193.007483101333492, 3365835.604143674019724 ], [ 670198.101491475128569, 3365837.729536327999085 ], [ 670206.215292748063803, 3365841.18260675529018 ], [ 670218.916035959147848, 3365846.259752285666764 ], [ 670220.772847368498333, 3365846.84588313056156 ], [ 670224.657087767962366, 3365836.135903485119343 ], [ 670215.568084652535617, 3365833.013978142756969 ], [ 670201.527592166559771, 3365827.583236144855618 ], [ 670196.972572842729278, 3365825.440307901706547 ] ] ] ] } },
{ "type": "Feature", "properties": { "OBJECTID": 502, "Type": "F4" }, "geometry": { "type": "MultiPolygon", "coordinates": [ [ [ [ 670171.46730703569483, 3365812.901533856987953 ], [ 670166.207189363776706, 3365822.74945336394012 ], [ 670166.336282387841493, 3365822.819188637658954 ], [ 670177.010932492092252, 3365828.418926631100476 ], [ 670187.886397398775443, 3365833.467453442048281 ], [ 670193.007483101333492, 3365835.604143674019724 ], [ 670196.972572842729278, 3365825.440307901706547 ], [ 670186.169828695477918, 3365820.358110902365297 ], [ 670171.46730703569483, 3365812.901533856987953 ] ] ] ] } },
{ "type": "Feature", "properties": { "OBJECTID": 503, "Type": "F4" }, "geometry": { "type": "MultiPolygon", "coordinates": [ [ [ [ 670145.340844891965389, 3365798.794153304304928 ], [ 670139.799824432469904, 3365808.614733137190342 ], [ 670143.463655140134506, 3365810.709110733587295 ], [ 670154.711298995884135, 3365816.539442660287023 ], [ 670166.207189363776706, 3365822.74945336394012 ], [ 670171.46730703569483, 3365812.901533856987953 ], [ 670160.905966487480327, 3365807.545211226213723 ], [ 670145.340844891965389, 3365798.794153304304928 ] ] ] ] } },
{ "type": "Feature", "properties": { "OBJECTID": 504, "Type": "F4" }, "geometry": { "type": "MultiPolygon", "coordinates": [ [ [ [ 670139.799824432469904, 3365808.614733137190342 ], [ 670145.340844891965389, 3365798.794153304304928 ], [ 670132.710698592709377, 3365791.693203842267394 ], [ 670119.338765956927091, 3365783.963304073549807 ], [ 670113.752450735191815, 3365793.750618597492576 ], [ 670124.320323987747543, 3365799.766093141399324 ], [ 670139.799824432469904, 3365808.614733137190342 ] ] ] ] } },
{ "type": "Feature", "properties": { "OBJECTID": 505, "Type": "F4" }, "geometry": { "type": "MultiPolygon", "coordinates": [ [ [ [ 670093.425754827912897, 3365768.843861470930278 ], [ 670087.884130611550063, 3365778.552877281792462 ], [ 670102.89044556429144, 3365787.567717455327511 ], [ 670113.752450735191815, 3365793.750618597492576 ], [ 670119.338765956927091, 3365783.963304073549807 ], [ 670112.997820693533868, 3365780.297800166066736 ], [ 670093.425754827912897, 3365768.843861470930278 ] ] ] ] } },
{ "type": "Feature", "properties": { "OBJECTID": 506, "Type": "F4" }, "geometry": { "type": "MultiPolygon", "coordinates": [ [ [ [ 670067.456168239237741, 3365754.062671983614564 ], [ 670061.986570240347646, 3365763.452340707182884 ], [ 670082.99405632307753, 3365775.615231478121132 ], [ 670087.884130611550063, 3365778.552877281792462 ], [ 670093.425754827912897, 3365768.843861470930278 ], [ 670091.001856715185568, 3365767.425350998993963 ], [ 670071.855016223504208, 3365756.704125965945423 ], [ 670067.456168239237741, 3365754.062671983614564 ] ] ] ] } },
{ "type": "Feature", "properties": { "OBJECTID": 507, "Type": "F4" }, "geometry": { "type": "MultiPolygon", "coordinates": [ [ [ [ 670041.863007392268628, 3365738.86225836025551 ], [ 670035.967645901138894, 3365748.5883266068995 ], [ 670037.947000408545136, 3365749.743226775899529 ], [ 670059.377021587686613, 3365761.941467150114477 ], [ 670061.986570240347646, 3365763.452340707182884 ], [ 670067.456168239237741, 3365754.062671983614564 ], [ 670050.05448743281886, 3365743.613177198916674 ], [ 670041.863007392268628, 3365738.86225836025551 ] ] ] ] } },
{ "type": "Feature", "properties": { "OBJECTID": 508, "Type": "F4" }, "geometry": { "type": "MultiPolygon", "coordinates": [ [ [ [ 670035.967645901138894, 3365748.5883266068995 ], [ 670041.863007392268628, 3365738.86225836025551 ], [ 670025.10452901897952, 3365729.142626472748816 ], [ 670015.66176745633129, 3365723.694747425615788 ], [ 670010.013815861195326, 3365733.468682255595922 ], [ 670014.712332154856995, 3365736.186422173399478 ], [ 670035.967645901138894, 3365748.5883266068995 ] ] ] ] } },
{ "type": "Feature", "properties": { "OBJECTID": 509, "Type": "F4" }, "geometry": { "type": "MultiPolygon", "coordinates": [ [ [ [ 669989.56371942453552, 3365708.66016830643639 ], [ 669984.081335895461962, 3365718.351337993517518 ], [ 669994.618494518217631, 3365724.563641441520303 ], [ 670010.013815861195326, 3365733.468682255595922 ], [ 670015.66176745633129, 3365723.694747425615788 ], [ 669998.439040521276183, 3365713.758318067993969 ], [ 669989.56371942453552, 3365708.66016830643639 ] ] ] ] } },
{ "type": "Feature", "properties": { "OBJECTID": 510, "Type": "F4" }, "geometry": { "type": "MultiPolygon", "coordinates": [ [ [ [ 669984.081335895461962, 3365718.351337993517518 ], [ 669989.56371942453552, 3365708.66016830643639 ], [ 669974.629621807136573, 3365700.081744452007115 ], [ 669963.477927629835904, 3365693.843483618460596 ], [ 669958.033741151797585, 3365703.467132011428475 ], [ 669974.528083868790418, 3365712.719108031596988 ], [ 669984.081335895461962, 3365718.351337993517518 ] ] ] ] } },
{ "type": "Feature", "properties": { "OBJECTID": 511, "Type": "F4" }, "geometry": { "type": "MultiPolygon", "coordinates": [ [ [ [ 670397.93881289800629, 3365873.105785342864692 ], [ 670396.557208201265894, 3365882.064219099935144 ], [ 670398.906120561645366, 3365882.451633017975837 ], [ 670426.233330971328542, 3365886.351109590847045 ], [ 670427.530826883972622, 3365877.543057505507022 ], [ 670419.086951033445075, 3365876.226926789619029 ], [ 670402.884421138442121, 3365873.866272423416376 ], [ 670397.93881289800629, 3365873.105785342864692 ] ] ] ] } },
{ "type": "Feature", "properties": { "OBJECTID": 512, "Type": "F4" }, "geometry": { "type": "MultiPolygon", "coordinates": [ [ [ [ 670368.281653293874115, 3365868.583016474265605 ], [ 670366.94774836616125, 3365877.232161678373814 ], [ 670369.194408533396199, 3365877.551181657705456 ], [ 670396.557208201265894, 3365882.064219099935144 ], [ 670397.93881289800629, 3365873.105785342864692 ], [ 670383.616322373738512, 3365870.903413365129381 ], [ 670368.281653293874115, 3365868.583016474265605 ] ] ] ] } },
{ "type": "Feature", "properties": { "OBJECTID": 513, "Type": "F4" }, "geometry": { "type": "MultiPolygon", "coordinates": [ [ [ [ 670366.94774836616125, 3365877.232161678373814 ], [ 670368.281653293874115, 3365868.583016474265605 ], [ 670368.08628947311081, 3365868.553454597014934 ], [ 670346.323839701712132, 3365865.329714664723724 ], [ 670338.46138393797446, 3365864.118103948887438 ], [ 670337.211471844115295, 3365873.009686709847301 ], [ 670366.94774836616125, 3365877.232161678373814 ] ] ] ] } },
{ "type": "Feature", "properties": { "OBJECTID": 514, "Type": "F4" }, "geometry": { "type": "MultiPolygon", "coordinates": [ [ [ [ 670427.530826883972622, 3365877.543057505507022 ], [ 670426.233330971328542, 3365886.351109590847045 ], [ 670440.804637323482893, 3365888.430372966453433 ], [ 670455.927347905701026, 3365890.657007901929319 ], [ 670457.228829262661748, 3365881.929443201981485 ], [ 670449.380304035264999, 3365880.804116740822792 ], [ 670434.903534767800011, 3365878.692227327264845 ], [ 670427.530826883972622, 3365877.543057505507022 ] ] ] ] } },
{ "type": "Feature", "properties": { "OBJECTID": 515, "Type": "F4" }, "geometry": { "type": "MultiPolygon", "coordinates": [ [ [ [ 669937.294677534722723, 3365679.037625705823302 ], [ 669931.817243800731376, 3365688.858619080390781 ], [ 669950.33260531257838, 3365699.147425228729844 ], [ 669958.033741151797585, 3365703.467132011428475 ], [ 669963.477927629835904, 3365693.843483618460596 ], [ 669951.386105732177384, 3365687.079315076116472 ], [ 669937.294677534722723, 3365679.037625705823302 ] ] ] ] } },
{ "type": "Feature", "properties": { "OBJECTID": 516, "Type": "F4" }, "geometry": { "type": "MultiPolygon", "coordinates": [ [ [ [ 669910.939120349357836, 3365664.464259438682348 ], [ 669905.564264607033692, 3365674.305635051801801 ], [ 669921.181313128909096, 3365682.948335944674909 ], [ 669931.817243800731376, 3365688.858619080390781 ], [ 669937.294677534722723, 3365679.037625705823302 ], [ 669922.622545450576581, 3365670.664540525060147 ], [ 669910.939120349357836, 3365664.464259438682348 ] ] ] ] } },
{ "type": "Feature", "properties": { "OBJECTID": 517, "Type": "F4" }, "geometry": { "type": "MultiPolygon", "coordinates": [ [ [ [ 669905.564264607033692, 3365674.305635051801801 ], [ 669910.939120349357836, 3365664.464259438682348 ], [ 669897.653116042492911, 3365657.413505014963448 ], [ 669884.421698614489287, 3365650.01663417648524 ], [ 669879.184503579745069, 3365659.959055826533586 ], [ 669896.030157004948705, 3365669.029321786016226 ], [ 669905.564264607033692, 3365674.305635051801801 ] ] ] ] } },
{ "type": "Feature", "properties": { "OBJECTID": 518, "Type": "F4" }, "geometry": { "type": "MultiPolygon", "coordinates": [ [ [ [ 669858.061568104079925, 3365635.68844270799309 ], [ 669852.731234902981669, 3365645.807679509744048 ], [ 669859.342852444970049, 3365649.275644009932876 ], [ 669879.184503579745069, 3365659.959055826533586 ], [ 669884.421698614489287, 3365650.01663417648524 ], [ 669871.742023363476619, 3365642.928208418656141 ], [ 669858.061568104079925, 3365635.68844270799309 ] ] ] ] } },
{ "type": "Feature", "properties": { "OBJECTID": 519, "Type": "F4" }, "geometry": { "type": "MultiPolygon", "coordinates": [ [ [ [ 669831.074109163600951, 3365622.665833900216967 ], [ 669826.229906521271914, 3365631.767129193991423 ], [ 669836.467811184935272, 3365637.277092895004898 ], [ 669852.731234902981669, 3365645.807679509744048 ], [ 669858.061568104079925, 3365635.68844270799309 ], [ 669853.82459430070594, 3365633.446214867290109 ], [ 669831.313031930010766, 3365622.783635780215263 ], [ 669831.074109163600951, 3365622.665833900216967 ] ] ] ] } },
{ "type": "Feature", "properties": { "OBJECTID": 520, "Type": "F4" }, "geometry": { "type": "MultiPolygon", "coordinates": [ [ [ [ 669826.229906521271914, 3365631.767129193991423 ], [ 669831.074109163600951, 3365622.665833900216967 ], [ 669806.233547120122239, 3365610.418089754879475 ], [ 669804.123644468607381, 3365609.442968302406371 ], [ 669799.751772801275365, 3365617.662397134583443 ], [ 669813.97875450947322, 3365625.173650831449777 ], [ 669826.229906521271914, 3365631.767129193991423 ] ] ] ] } },
{ "type": "Feature", "properties": { "OBJECTID": 521, "Type": "F4" }, "geometry": { "type": "MultiPolygon", "coordinates": [ [ [ [ 669779.3225028635934, 3365597.32406300585717 ], [ 669775.166889169602655, 3365604.705362854059786 ], [ 669777.951567793497816, 3365606.206791689619422 ], [ 669787.5784479402937, 3365611.23538870504126 ], [ 669799.751772801275365, 3365617.662397134583443 ], [ 669804.123644468607381, 3365609.442968302406371 ], [ 669790.881598617881536, 3365603.322968892753124 ], [ 669784.96039611264132, 3365600.44019896350801 ], [ 669779.3225028635934, 3365597.32406300585717 ] ] ] ] } },
{ "type": "Feature", "properties": { "OBJECTID": 522, "Type": "F4" }, "geometry": { "type": "MultiPolygon", "coordinates": [ [ [ [ 669729.213902321760543, 3365570.675402489025146 ], [ 669725.757998586865142, 3365577.304471834097058 ], [ 669738.702794015174732, 3365584.307148857507855 ], [ 669752.031487775733694, 3365591.771107472945005 ], [ 669755.657461820635945, 3365584.738771304953843 ], [ 669738.740002411417663, 3365575.770901870448142 ], [ 669729.213902321760543, 3365570.675402489025146 ] ] ] ] } },
{ "type": "Feature", "properties": { "OBJECTID": 523, "Type": "F4" }, "geometry": { "type": "MultiPolygon", "coordinates": [ [ [ [ 669725.757998586865142, 3365577.304471834097058 ], [ 669729.213902321760543, 3365570.675402489025146 ], [ 669702.734243830433115, 3365556.511465285439044 ], [ 669699.350189472315833, 3365563.040643188171089 ], [ 669701.349331787438132, 3365564.100245384965092 ], [ 669725.757998586865142, 3365577.304471834097058 ] ] ] ] } },
{ "type": "Feature", "properties": { "OBJECTID": 524, "Type": "F4" }, "geometry": { "type": "MultiPolygon", "coordinates": [ [ [ [ 669676.339611029485241, 3365542.505165807437152 ], [ 669672.883832018938847, 3365549.012722173705697 ], [ 669699.350189472315833, 3365563.040643188171089 ], [ 669702.734243830433115, 3365556.511465285439044 ], [ 669688.994203389855102, 3365549.161934322677553 ], [ 669676.339611029485241, 3365542.505165807437152 ] ] ] ] } },
{ "type": "Feature", "properties": { "OBJECTID": 525, "Type": "F4" }, "geometry": { "type": "MultiPolygon", "coordinates": [ [ [ [ 669649.82340357080102, 3365528.473316693678498 ], [ 669646.438746852101758, 3365534.846946269739419 ], [ 669663.417551970575005, 3365543.99532493436709 ], [ 669672.883832018938847, 3365549.012722173705697 ], [ 669676.339611029485241, 3365542.505165807437152 ], [ 669657.06468824564945, 3365532.365866534411907 ], [ 669649.82340357080102, 3365528.473316693678498 ] ] ] ] } },
{ "type": "Feature", "properties": { "OBJECTID": 526, "Type": "F4" }, "geometry": { "type": "MultiPolygon", "coordinates": [ [ [ [ 669623.309926701709628, 3365514.264368689619005 ], [ 669619.930002462235279, 3365520.731662543490529 ], [ 669631.208493361016735, 3365526.640707660932094 ], [ 669646.438746852101758, 3365534.846946269739419 ], [ 669649.82340357080102, 3365528.473316693678498 ], [ 669629.238487884169444, 3365517.407903045415878 ], [ 669623.309926701709628, 3365514.264368689619005 ] ] ] ] } },
{ "type": "Feature", "properties": { "OBJECTID": 527, "Type": "F4" }, "geometry": { "type": "MultiPolygon", "coordinates": [ [ [ [ 669619.930002462235279, 3365520.731662543490529 ], [ 669623.309926701709628, 3365514.264368689619005 ], [ 669608.557028065319173, 3365506.44185623107478 ], [ 669596.419379931990989, 3365500.704015699215233 ], [ 669593.065408726106398, 3365507.271873770281672 ], [ 669606.998365877429023, 3365513.956498675979674 ], [ 669619.930002462235279, 3365520.731662543490529 ] ] ] ] } },
{ "type": "Feature", "properties": { "OBJECTID": 528, "Type": "F4" }, "geometry": { "type": "MultiPolygon", "coordinates": [ [ [ [ 669568.49127261096146, 3365487.743418690282851 ], [ 669565.488458411302418, 3365494.719964353367686 ], [ 669578.574849054450169, 3365500.319727500900626 ], [ 669593.065408726106398, 3365507.271873770281672 ], [ 669596.419379931990989, 3365500.704015699215233 ], [ 669571.449800131958909, 3365488.900125401560217 ], [ 669568.49127261096146, 3365487.743418690282851 ] ] ] ] } },
{ "type": "Feature", "properties": { "OBJECTID": 529, "Type": "F4" }, "geometry": { "type": "MultiPolygon", "coordinates": [ [ [ [ 669539.862711481633596, 3365476.54230820806697 ], [ 669537.409921038546599, 3365483.336587551515549 ], [ 669537.900812655454502, 3365483.498579635750502 ], [ 669559.483289061579853, 3365492.150308064185083 ], [ 669565.488458411302418, 3365494.719964353367686 ], [ 669568.49127261096146, 3365487.743418690282851 ], [ 669552.251765864319168, 3365481.394197225105017 ], [ 669539.862711481633596, 3365476.54230820806697 ] ] ] ] } },
{ "type": "Feature", "properties": { "OBJECTID": 530, "Type": "F4" }, "geometry": { "type": "MultiPolygon", "coordinates": [ [ [ [ 669511.037031444604509, 3365466.753382877446711 ], [ 669508.736817449214868, 3365473.931706691160798 ], [ 669516.390093434951268, 3365476.400136483833194 ], [ 669537.409921038546599, 3365483.336587551515549 ], [ 669539.862711481633596, 3365476.54230820806697 ], [ 669538.689092751010321, 3365476.082687348127365 ], [ 669520.532295613083988, 3365469.590915134642273 ], [ 669511.037031444604509, 3365466.753382877446711 ] ] ] ] } },
{ "type": "Feature", "properties": { "OBJECTID": 531, "Type": "F4" }, "geometry": { "type": "MultiPolygon", "coordinates": [ [ [ [ 669508.736817449214868, 3365473.931706691160798 ], [ 669511.037031444604509, 3365466.753382877446711 ], [ 669495.089586069458164, 3365461.987702863756567 ], [ 669481.680157015682198, 3365458.231874359771609 ], [ 669479.704644071403891, 3365465.570040163584054 ], [ 669486.837033959804103, 3365467.402465231716633 ], [ 669500.13571064081043, 3365471.157570708543062 ], [ 669508.736817449214868, 3365473.931706691160798 ] ] ] ] } },
{ "type": "Feature", "properties": { "OBJECTID": 532, "Type": "F4" }, "geometry": { "type": "MultiPolygon", "coordinates": [ [ [ [ 669451.251339890644886, 3365451.454475056380033 ], [ 669449.984509079484269, 3365458.99086084915325 ], [ 669463.092481416999362, 3365461.821420836728066 ], [ 669477.648715763818473, 3365465.041839289944619 ], [ 669479.704644071403891, 3365465.570040163584054 ], [ 669481.680157015682198, 3365458.231874359771609 ], [ 669477.484918427770026, 3365457.05683576548472 ], [ 669462.834325021598488, 3365453.724074240308255 ], [ 669451.251339890644886, 3365451.454475056380033 ] ] ] ] } },
{ "type": "Feature", "properties": { "OBJECTID": 533, "Type": "F4" }, "geometry": { "type": "MultiPolygon", "coordinates": [ [ [ [ 669449.984509079484269, 3365458.99086084915325 ], [ 669451.251339890644886, 3365451.454475056380033 ], [ 669448.080735459690914, 3365450.833218864630908 ], [ 669429.679864912177436, 3365447.663885589223355 ], [ 669421.657403804827482, 3365446.534933598712087 ], [ 669420.400938193546608, 3365454.009656300302595 ], [ 669428.697693832684308, 3365455.187531965319067 ], [ 669443.266040216316469, 3365457.631981926038861 ], [ 669448.151932976907119, 3365458.595130948349833 ], [ 669449.984509079484269, 3365458.99086084915325 ] ] ] ] } },
{ "type": "Feature", "properties": { "OBJECTID": 534, "Type": "F4" }, "geometry": { "type": "MultiPolygon", "coordinates": [ [ [ [ 669391.049841335741803, 3365442.766419609542936 ], [ 669390.366961373132654, 3365449.745785945095122 ], [ 669420.400938193546608, 3365454.009656300302595 ], [ 669421.657403804827482, 3365446.534933598712087 ], [ 669407.530453907325864, 3365444.546934156212956 ], [ 669391.049841335741803, 3365442.766419609542936 ] ] ] ] } },
{ "type": "Feature", "properties": { "OBJECTID": 535, "Type": "F4" }, "geometry": { "type": "MultiPolygon", "coordinates": [ [ [ [ 669390.366961373132654, 3365449.745785945095122 ], [ 669391.049841335741803, 3365442.766419609542936 ], [ 669361.221888483385555, 3365439.543899590149522 ], [ 669360.498439876362681, 3365446.937879151199013 ], [ 669387.467978174914606, 3365449.334222448524088 ], [ 669390.366961373132654, 3365449.745785945095122 ] ] ] ] } },
{ "type": "Feature", "properties": { "OBJECTID": 536, "Type": "F4" }, "geometry": { "type": "MultiPolygon", "coordinates": [ [ [ [ 669331.300718466518447, 3365436.906995208468288 ], [ 669330.601108166389167, 3365444.28139057289809 ], [ 669360.498439876362681, 3365446.937879151199013 ], [ 669361.221888483385555, 3365439.543899590149522 ], [ 669357.165231216931716, 3365439.105630852282047 ], [ 669331.300718466518447, 3365436.906995208468288 ] ] ] ] } },
{ "type": "Feature", "properties": { "OBJECTID": 537, "Type": "F4" }, "geometry": { "type": "MultiPolygon", "coordinates": [ [ [ [ 669301.413733982248232, 3365434.29586594318971 ], [ 669300.727147739264183, 3365441.532977961935103 ], [ 669322.405511044547893, 3365443.553181434981525 ], [ 669330.601108166389167, 3365444.28139057289809 ], [ 669331.300718466518447, 3365436.906995208468288 ], [ 669317.242432465776801, 3365435.711958248633891 ], [ 669301.413733982248232, 3365434.29586594318971 ] ] ] ] } },
{ "type": "Feature", "properties": { "OBJECTID": 538, "Type": "F4" }, "geometry": { "type": "MultiPolygon", "coordinates": [ [ [ [ 669271.444432051968761, 3365431.73897605529055 ], [ 669270.826245132950135, 3365438.746517266146839 ], [ 669300.727147739264183, 3365441.532977961935103 ], [ 669301.413733982248232, 3365434.29586594318971 ], [ 669284.231682005804032, 3365432.758697765879333 ], [ 669271.444432051968761, 3365431.73897605529055 ] ] ] ] } },
{ "type": "Feature", "properties": { "OBJECTID": 539, "Type": "F4" }, "geometry": { "type": "MultiPolygon", "coordinates": [ [ [ [ 669270.826245132950135, 3365438.746517266146839 ], [ 669271.444432051968761, 3365431.73897605529055 ], [ 669268.683527124696411, 3365431.518807160202414 ], [ 669251.21910575137008, 3365429.916482518892735 ], [ 669241.563851366168819, 3365429.064555290620774 ], [ 669240.946677118423395, 3365436.060635765548795 ], [ 669259.554394376231357, 3365437.696095159742981 ], [ 669270.826245132950135, 3365438.746517266146839 ] ] ] ] } },
{ "type": "Feature", "properties": { "OBJECTID": 540, "Type": "F4" }, "geometry": { "type": "MultiPolygon", "coordinates": [ [ [ [ 669211.685344858909957, 3365426.553458524402231 ], [ 669211.0684618356172, 3365433.434595871251076 ], [ 669240.946677118423395, 3365436.060635765548795 ], [ 669241.563851366168819, 3365429.064555290620774 ], [ 669235.960902582621202, 3365428.570181508548558 ], [ 669220.700971269397996, 3365427.334747943561524 ], [ 669211.685344858909957, 3365426.553458524402231 ] ] ] ] } },
{ "type": "Feature", "properties": { "OBJECTID": 541, "Type": "F4" }, "geometry": { "type": "MultiPolygon", "coordinates": [ [ [ [ 669181.8217056626454, 3365423.690361252520233 ], [ 669181.195245180511847, 3365430.678332160227001 ], [ 669199.768876531161368, 3365432.441458847839385 ], [ 669211.0684618356172, 3365433.434595871251076 ], [ 669211.685344858909957, 3365426.553458524402231 ], [ 669201.987633306649514, 3365425.713059967849404 ], [ 669181.8217056626454, 3365423.690361252520233 ] ] ] ] } },
{ "type": "Feature", "properties": { "OBJECTID": 542, "Type": "F4" }, "geometry": { "type": "MultiPolygon", "coordinates": [ [ [ [ 669152.004703933256678, 3365420.69963292311877 ], [ 669151.342892449698411, 3365427.847675635013729 ], [ 669152.27187218319159, 3365427.93274246621877 ], [ 669181.195245180511847, 3365430.678332160227001 ], [ 669181.8217056626454, 3365423.690361252520233 ], [ 669152.004703933256678, 3365420.69963292311877 ] ] ] ] } },
{ "type": "Feature", "properties": { "OBJECTID": 543, "Type": "F4" }, "geometry": { "type": "MultiPolygon", "coordinates": [ [ [ [ 669151.342892449698411, 3365427.847675635013729 ], [ 669152.004703933256678, 3365420.69963292311877 ], [ 669144.420337535208091, 3365419.938899846747518 ], [ 669122.120035414700396, 3365418.068137208465487 ], [ 669121.467868220526725, 3365425.112014619167894 ], [ 669151.342892449698411, 3365427.847675635013729 ] ] ] ] } },
{ "type": "Feature", "properties": { "OBJECTID": 544, "Type": "F4" }, "geometry": { "type": "MultiPolygon", "coordinates": [ [ [ [ 669092.184959359234199, 3365415.552444532047957 ], [ 669091.57505702949129, 3365422.392262627836317 ], [ 669101.221910255495459, 3365423.258088828064501 ], [ 669121.467868220526725, 3365425.112014619167894 ], [ 669122.120035414700396, 3365418.068137208465487 ], [ 669092.500561579829082, 3365415.583372440654784 ], [ 669092.184959359234199, 3365415.552444532047957 ] ] ] ] } },
{ "type": "Feature", "properties": { "OBJECTID": 545, "Type": "F4" }, "geometry": { "type": "MultiPolygon", "coordinates": [ [ [ [ 669062.326839337009005, 3365412.626453706994653 ], [ 669061.695159813738428, 3365419.710476426407695 ], [ 669091.57505702949129, 3365422.392262627836317 ], [ 669092.184959359234199, 3365415.552444532047957 ], [ 669062.326839337009005, 3365412.626453706994653 ] ] ] ] } },
{ "type": "Feature", "properties": { "OBJECTID": 546, "Type": "F4" }, "geometry": { "type": "MultiPolygon", "coordinates": [ [ [ [ 669032.596451975288801, 3365409.7129802335985 ], [ 669031.86944801628124, 3365416.990642840508372 ], [ 669059.382846360560507, 3365419.502941230777651 ], [ 669061.695159813738428, 3365419.710476426407695 ], [ 669062.326839337009005, 3365412.626453706994653 ], [ 669032.596451975288801, 3365409.7129802335985 ] ] ] ] } },
{ "type": "Feature", "properties": { "OBJECTID": 547, "Type": "F4" }, "geometry": { "type": "MultiPolygon", "coordinates": [ [ [ [ 669031.86944801628124, 3365416.990642840508372 ], [ 669032.596451975288801, 3365409.7129802335985 ], [ 669005.090964529896155, 3365407.017539132386446 ], [ 669002.667993622948416, 3365406.77162181539461 ], [ 669001.980265403981321, 3365414.108797875698656 ], [ 669012.554852528963238, 3365415.226992034818977 ], [ 669031.86944801628124, 3365416.990642840508372 ] ] ] ] } },
{ "type": "Feature", "properties": { "OBJECTID": 548, "Type": "F4" }, "geometry": { "type": "MultiPolygon", "coordinates": [ [ [ [ 668972.820443628588691, 3365403.742270783521235 ], [ 668972.145150680444203, 3365410.946778490208089 ], [ 668973.220456002629362, 3365411.067634139209986 ], [ 669001.980265403981321, 3365414.108797875698656 ], [ 669002.667993622948416, 3365406.77162181539461 ], [ 668972.820443628588691, 3365403.742270783521235 ] ] ] ] } },
{ "type": "Feature", "properties": { "OBJECTID": 549, "Type": "F4" }, "geometry": { "type": "MultiPolygon", "coordinates": [ [ [ [ 668972.145150680444203, 3365410.946778490208089 ], [ 668972.820443628588691, 3365403.742270783521235 ], [ 668943.196918032830581, 3365400.735656912438571 ], [ 668942.423896513879299, 3365407.606349144130945 ], [ 668972.145150680444203, 3365410.946778490208089 ] ] ] ] } },
{ "type": "Feature", "properties": { "OBJECTID": 550, "Type": "F4" }, "geometry": { "type": "MultiPolygon", "coordinates": [ [ [ [ 668913.68725970655214, 3365396.913816997315735 ], [ 668912.762410974595696, 3365403.861828286200762 ], [ 668938.878310160711408, 3365407.207853823434561 ], [ 668942.423896513879299, 3365407.606349144130945 ], [ 668943.196918032830581, 3365400.735656912438571 ], [ 668935.435625320416875, 3365399.947931283619255 ], [ 668913.68725970655214, 3365396.913816997315735 ] ] ] ] } },
{ "type": "Feature", "properties": { "OBJECTID": 551, "Type": "F4" }, "geometry": { "type": "MultiPolygon", "coordinates": [ [ [ [ 668912.762410974595696, 3365403.861828286200762 ], [ 668913.68725970655214, 3365396.913816997315735 ], [ 668891.615009313216433, 3365393.834517548792064 ], [ 668884.029412573785521, 3365392.777412984054536 ], [ 668883.034748375299387, 3365399.998962549027056 ], [ 668898.502616722718813, 3365402.034832578152418 ], [ 668912.762410974595696, 3365403.861828286200762 ] ] ] ] } },
{ "type": "Feature", "properties": { "OBJECTID": 552, "Type": "F4" }, "geometry": { "type": "MultiPolygon", "coordinates": [ [ [ [ 668854.463688915711828, 3365388.6572280456312 ], [ 668853.347510539577343, 3365396.091549038421363 ], [ 668883.034748375299387, 3365399.998962549027056 ], [ 668884.029412573785521, 3365392.777412984054536 ], [ 668854.463688915711828, 3365388.6572280456312 ] ] ] ] } },
{ "type": "Feature", "properties": { "OBJECTID": 553, "Type": "F4" }, "geometry": { "type": "MultiPolygon", "coordinates": [ [ [ [ 668853.347510539577343, 3365396.091549038421363 ], [ 668854.463688915711828, 3365388.6572280456312 ], [ 668825.356583704706281, 3365384.600954710971564 ], [ 668824.042010498698801, 3365391.997627113945782 ], [ 668851.703798059141263, 3365395.875204749871045 ], [ 668853.347510539577343, 3365396.091549038421363 ] ] ] ] } },
{ "type": "Feature", "properties": { "OBJECTID": 554, "Type": "F4" }, "geometry": { "type": "MultiPolygon", "coordinates": [ [ [ [ 671938.572227444732562, 3365955.71602499159053 ], [ 671938.835841399384663, 3365964.379345064982772 ], [ 671968.168535791453905, 3365963.047745007555932 ], [ 671967.356626302702352, 3365954.840152932330966 ], [ 671938.572227444732562, 3365955.71602499159053 ] ] ] ] } },
{ "type": "Feature", "properties": { "OBJECTID": 555, "Type": "F4" }, "geometry": { "type": "MultiPolygon", "coordinates": [ [ [ [ 671908.586106400005519, 3365956.628463904373348 ], [ 671908.863191582495347, 3365965.734497861936688 ], [ 671913.837302361498587, 3365965.51418987615034 ], [ 671938.835841399384663, 3365964.379345064982772 ], [ 671938.572227444732562, 3365955.71602499159053 ], [ 671908.586106400005519, 3365956.628463904373348 ] ] ] ] } },
{ "type": "Feature", "properties": { "OBJECTID": 556, "Type": "F4" }, "geometry": { "type": "MultiPolygon", "coordinates": [ [ [ [ 671908.863191582495347, 3365965.734497861936688 ], [ 671908.586106400005519, 3365956.628463904373348 ], [ 671907.635270632221363, 3365956.657396608032286 ], [ 671878.609278587042354, 3365957.806384329218417 ], [ 671878.975517525919713, 3365967.058250702917576 ], [ 671908.863191582495347, 3365965.734497861936688 ] ] ] ] } },
{ "type": "Feature", "properties": { "OBJECTID": 557, "Type": "F4" }, "geometry": { "type": "MultiPolygon", "coordinates": [ [ [ [ 671848.618600684334524, 3365958.538697538897395 ], [ 671848.842281456221826, 3365968.376787964254618 ], [ 671852.968165395781398, 3365968.210140481591225 ], [ 671878.975517525919713, 3365967.058250702917576 ], [ 671878.609278587042354, 3365957.806384329218417 ], [ 671875.616434203111567, 3365957.924855437595397 ], [ 671848.618600684334524, 3365958.538697538897395 ] ] ] ] } },
{ "type": "Feature", "properties": { "OBJECTID": 558, "Type": "F4" }, "geometry": { "type": "MultiPolygon", "coordinates": [ [ [ [ 671818.626352053135633, 3365959.22062280960381 ], [ 671818.862062651431188, 3365969.587711020372808 ], [ 671848.842281456221826, 3365968.376787964254618 ], [ 671848.618600684334524, 3365958.538697538897395 ], [ 671818.626352053135633, 3365959.22062280960381 ] ] ] ] } },
{ "type": "Feature", "properties": { "OBJECTID": 559, "Type": "F4" }, "geometry": { "type": "MultiPolygon", "coordinates": [ [ [ [ 671788.643219277495518, 3365960.186108181253076 ], [ 671789.084001153940335, 3365970.790468794293702 ], [ 671818.862062651431188, 3365969.587711020372808 ], [ 671818.626352053135633, 3365959.22062280960381 ], [ 671803.713530341163278, 3365959.55969141703099 ], [ 671788.643219277495518, 3365960.186108181253076 ] ] ] ] } },
{ "type": "Feature", "properties": { "OBJECTID": 560, "Type": "F4" }, "geometry": { "type": "MultiPolygon", "coordinates": [ [ [ [ 671789.084001153940335, 3365970.790468794293702 ], [ 671788.643219277495518, 3365960.186108181253076 ], [ 671758.669102077838033, 3365961.432020719628781 ], [ 671759.10842178913299, 3365972.001204459927976 ], [ 671789.084001153940335, 3365970.790468794293702 ] ] ] ] } },
{ "type": "Feature", "properties": { "OBJECTID": 561, "Type": "F4" }, "geometry": { "type": "MultiPolygon", "coordinates": [ [ [ [ 671728.694984877714887, 3365962.677933258004487 ], [ 671729.133502588258125, 3365973.227822409011424 ], [ 671738.545317623298615, 3365972.831763339228928 ], [ 671759.10842178913299, 3365972.001204459927976 ], [ 671758.669102077838033, 3365961.432020719628781 ], [ 671728.694984877714887, 3365962.677933258004487 ] ] ] ] } },
{ "type": "Feature", "properties": { "OBJECTID": 562, "Type": "F4" }, "geometry": { "type": "MultiPolygon", "coordinates": [ [ [ [ 671698.72253394825384, 3365963.96320818644017 ], [ 671699.176134472945705, 3365974.488459948450327 ], [ 671729.133502588258125, 3365973.227822409011424 ], [ 671728.694984877714887, 3365962.677933258004487 ], [ 671724.481385739985853, 3365962.853076898027211 ], [ 671698.72253394825384, 3365963.96320818644017 ] ] ] ] } },
{ "type": "Feature", "properties": { "OBJECTID": 563, "Type": "F4" }, "geometry": { "type": "MultiPolygon", "coordinates": [ [ [ [ 671668.744956580805592, 3365965.073105189949274 ], [ 671668.919119373895228, 3365975.761706948280334 ], [ 671699.176134472945705, 3365974.488459948450327 ], [ 671698.72253394825384, 3365963.96320818644017 ], [ 671675.537095289910212, 3365964.962432884145528 ], [ 671668.744956580805592, 3365965.073105189949274 ] ] ] ] } },
{ "type": "Feature", "properties": { "OBJECTID": 564, "Type": "F4" }, "geometry": { "type": "MultiPolygon", "coordinates": [ [ [ [ 671668.919119373895228, 3365975.761706948280334 ], [ 671668.744956580805592, 3365965.073105189949274 ], [ 671638.748938291682862, 3365965.561865601688623 ], [ 671638.916726006777026, 3365975.859220362268388 ], [ 671665.755173244164325, 3365975.894849127158523 ], [ 671668.919119373895228, 3365975.761706948280334 ] ] ] ] } },
{ "type": "Feature", "properties": { "OBJECTID": 565, "Type": "F4" }, "geometry": { "type": "MultiPolygon", "coordinates": [ [ [ [ 671608.752774798544124, 3365966.028368172235787 ], [ 671608.720543495961465, 3365975.8191341124475 ], [ 671638.916726006777026, 3365975.859220362268388 ], [ 671638.748938291682862, 3365965.561865601688623 ], [ 671609.889227961190045, 3365966.032110811211169 ], [ 671608.752774798544124, 3365966.028368172235787 ] ] ] ] } },
{ "type": "Feature", "properties": { "OBJECTID": 566, "Type": "F4" }, "geometry": { "type": "MultiPolygon", "coordinates": [ [ [ [ 671608.720543495961465, 3365975.8191341124475 ], [ 671608.752774798544124, 3365966.028368172235787 ], [ 671578.752937481389381, 3365965.929570822510868 ], [ 671578.720514337415807, 3365975.779308261815459 ], [ 671608.720543495961465, 3365975.8191341124475 ] ] ] ] } },
{ "type": "Feature", "properties": { "OBJECTID": 567, "Type": "F4" }, "geometry": { "type": "MultiPolygon", "coordinates": [ [ [ [ 671548.757042540935799, 3365965.605879483278841 ], [ 671548.450562455225736, 3365975.254793704487383 ], [ 671566.10975169565063, 3365975.762567133177072 ], [ 671578.720514337415807, 3365975.779308261815459 ], [ 671578.752937481389381, 3365965.929570822510868 ], [ 671556.656907822936773, 3365965.856802788563073 ], [ 671548.757042540935799, 3365965.605879483278841 ] ] ] ] } },
{ "type": "Feature", "properties": { "OBJECTID": 568, "Type": "F4" }, "geometry": { "type": "MultiPolygon", "coordinates": [ [ [ [ 671548.450562455225736, 3365975.254793704487383 ], [ 671548.757042540935799, 3365965.605879483278841 ], [ 671518.772164407535456, 3365964.653470239136368 ], [ 671518.462818927830085, 3365974.392524257302284 ], [ 671548.450562455225736, 3365975.254793704487383 ] ] ] ] } },
{ "type": "Feature", "properties": { "OBJECTID": 569, "Type": "F4" }, "geometry": { "type": "MultiPolygon", "coordinates": [ [ [ [ 671488.787286275532097, 3365963.701060994993895 ], [ 671488.482411793898791, 3365973.299356140661985 ], [ 671497.723298739874735, 3365973.796178800519556 ], [ 671518.462818927830085, 3365974.392524257302284 ], [ 671518.772164407535456, 3365964.653470239136368 ], [ 671488.787286275532097, 3365963.701060994993895 ] ] ] ] } },
{ "type": "Feature", "properties": { "OBJECTID": 570, "Type": "F4" }, "geometry": { "type": "MultiPolygon", "coordinates": [ [ [ [ 671458.825258540338837, 3365962.352484255097806 ], [ 671458.046262025600299, 3365971.663001429755241 ], [ 671488.482411793898791, 3365973.299356140661985 ], [ 671488.787286275532097, 3365963.701060994993895 ], [ 671466.47169108397793, 3365962.992251072544605 ], [ 671458.825258540338837, 3365962.352484255097806 ] ] ] ] } },
{ "type": "Feature", "properties": { "OBJECTID": 571, "Type": "F4" }, "geometry": { "type": "MultiPolygon", "coordinates": [ [ [ [ 671428.929717105347663, 3365959.851164157968014 ], [ 671428.147048024693504, 3365969.205575606320053 ], [ 671453.942444207379594, 3365971.442365716211498 ], [ 671458.046262025600299, 3365971.663001429755241 ], [ 671458.825258540338837, 3365962.352484255097806 ], [ 671428.929717105347663, 3365959.851164157968014 ] ] ] ] } },
{ "type": "Feature", "properties": { "OBJECTID": 572, "Type": "F4" }, "geometry": { "type": "MultiPolygon", "coordinates": [ [ [ [ 671428.147048024693504, 3365969.205575606320053 ], [ 671428.929717105347663, 3365959.851164157968014 ], [ 671399.034175668843091, 3365957.349844060372561 ], [ 671398.259065986028872, 3365966.613906063139439 ], [ 671428.147048024693504, 3365969.205575606320053 ] ] ] ] } },
{ "type": "Feature", "properties": { "OBJECTID": 573, "Type": "F4" }, "geometry": { "type": "MultiPolygon", "coordinates": [ [ [ [ 671369.138634232687764, 3365954.848523962777108 ], [ 671368.371083947713487, 3365964.022236520424485 ], [ 671398.259065986028872, 3365966.613906063139439 ], [ 671399.034175668843091, 3365957.349844060372561 ], [ 671369.138634232687764, 3365954.848523962777108 ] ] ] ] } },
{ "type": "Feature", "properties": { "OBJECTID": 574, "Type": "F4" }, "geometry": { "type": "MultiPolygon", "coordinates": [ [ [ [ 671339.227321759099141, 3365952.545393759850413 ], [ 671338.556168892420828, 3365961.436902817804366 ], [ 671368.371083947713487, 3365964.022236520424485 ], [ 671369.138634232687764, 3365954.848523962777108 ], [ 671363.596724586561322, 3365954.384839770849794 ], [ 671339.227321759099141, 3365952.545393759850413 ] ] ] ] } },
{ "type": "Feature", "properties": { "OBJECTID": 575, "Type": "F4" }, "geometry": { "type": "MultiPolygon", "coordinates": [ [ [ [ 671309.312420788686723, 3365950.287363654002547 ], [ 671308.671295324689709, 3365958.781066288240254 ], [ 671311.72854057746008, 3365959.110605006106198 ], [ 671338.556168892420828, 3365961.436902817804366 ], [ 671339.227321759099141, 3365952.545393759850413 ], [ 671309.312420788686723, 3365950.287363654002547 ] ] ] ] } },
{ "type": "Feature", "properties": { "OBJECTID": 576, "Type": "F4" }, "geometry": { "type": "MultiPolygon", "coordinates": [ [ [ [ 671308.671295324689709, 3365958.781066288240254 ], [ 671309.312420788686723, 3365950.287363654002547 ], [ 671304.186346667469479, 3365949.900438432116061 ], [ 671279.414804788772017, 3365947.812931637745351 ], [ 671278.762196043739095, 3365955.557181577198207 ], [ 671308.671295324689709, 3365958.781066288240254 ] ] ] ] } },
{ "type": "Feature", "properties": { "OBJECTID": 577, "Type": "F4" }, "geometry": { "type": "MultiPolygon", "coordinates": [ [ [ [ 671249.52445064985659, 3365945.25057697435841 ], [ 671248.884855533018708, 3365952.640386253595352 ], [ 671270.766842477256432, 3365954.695366987492889 ], [ 671278.762196043739095, 3365955.557181577198207 ], [ 671279.414804788772017, 3365947.812931637745351 ], [ 671268.583461136091501, 3365946.900170390028507 ], [ 671249.52445064985659, 3365945.25057697435841 ] ] ] ] } },
{ "type": "Feature", "properties": { "OBJECTID": 578, "Type": "F4" }, "geometry": { "type": "MultiPolygon", "coordinates": [ [ [ [ 671219.644390525994822, 3365942.573775948956609 ], [ 671218.949239953537472, 3365949.829073303379118 ], [ 671248.884855533018708, 3365952.640386253595352 ], [ 671249.52445064985659, 3365945.25057697435841 ], [ 671229.431285842787474, 3365943.511475545819849 ], [ 671219.644390525994822, 3365942.573775948956609 ] ] ] ] } },
{ "type": "Feature", "properties": { "OBJECTID": 579, "Type": "F4" }, "geometry": { "type": "MultiPolygon", "coordinates": [ [ [ [ 671189.781148059759289, 3365939.712526336777955 ], [ 671189.077122214017436, 3365947.060455485247076 ], [ 671198.420521901920438, 3365947.901180731132627 ], [ 671218.949239953537472, 3365949.829073303379118 ], [ 671219.644390525994822, 3365942.573775948956609 ], [ 671189.781148059759289, 3365939.712526336777955 ] ] ] ] } },
{ "type": "Feature", "properties": { "OBJECTID": 580, "Type": "F4" }, "geometry": { "type": "MultiPolygon", "coordinates": [ [ [ [ 671189.077122214017436, 3365947.060455485247076 ], [ 671189.781148059759289, 3365939.712526336777955 ], [ 671187.886092217988335, 3365939.530957714654505 ], [ 671159.897894630208611, 3365937.069059091154486 ], [ 671159.255077518057078, 3365944.37704830057919 ], [ 671189.077122214017436, 3365947.060455485247076 ] ] ] ] } },
{ "type": "Feature", "properties": { "OBJECTID": 581, "Type": "F4" }, "geometry": { "type": "MultiPolygon", "coordinates": [ [ [ [ 671130.017136383336037, 3365934.397216402925551 ], [ 671129.356363768922165, 3365941.689578251447529 ], [ 671129.71591691148933, 3365941.71909521240741 ], [ 671159.255077518057078, 3365944.37704830057919 ], [ 671159.897894630208611, 3365937.069059091154486 ], [ 671146.431801702827215, 3365935.884554245974869 ], [ 671130.017136383336037, 3365934.397216402925551 ] ] ] ] } },
{ "type": "Feature", "properties": { "OBJECTID": 582, "Type": "F4" }, "geometry": { "type": "MultiPolygon", "coordinates": [ [ [ [ 671129.356363768922165, 3365941.689578251447529 ], [ 671130.017136383336037, 3365934.397216402925551 ], [ 671102.004472052562051, 3365931.858980324119329 ], [ 671100.138518623658456, 3365931.701637857593596 ], [ 671099.502970160567202, 3365939.238809942267835 ], [ 671129.356363768922165, 3365941.689578251447529 ] ] ] ] } },
{ "type": "Feature", "properties": { "OBJECTID": 583, "Type": "F4" }, "geometry": { "type": "MultiPolygon", "coordinates": [ [ [ [ 671070.244608292006887, 3365929.180898851249367 ], [ 671069.607834529131651, 3365936.732601714320481 ], [ 671072.902903995825909, 3365937.055118531920016 ], [ 671099.502970160567202, 3365939.238809942267835 ], [ 671100.138518623658456, 3365931.701637857593596 ], [ 671070.244608292006887, 3365929.180898851249367 ] ] ] ] } },
{ "type": "Feature", "properties": { "OBJECTID": 584, "Type": "F4" }, "geometry": { "type": "MultiPolygon", "coordinates": [ [ [ [ 671069.607834529131651, 3365936.732601714320481 ], [ 671070.244608292006887, 3365929.180898851249367 ], [ 671059.971962228766643, 3365928.314680302049965 ], [ 671040.380232577677816, 3365926.340961494017392 ], [ 671039.628959923400544, 3365933.79831115482375 ], [ 671069.607834529131651, 3365936.732601714320481 ] ] ] ] } },
{ "type": "Feature", "properties": { "OBJECTID": 585, "Type": "F4" }, "geometry": { "type": "MultiPolygon", "coordinates": [ [ [ [ 671010.533241989673115, 3365923.316160894464701 ], [ 671009.655237261089496, 3365930.889457805082202 ], [ 671013.513426552759483, 3365931.242159063462168 ], [ 671039.628959923400544, 3365933.79831115482375 ], [ 671040.380232577677816, 3365926.340961494017392 ], [ 671011.714149152976461, 3365923.453070071525872 ], [ 671010.533241989673115, 3365923.316160894464701 ] ] ] ] } },
{ "type": "Feature", "properties": { "OBJECTID": 586, "Type": "F4" }, "geometry": { "type": "MultiPolygon", "coordinates": [ [ [ [ 671009.655237261089496, 3365930.889457805082202 ], [ 671010.533241989673115, 3365923.316160894464701 ], [ 670980.732853243243881, 3365919.861235038377345 ], [ 670976.797527500544675, 3365919.577674196101725 ], [ 670964.170212860801257, 3365918.192919448949397 ], [ 670963.198933634324931, 3365927.049906610511243 ], [ 670969.566425738390535, 3365927.224688350223005 ], [ 671009.655237261089496, 3365930.889457805082202 ] ] ] ] } },
{ "type": "Feature", "properties": { "OBJECTID": 587, "Type": "F4" }, "geometry": { "type": "MultiPolygon", "coordinates": [ [ [ [ 670963.198933634324931, 3365927.049906610511243 ], [ 670964.170212860801257, 3365918.192919448949397 ], [ 670949.6503234350821, 3365916.600618442054838 ], [ 670934.307914168806747, 3365915.352881410159171 ], [ 670933.423108886694536, 3365926.232587896753103 ], [ 670963.198933634324931, 3365927.049906610511243 ] ] ] ] } },
{ "type": "Feature", "properties": { "OBJECTID": 588, "Type": "F4" }, "geometry": { "type": "MultiPolygon", "coordinates": [ [ [ [ 670904.390766830998473, 3365913.135380461346358 ], [ 670903.641785084269941, 3365924.348226735834032 ], [ 670931.722474114620127, 3365926.185907052829862 ], [ 670933.423108886694536, 3365926.232587896753103 ], [ 670934.307914168806747, 3365915.352881410159171 ], [ 670919.228002362069674, 3365914.126492251176387 ], [ 670904.390766830998473, 3365913.135380461346358 ] ] ] ] } },
{ "type": "Feature", "properties": { "OBJECTID": 589, "Type": "F4" }, "geometry": { "type": "MultiPolygon", "coordinates": [ [ [ [ 670874.452469086507335, 3365911.213548434898257 ], [ 670873.767590284929611, 3365922.24434158904478 ], [ 670902.732554396498017, 3365924.288724088575691 ], [ 670903.641785084269941, 3365924.348226735834032 ], [ 670904.390766830998473, 3365913.135380461346358 ], [ 670891.00654802005738, 3365912.241328665986657 ], [ 670874.452469086507335, 3365911.213548434898257 ] ] ] ] } },
{ "type": "Feature", "properties": { "OBJECTID": 590, "Type": "F4" }, "geometry": { "type": "MultiPolygon", "coordinates": [ [ [ [ 670844.487275916733779, 3365909.802920813672245 ], [ 670844.05047764047049, 3365920.768073328305036 ], [ 670866.354001890984364, 3365921.721081476658583 ], [ 670873.767590284929611, 3365922.24434158904478 ], [ 670874.452469086507335, 3365911.213548434898257 ], [ 670864.702971662161872, 3365910.608238966669887 ], [ 670844.487275916733779, 3365909.802920813672245 ] ] ] ] } },
{ "type": "Feature", "properties": { "OBJECTID": 591, "Type": "F4" }, "geometry": { "type": "MultiPolygon", "coordinates": [ [ [ [ 670844.05047764047049, 3365920.768073328305036 ], [ 670844.487275916733779, 3365909.802920813672245 ], [ 670827.922745083342306, 3365909.143051495309919 ], [ 670814.510124720283784, 3365908.632574884686619 ], [ 670814.101122169755399, 3365919.378383608069271 ], [ 670833.512622200883925, 3365920.317800896707922 ], [ 670844.05047764047049, 3365920.768073328305036 ] ] ] ] } },
{ "type": "Feature", "properties": { "OBJECTID": 592, "Type": "F4" }, "geometry": { "type": "MultiPolygon", "coordinates": [ [ [ [ 670784.523651317926124, 3365907.795833416283131 ], [ 670784.354697635164484, 3365918.547433624044061 ], [ 670802.978553497465327, 3365918.840108189266175 ], [ 670814.101122169755399, 3365919.378383608069271 ], [ 670814.510124720283784, 3365908.632574884686619 ], [ 670798.152001617942005, 3365908.009994135703892 ], [ 670784.523651317926124, 3365907.795833416283131 ] ] ] ] } },
{ "type": "Feature", "properties": { "OBJECTID": 593, "Type": "F4" }, "geometry": { "type": "MultiPolygon", "coordinates": [ [ [ [ 670754.526118603418581, 3365907.52379734441638 ], [ 670754.562823692569509, 3365918.626431527081877 ], [ 670773.677752655930817, 3365918.37964504910633 ], [ 670784.354697635164484, 3365918.547433624044061 ], [ 670784.523651317926124, 3365907.795833416283131 ], [ 670765.008345713489689, 3365907.489162997808307 ], [ 670754.526118603418581, 3365907.52379734441638 ] ] ] ] } },
{ "type": "Feature", "properties": { "OBJECTID": 594, "Type": "F4" }, "geometry": { "type": "MultiPolygon", "coordinates": [ [ [ [ 670724.526781266205944, 3365907.681059983093292 ], [ 670724.681656929082237, 3365918.847568885423243 ], [ 670734.944760787300766, 3365918.879713799338788 ], [ 670754.562823692569509, 3365918.626431527081877 ], [ 670754.526118603418581, 3365907.52379734441638 ], [ 670730.029035665793344, 3365907.604738202411681 ], [ 670724.526781266205944, 3365907.681059983093292 ] ] ] ] } },
{ "type": "Feature", "properties": { "OBJECTID": 595, "Type": "F4" }, "geometry": { "type": "MultiPolygon", "coordinates": [ [ [ [ 670724.681656929082237, 3365918.847568885423243 ], [ 670724.526781266205944, 3365907.681059983093292 ], [ 670694.529666919261217, 3365908.097150011453778 ], [ 670694.679411323973909, 3365918.893696080427617 ], [ 670699.680756083573215, 3365918.769263938069344 ], [ 670724.681656929082237, 3365918.847568885423243 ] ] ] ] } },
{ "type": "Feature", "properties": { "OBJECTID": 596, "Type": "F4" }, "geometry": { "type": "MultiPolygon", "coordinates": [ [ [ [ 670664.539413060061634, 3365908.829832079820335 ], [ 670664.981396415736526, 3365919.6089834026061 ], [ 670666.900636846548878, 3365919.584824685007334 ], [ 670694.679411323973909, 3365918.893696080427617 ], [ 670694.529666919261217, 3365908.097150011453778 ], [ 670692.544961687293835, 3365908.124679861124605 ], [ 670669.090401597670279, 3365908.643213901668787 ], [ 670664.539413060061634, 3365908.829832079820335 ] ] ] ] } },
{ "type": "Feature", "properties": { "OBJECTID": 597, "Type": "F4" }, "geometry": { "type": "MultiPolygon", "coordinates": [ [ [ [ 670634.555531351361424, 3365909.676118594128639 ], [ 670634.621549359639175, 3365919.991142387967557 ], [ 670664.981396415736526, 3365919.6089834026061 ], [ 670664.539413060061634, 3365908.829832079820335 ], [ 670645.628796910168603, 3365909.605282228440046 ], [ 670634.555531351361424, 3365909.676118594128639 ] ] ] ] } },
{ "type": "Feature", "properties": { "OBJECTID": 598, "Type": "F4" }, "geometry": { "type": "MultiPolygon", "coordinates": [ [ [ [ 670604.563938200124539, 3365909.256269043311477 ], [ 670604.221467550145462, 3365919.998370747081935 ], [ 670605.39427423523739, 3365920.060468396171927 ], [ 670631.627859124564566, 3365920.028825898654759 ], [ 670634.621549359639175, 3365919.991142387967557 ], [ 670634.555531351361424, 3365909.676118594128639 ], [ 670620.546232608379796, 3365909.765736946370453 ], [ 670604.563938200124539, 3365909.256269043311477 ] ] ] ] } },
{ "type": "Feature", "properties": { "OBJECTID": 599, "Type": "F4" }, "geometry": { "type": "MultiPolygon", "coordinates": [ [ [ [ 670604.221467550145462, 3365919.998370747081935 ], [ 670604.563938200124539, 3365909.256269043311477 ], [ 670599.992835275596008, 3365909.110555908642709 ], [ 670585.685648067155853, 3365908.442481329664588 ], [ 670574.59821262198966, 3365907.839878521859646 ], [ 670574.024315903661773, 3365918.399495037738234 ], [ 670604.221467550145462, 3365919.998370747081935 ] ] ] ] } },
{ "type": "Feature", "properties": { "OBJECTID": 600, "Type": "F4" }, "geometry": { "type": "MultiPolygon", "coordinates": [ [ [ [ 670544.697016729856841, 3365905.480614932253957 ], [ 670543.728756184922531, 3365915.668479565996677 ], [ 670569.677856721449643, 3365918.169359159655869 ], [ 670574.024315903661773, 3365918.399495037738234 ], [ 670574.59821262198966, 3365907.839878521859646 ], [ 670562.739217949449085, 3365907.195341422222555 ], [ 670544.697016729856841, 3365905.480614932253957 ] ] ] ] } },
{ "type": "Feature", "properties": { "OBJECTID": 601, "Type": "F4" }, "geometry": { "type": "MultiPolygon", "coordinates": [ [ [ [ 670543.728756184922531, 3365915.668479565996677 ], [ 670544.697016729856841, 3365905.480614932253957 ], [ 670540.38313578045927, 3365905.070624718442559 ], [ 670514.947242966620252, 3365901.636414673645049 ], [ 670513.515330995665863, 3365912.24191270256415 ], [ 670518.639109688112512, 3365912.933684563264251 ], [ 670531.203153318958357, 3365914.461307681165636 ], [ 670543.728756184922531, 3365915.668479565996677 ] ] ] ] } },
{ "type": "Feature", "properties": { "OBJECTID": 602, "Type": "F4" }, "geometry": { "type": "MultiPolygon", "coordinates": [ [ [ [ 670485.267717173439451, 3365897.280324449762702 ], [ 670484.092207312816754, 3365906.527893218677491 ], [ 670485.563831489766017, 3365906.75822970084846 ], [ 670485.381692875642329, 3365907.422907288651913 ], [ 670484.003969173762016, 3365907.222050099633634 ], [ 670483.880692945094779, 3365908.191846645437181 ], [ 670484.983492770465091, 3365908.303549738135189 ], [ 670491.694324865587987, 3365909.29581395117566 ], [ 670513.515330995665863, 3365912.24191270256415 ], [ 670514.947242966620252, 3365901.636414673645049 ], [ 670513.438421635772102, 3365901.432702171616256 ], [ 670493.691766908741556, 3365898.351161623373628 ], [ 670485.267717173439451, 3365897.280324449762702 ] ] ] ] } },
{ "type": "Feature", "properties": { "OBJECTID": 603, "Type": "F4" }, "geometry": { "type": "MultiPolygon", "coordinates": [ [ [ [ 670484.092207312816754, 3365906.527893218677491 ], [ 670485.267717173439451, 3365897.280324449762702 ], [ 670469.812492780270986, 3365895.31570774782449 ], [ 670455.549798845895566, 3365893.188802790362388 ], [ 670454.243682787404396, 3365901.947447196114808 ], [ 670463.537178433965892, 3365903.310649908147752 ], [ 670484.092207312816754, 3365906.527893218677491 ] ] ] ] } },
{ "type": "Feature", "properties": { "OBJECTID": 604, "Type": "F4" }, "geometry": { "type": "MultiPolygon", "coordinates": [ [ [ [ 670483.880692945094779, 3365908.191846645437181 ], [ 670484.003969173762016, 3365907.222050099633634 ], [ 670477.711870909086429, 3365906.3047303436324 ], [ 670461.891858012997545, 3365904.060958112590015 ], [ 670454.111039029085077, 3365902.836938986554742 ], [ 670453.881710601504892, 3365904.37478559371084 ], [ 670471.645639363792725, 3365907.096563400700688 ], [ 670482.39309392508585, 3365908.041167068760842 ], [ 670483.880692945094779, 3365908.191846645437181 ] ] ] ] } },
{ "type": "Feature", "properties": { "OBJECTID": 605, "Type": "F4" }, "geometry": { "type": "MultiPolygon", "coordinates": [ [ [ [ 670425.87552446895279, 3365888.780079330783337 ], [ 670424.567484718048945, 3365897.659708270337433 ], [ 670438.994092024164274, 3365899.710583450272679 ], [ 670454.243682787404396, 3365901.947447196114808 ], [ 670455.549798845895566, 3365893.188802790362388 ], [ 670434.916640464682132, 3365890.111910931766033 ], [ 670425.87552446895279, 3365888.780079330783337 ] ] ] ] } },
{ "type": "Feature", "properties": { "OBJECTID": 606, "Type": "F4" }, "geometry": { "type": "MultiPolygon", "coordinates": [ [ [ [ 670396.199224469717592, 3365884.385413833428174 ], [ 670394.830281600006856, 3365893.261747305747122 ], [ 670414.449342505075037, 3365896.22132110921666 ], [ 670424.567484718048945, 3365897.659708270337433 ], [ 670425.87552446895279, 3365888.780079330783337 ], [ 670399.540397087926976, 3365884.900695980060846 ], [ 670396.199224469717592, 3365884.385413833428174 ] ] ] ] } },
{ "type": "Feature", "properties": { "OBJECTID": 607, "Type": "F4" }, "geometry": { "type": "MultiPolygon", "coordinates": [ [ [ [ 670366.549750068690628, 3365879.812814162578434 ], [ 670365.175014488399029, 3365888.726708552334458 ], [ 670374.187473152764142, 3365890.046691511292011 ], [ 670392.304401906090789, 3365892.880713401827961 ], [ 670394.830281600006856, 3365893.261747305747122 ], [ 670396.199224469717592, 3365884.385413833428174 ], [ 670366.549750068690628, 3365879.812814162578434 ] ] ] ] } },
{ "type": "Feature", "properties": { "OBJECTID": 608, "Type": "F4" }, "geometry": { "type": "MultiPolygon", "coordinates": [ [ [ [ 670365.175014488399029, 3365888.726708552334458 ], [ 670366.549750068690628, 3365879.812814162578434 ], [ 670362.729981916840188, 3365879.223722081165761 ], [ 670336.849374484969303, 3365875.58556276652962 ], [ 670335.618118583457544, 3365884.344429731369019 ], [ 670337.852307845372707, 3365884.709772630129009 ], [ 670347.342153999372385, 3365886.188897414598614 ], [ 670358.08102970267646, 3365887.687709165271372 ], [ 670365.175014488399029, 3365888.726708552334458 ] ] ] ] } },
{ "type": "Feature", "properties": { "OBJECTID": 609, "Type": "F4" }, "geometry": { "type": "MultiPolygon", "coordinates": [ [ [ [ 670307.258292266516946, 3365870.655648407991976 ], [ 670305.636072972556576, 3365879.546719996258616 ], [ 670306.316938648582436, 3365879.669938297010958 ], [ 670309.288163402350619, 3365880.159993162378669 ], [ 670316.956278465688229, 3365881.388796214014292 ], [ 670325.104668469168246, 3365882.625231449492276 ], [ 670335.618118583457544, 3365884.344429731369019 ], [ 670336.849374484969303, 3365875.58556276652962 ], [ 670335.212209311896004, 3365875.355418719816953 ], [ 670311.538902199012227, 3365871.436658009886742 ], [ 670307.258292266516946, 3365870.655648407991976 ] ] ] ] } },
{ "type": "Feature", "properties": { "OBJECTID": 610, "Type": "F4" }, "geometry": { "type": "MultiPolygon", "coordinates": [ [ [ [ 670277.833145503886044, 3365864.834140999242663 ], [ 670275.38973691011779, 3365875.636745320633054 ], [ 670287.120679902262054, 3365878.260505617130548 ], [ 670295.835091686574742, 3365880.170928559731692 ], [ 670301.297092118184082, 3365881.14340498065576 ], [ 670305.224660970387049, 3365881.8015899611637 ], [ 670305.473490629461594, 3365880.437802512664348 ], [ 670305.440210077329539, 3365880.432313915342093 ], [ 670302.192697123275138, 3365879.865743238478899 ], [ 670302.292558690998703, 3365878.941634200979024 ], [ 670305.636072972556576, 3365879.546719996258616 ], [ 670307.258292266516946, 3365870.655648407991976 ], [ 670290.267232825513929, 3365867.555580712389201 ], [ 670278.775463235680945, 3365865.047280007041991 ], [ 670277.833145503886044, 3365864.834140999242663 ] ] ] ] } },
{ "type": "Feature", "properties": { "OBJECTID": 611, "Type": "F4" }, "geometry": { "type": "MultiPolygon", "coordinates": [ [ [ [ 670248.650241139577702, 3365857.892860588617623 ], [ 670245.975102927419357, 3365868.315059945452958 ], [ 670251.216537717380561, 3365869.93715140921995 ], [ 670271.129297530045733, 3365874.683849061839283 ], [ 670275.38973691011779, 3365875.636745320633054 ], [ 670277.833145503886044, 3365864.834140999242663 ], [ 670259.816385759389959, 3365860.759003529325128 ], [ 670248.650241139577702, 3365857.892860588617623 ] ] ] ] } },
{ "type": "Feature", "properties": { "OBJECTID": 612, "Type": "F4" }, "geometry": { "type": "MultiPolygon", "coordinates": [ [ [ [ 670245.975102927419357, 3365868.315059945452958 ], [ 670248.650241139577702, 3365857.892860588617623 ], [ 670245.556022068602033, 3365857.098631743341684 ], [ 670235.709542083670385, 3365853.840136724989861 ], [ 670224.523329637013376, 3365850.227946976199746 ], [ 670220.124805868021213, 3365848.632721885107458 ], [ 670216.40827196103055, 3365858.880285990890115 ], [ 670222.335746465716511, 3365861.058780365623534 ], [ 670237.254732860950753, 3365865.616326028015465 ], [ 670245.975102927419357, 3365868.315059945452958 ] ] ] ] } },
{ "type": "Feature", "properties": { "OBJECTID": 613, "Type": "F4" }, "geometry": { "type": "MultiPolygon", "coordinates": [ [ [ [ 670192.143426441005431, 3365837.819006531033665 ], [ 670188.33967108966317, 3365847.569288928527385 ], [ 670190.342038540751673, 3365848.473118449095637 ], [ 670207.526708104414865, 3365855.616090272553265 ], [ 670216.40827196103055, 3365858.880285990890115 ], [ 670220.124805868021213, 3365848.632721885107458 ], [ 670214.299576228484511, 3365846.520069329533726 ], [ 670203.794454231858253, 3365842.364301612600684 ], [ 670192.143426441005431, 3365837.819006531033665 ] ] ] ] } },
{ "type": "Feature", "properties": { "OBJECTID": 614, "Type": "F4" }, "geometry": { "type": "MultiPolygon", "coordinates": [ [ [ [ 670165.185009651002474, 3365824.66316407546401 ], [ 670160.050196792231873, 3365834.276489645708352 ], [ 670162.009197070030496, 3365835.279632498044521 ], [ 670175.075166943017393, 3365841.581951081287116 ], [ 670188.33967108966317, 3365847.569288928527385 ], [ 670192.143426441005431, 3365837.819006531033665 ], [ 670191.951415957766585, 3365837.744099465198815 ], [ 670178.693304889369756, 3365831.438651994336396 ], [ 670166.298101808410138, 3365825.257705532480031 ], [ 670165.185009651002474, 3365824.66316407546401 ] ] ] ] } },
{ "type": "Feature", "properties": { "OBJECTID": 615, "Type": "F4" }, "geometry": { "type": "MultiPolygon", "coordinates": [ [ [ [ 670138.849888390279375, 3365810.298344090115279 ], [ 670133.284296122728847, 3365820.162473554722965 ], [ 670146.375351236434653, 3365827.274028373882174 ], [ 670160.050196792231873, 3365834.276489645708352 ], [ 670165.185009651002474, 3365824.66316407546401 ], [ 670148.76368562807329, 3365815.89196050260216 ], [ 670138.849888390279375, 3365810.298344090115279 ] ] ] ] } },
{ "type": "Feature", "properties": { "OBJECTID": 616, "Type": "F4" }, "geometry": { "type": "MultiPolygon", "coordinates": [ [ [ [ 670133.284296122728847, 3365820.162473554722965 ], [ 670138.849888390279375, 3365810.298344090115279 ], [ 670117.235520085785538, 3365798.102968051098287 ], [ 670112.734570275526494, 3365795.533961608074605 ], [ 670107.038890678202733, 3365805.512884284835309 ], [ 670116.649969833204523, 3365810.954612493049353 ], [ 670131.034907350083813, 3365818.940520746167749 ], [ 670133.284296122728847, 3365820.162473554722965 ] ] ] ] } },
{ "type": "Feature", "properties": { "OBJECTID": 617, "Type": "F4" }, "geometry": { "type": "MultiPolygon", "coordinates": [ [ [ [ 670086.679886016179807, 3365780.662733410485089 ], [ 670081.08188849769067, 3365790.470516164321452 ], [ 670086.269422648474574, 3365793.51619745278731 ], [ 670102.55323390266858, 3365802.973135666456074 ], [ 670107.038890678202733, 3365805.512884284835309 ], [ 670112.734570275526494, 3365795.533961608074605 ], [ 670086.679886016179807, 3365780.662733410485089 ] ] ] ] } },
{ "type": "Feature", "properties": { "OBJECTID": 618, "Type": "F4" }, "geometry": { "type": "MultiPolygon", "coordinates": [ [ [ [ 670060.745112799457274, 3365765.583552929572761 ], [ 670055.118627642397769, 3365775.242550120223314 ], [ 670070.748882938991301, 3365784.403849271591753 ], [ 670081.08188849769067, 3365790.470516164321452 ], [ 670086.679886016179807, 3365780.662733410485089 ], [ 670084.281846758793108, 3365779.294004905968904 ], [ 670060.745112799457274, 3365765.583552929572761 ] ] ] ] } },
{ "type": "Feature", "properties": { "OBJECTID": 619, "Type": "F4" }, "geometry": { "type": "MultiPolygon", "coordinates": [ [ [ [ 670034.995874221320264, 3365750.191539181862026 ], [ 670029.009283169871196, 3365760.068116422742605 ], [ 670047.039247678709216, 3365770.50701538939029 ], [ 670055.118627642397769, 3365775.242550120223314 ], [ 670060.745112799457274, 3365765.583552929572761 ], [ 670051.619668431347236, 3365760.267863548360765 ], [ 670034.995874221320264, 3365750.191539181862026 ] ] ] ] } },
{ "type": "Feature", "properties": { "OBJECTID": 620, "Type": "F4" }, "geometry": { "type": "MultiPolygon", "coordinates": [ [ [ [ 670029.009283169871196, 3365760.068116422742605 ], [ 670034.995874221320264, 3365750.191539181862026 ], [ 670024.395274763228372, 3365743.766106018796563 ], [ 670009.153054413269274, 3365734.958253501914442 ], [ 670003.300472258473746, 3365745.086307116784155 ], [ 670017.517859457875602, 3365753.414869210217148 ], [ 670029.009283169871196, 3365760.068116422742605 ] ] ] ] } },
{ "type": "Feature", "properties": { "OBJECTID": 621, "Type": "F4" }, "geometry": { "type": "MultiPolygon", "coordinates": [ [ [ [ 669983.166615012916736, 3365719.968283477239311 ], [ 669977.478024532087147, 3365730.023963700514287 ], [ 669980.572206349927001, 3365731.772062295116484 ], [ 670003.300472258473746, 3365745.086307116784155 ], [ 670009.153054413269274, 3365734.958253501914442 ], [ 669985.350010383524932, 3365721.203452924732119 ], [ 669983.166615012916736, 3365719.968283477239311 ] ] ] ] } },
{ "type": "Feature", "properties": { "OBJECTID": 622, "Type": "F4" }, "geometry": { "type": "MultiPolygon", "coordinates": [ [ [ [ 669977.478024532087147, 3365730.023963700514287 ], [ 669983.166615012916736, 3365719.968283477239311 ], [ 669957.055245989584364, 3365705.196810712106526 ], [ 669951.357951076934114, 3365715.267877023201436 ], [ 669951.711001259274781, 3365715.466545997653157 ], [ 669977.478024532087147, 3365730.023963700514287 ] ] ] ] } },
{ "type": "Feature", "properties": { "OBJECTID": 623, "Type": "F4" }, "geometry": { "type": "MultiPolygon", "coordinates": [ [ [ [ 670305.473490629461594, 3365880.437802512664348 ], [ 670305.224660970387049, 3365881.8015899611637 ], [ 670310.785292205400765, 3365882.733444779645652 ], [ 670318.83595957455691, 3365884.079117717687041 ], [ 670335.280060287099332, 3365886.749297509435564 ], [ 670335.48808445665054, 3365885.269462144002318 ], [ 670333.523990561603568, 3365884.974554473534226 ], [ 670318.474249455495737, 3365882.632193507160991 ], [ 670311.382574154064059, 3365881.412322964984924 ], [ 670305.473490629461594, 3365880.437802512664348 ] ] ] ] } },
{ "type": "Feature", "properties": { "OBJECTID": 624, "Type": "F4" }, "geometry": { "type": "MultiPolygon", "coordinates": [ [ [ [ 670394.73381522425916, 3365893.88724288996309 ], [ 670394.453881428111345, 3365895.702355690300465 ], [ 670418.442425526212901, 3365898.944800993427634 ], [ 670424.247164924978279, 3365899.834199452772737 ], [ 670424.459791701403446, 3365898.39078240422532 ], [ 670407.439765047281981, 3365895.889662435278296 ], [ 670394.73381522425916, 3365893.88724288996309 ] ] ] ] } },
{ "type": "Feature", "properties": { "OBJECTID": 625, "Type": "F4" }, "geometry": { "type": "MultiPolygon", "coordinates": [ [ [ [ 670365.03230320115108, 3365889.652059842366725 ], [ 670364.788206377532333, 3365891.2348029804416 ], [ 670386.895042571704835, 3365894.680654604919255 ], [ 670394.453881428111345, 3365895.702355690300465 ], [ 670394.73381522425916, 3365893.88724288996309 ], [ 670391.815436392091215, 3365893.427315148059279 ], [ 670378.872279073111713, 3365891.561391342896968 ], [ 670365.256608522031456, 3365889.684940902516246 ], [ 670365.03230320115108, 3365889.652059842366725 ] ] ] ] } },
{ "type": "Feature", "properties": { "OBJECTID": 626, "Type": "F4" }, "geometry": { "type": "MultiPolygon", "coordinates": [ [ [ [ 670364.788206377532333, 3365891.2348029804416 ], [ 670365.03230320115108, 3365889.652059842366725 ], [ 670350.012995023163967, 3365887.450369865167886 ], [ 670335.48808445665054, 3365885.269462144002318 ], [ 670335.280060287099332, 3365886.749297509435564 ], [ 670338.484773983247578, 3365887.269676330965012 ], [ 670361.588640019181184, 3365890.736078023444861 ], [ 670364.788206377532333, 3365891.2348029804416 ] ] ] ] } },
{ "type": "Feature", "properties": { "OBJECTID": 627, "Type": "F4" }, "geometry": { "type": "MultiPolygon", "coordinates": [ [ [ [ 670424.459791701403446, 3365898.39078240422532 ], [ 670424.247164924978279, 3365899.834199452772737 ], [ 670453.881710601504892, 3365904.37478559371084 ], [ 670454.111039029085077, 3365902.836938986554742 ], [ 670443.104188316268846, 3365901.105425142217427 ], [ 670425.175950517063029, 3365898.496023080311716 ], [ 670424.459791701403446, 3365898.39078240422532 ] ] ] ] } },
{ "type": "Feature", "properties": { "OBJECTID": 628, "Type": "F4" }, "geometry": { "type": "MultiPolygon", "coordinates": [ [ [ [ 669930.882665681419894, 3365690.534309917129576 ], [ 669925.264583690557629, 3365700.607484452426434 ], [ 669931.040617752354592, 3365703.834874082822353 ], [ 669951.357951076934114, 3365715.267877023201436 ], [ 669957.055245989584364, 3365705.196810712106526 ], [ 669948.869045936269686, 3365700.565792283974588 ], [ 669930.882665681419894, 3365690.534309917129576 ] ] ] ] } },
{ "type": "Feature", "properties": { "OBJECTID": 629, "Type": "F4" }, "geometry": { "type": "MultiPolygon", "coordinates": [ [ [ [ 669904.642911702510901, 3365675.992634748108685 ], [ 669899.138648672029376, 3365686.070955460425466 ], [ 669903.891194342751987, 3365688.664989929646254 ], [ 669925.264583690557629, 3365700.607484452426434 ], [ 669930.882665681419894, 3365690.534309917129576 ], [ 669912.669153118389659, 3365680.376149824820459 ], [ 669904.642911702510901, 3365675.992634748108685 ] ] ] ] } },
{ "type": "Feature", "properties": { "OBJECTID": 630, "Type": "F4" }, "geometry": { "type": "MultiPolygon", "coordinates": [ [ [ [ 669899.138648672029376, 3365686.070955460425466 ], [ 669904.642911702510901, 3365675.992634748108685 ], [ 669881.321987616945989, 3365663.255960502196103 ], [ 669878.289317655493505, 3365661.658499108161777 ], [ 669872.911913400050253, 3365671.86709743924439 ], [ 669880.261548501672223, 3365675.767456681467593 ], [ 669899.138648672029376, 3365686.070955460425466 ] ] ] ] } },
{ "type": "Feature", "properties": { "OBJECTID": 631, "Type": "F4" }, "geometry": { "type": "MultiPolygon", "coordinates": [ [ [ [ 669851.74653157859575, 3365647.677064732648432 ], [ 669846.357362821581773, 3365657.907996413297951 ], [ 669855.292172040906735, 3365662.516521512530744 ], [ 669872.911913400050253, 3365671.86709743924439 ], [ 669878.289317655493505, 3365661.658499108161777 ], [ 669851.74653157859575, 3365647.677064732648432 ] ] ] ] } },
{ "type": "Feature", "properties": { "OBJECTID": 632, "Type": "F4" }, "geometry": { "type": "MultiPolygon", "coordinates": [ [ [ [ 669825.259823477361351, 3365633.589722692966461 ], [ 669820.162970176548697, 3365643.165698428638279 ], [ 669827.849126829998568, 3365647.674871486146003 ], [ 669836.894390393630601, 3365653.027047656942159 ], [ 669846.357362821581773, 3365657.907996413297951 ], [ 669851.74653157859575, 3365647.677064732648432 ], [ 669849.869991079205647, 3365646.688595482613891 ], [ 669825.259823477361351, 3365633.589722692966461 ] ] ] ] } },
{ "type": "Feature", "properties": { "OBJECTID": 633, "Type": "F4" }, "geometry": { "type": "MultiPolygon", "coordinates": [ [ [ [ 669820.162970176548697, 3365643.165698428638279 ], [ 669825.259823477361351, 3365633.589722692966461 ], [ 669820.040699290693738, 3365630.811820286791772 ], [ 669798.774225421599112, 3365619.50025554606691 ], [ 669794.245058428728953, 3365628.015410746913403 ], [ 669795.566970574902371, 3365628.877237797249109 ], [ 669803.85587447474245, 3365633.441456635482609 ], [ 669812.899429163197055, 3365638.904457744210958 ], [ 669820.162970176548697, 3365643.165698428638279 ] ] ] ] } },
{ "type": "Feature", "properties": { "OBJECTID": 634, "Type": "F4" }, "geometry": { "type": "MultiPolygon", "coordinates": [ [ [ [ 669774.017537839594297, 3365606.746868013869971 ], [ 669770.37654648325406, 3365613.214083429891616 ], [ 669779.015199567424133, 3365618.086230220273137 ], [ 669794.245058428728953, 3365628.015410746913403 ], [ 669798.774225421599112, 3365619.50025554606691 ], [ 669787.828581886715256, 3365613.678305172827095 ], [ 669774.017537839594297, 3365606.746868013869971 ] ] ] ] } },
{ "type": "Feature", "properties": { "OBJECTID": 635, "Type": "F4" }, "geometry": { "type": "MultiPolygon", "coordinates": [ [ [ [ 669723.915176192182116, 3365580.839349649380893 ], [ 669720.497193068615161, 3365587.395680174231529 ], [ 669745.847512774751522, 3365600.605400001630187 ], [ 669747.136558151105419, 3365601.264498825185001 ], [ 669750.538304625428282, 3365594.66703715827316 ], [ 669741.49659918085672, 3365590.005006933119148 ], [ 669723.915176192182116, 3365580.839349649380893 ] ] ] ] } },
{ "type": "Feature", "properties": { "OBJECTID": 636, "Type": "F4" }, "geometry": { "type": "MultiPolygon", "coordinates": [ [ [ [ 669720.497193068615161, 3365587.395680174231529 ], [ 669723.915176192182116, 3365580.839349649380893 ], [ 669706.419464230420999, 3365571.718375774100423 ], [ 669697.301829516538419, 3365566.992738853674382 ], [ 669693.947916225646622, 3365573.463762728497386 ], [ 669705.051157812587917, 3365579.346953351516277 ], [ 669720.497193068615161, 3365587.395680174231529 ] ] ] ] } },
{ "type": "Feature", "properties": { "OBJECTID": 637, "Type": "F4" }, "geometry": { "type": "MultiPolygon", "coordinates": [ [ [ [ 669670.677279714494944, 3365553.16786735272035 ], [ 669667.376076479093172, 3365559.384343019686639 ], [ 669693.947916225646622, 3365573.463762728497386 ], [ 669697.301829516538419, 3365566.992738853674382 ], [ 669672.675074216444045, 3365554.228781124576926 ], [ 669670.677279714494944, 3365553.16786735272035 ] ] ] ] } },
{ "type": "Feature", "properties": { "OBJECTID": 638, "Type": "F4" }, "geometry": { "type": "MultiPolygon", "coordinates": [ [ [ [ 669644.181530529051088, 3365539.097498663235456 ], [ 669640.858208204386756, 3365545.355629758909345 ], [ 669651.58448276668787, 3365551.016970723867416 ], [ 669667.376076479093172, 3365559.384343019686639 ], [ 669670.677279714494944, 3365553.16786735272035 ], [ 669644.181530529051088, 3365539.097498663235456 ] ] ] ] } },
{ "type": "Feature", "properties": { "OBJECTID": 639, "Type": "F4" }, "geometry": { "type": "MultiPolygon", "coordinates": [ [ [ [ 669617.602202601032332, 3365525.185775910969824 ], [ 669614.353845718433149, 3365531.401323069352657 ], [ 669615.652779600466602, 3365532.052173403091729 ], [ 669640.858208204386756, 3365545.355629758909345 ], [ 669644.181530529051088, 3365539.097498663235456 ], [ 669641.701118602999486, 3365537.780294531490654 ], [ 669617.602202601032332, 3365525.185775910969824 ] ] ] ] } },
{ "type": "Feature", "properties": { "OBJECTID": 640, "Type": "F4" }, "geometry": { "type": "MultiPolygon", "coordinates": [ [ [ [ 669614.353845718433149, 3365531.401323069352657 ], [ 669617.602202601032332, 3365525.185775910969824 ], [ 669608.244754697545432, 3365520.295408566016704 ], [ 669590.93003711279016, 3365511.453429551329464 ], [ 669587.591262668254785, 3365517.991528818383813 ], [ 669614.353845718433149, 3365531.401323069352657 ] ] ] ] } },
{ "type": "Feature", "properties": { "OBJECTID": 641, "Type": "F4" }, "geometry": { "type": "MultiPolygon", "coordinates": [ [ [ [ 669563.575599455041811, 3365499.164178003557026 ], [ 669560.598122669733129, 3365506.081856345757842 ], [ 669578.463411237346008, 3365513.62214646814391 ], [ 669587.334044324350543, 3365517.862645703367889 ], [ 669587.591262668254785, 3365517.991528818383813 ], [ 669590.93003711279016, 3365511.453429551329464 ], [ 669584.506319620413706, 3365508.173077158164233 ], [ 669563.575599455041811, 3365499.164178003557026 ] ] ] ] } },
{ "type": "Feature", "properties": { "OBJECTID": 642, "Type": "F4" }, "geometry": { "type": "MultiPolygon", "coordinates": [ [ [ [ 669535.648894377751276, 3365488.214667168445885 ], [ 669533.190685569541529, 3365495.023955493699759 ], [ 669559.370146127883345, 3365505.563572000246495 ], [ 669560.598122669733129, 3365506.081856345757842 ], [ 669563.575599455041811, 3365499.164178003557026 ], [ 669563.124604315147735, 3365498.970062860753387 ], [ 669542.115056045120582, 3365490.549008525907993 ], [ 669535.648894377751276, 3365488.214667168445885 ] ] ] ] } },
{ "type": "Feature", "properties": { "OBJECTID": 643, "Type": "F4" }, "geometry": { "type": "MultiPolygon", "coordinates": [ [ [ [ 669507.311172377783805, 3365478.380745774600655 ], [ 669504.999498038319871, 3365485.5948341130279 ], [ 669530.721555648255162, 3365494.029905886854976 ], [ 669533.190685569541529, 3365495.023955493699759 ], [ 669535.648894377751276, 3365488.214667168445885 ], [ 669517.079184683854692, 3365481.510838287416846 ], [ 669507.311172377783805, 3365478.380745774600655 ] ] ] ] } },
{ "type": "Feature", "properties": { "OBJECTID": 644, "Type": "F4" }, "geometry": { "type": "MultiPolygon", "coordinates": [ [ [ [ 669504.999498038319871, 3365485.5948341130279 ], [ 669507.311172377783805, 3365478.380745774600655 ], [ 669496.712723049568012, 3365474.984545417129993 ], [ 669478.490764103713445, 3365470.079072865191847 ], [ 669476.460513969999738, 3365477.620563365984708 ], [ 669497.355068855686113, 3365483.087985329795629 ], [ 669504.999498038319871, 3365485.5948341130279 ] ] ] ] } },
{ "type": "Feature", "properties": { "OBJECTID": 645, "Type": "F4" }, "geometry": { "type": "MultiPolygon", "coordinates": [ [ [ [ 669449.210826564813033, 3365463.593503805808723 ], [ 669447.961285075522028, 3365471.027035295963287 ], [ 669452.940282229683362, 3365471.973925905767828 ], [ 669468.069506785133854, 3365475.424911090638489 ], [ 669476.460513969999738, 3365477.620563365984708 ], [ 669478.490764103713445, 3365470.079072865191847 ], [ 669477.478325595497154, 3365469.806517684366554 ], [ 669455.073571177315898, 3365464.578999489080161 ], [ 669449.210826564813033, 3365463.593503805808723 ] ] ] ] } },
{ "type": "Feature", "properties": { "OBJECTID": 646, "Type": "F4" }, "geometry": { "type": "MultiPolygon", "coordinates": [ [ [ [ 669447.961285075522028, 3365471.027035295963287 ], [ 669449.210826564813033, 3365463.593503805808723 ], [ 669419.6258879652014, 3365458.620435524731874 ], [ 669418.426345248706639, 3365465.756523526739329 ], [ 669425.634169958066195, 3365466.780932115390897 ], [ 669447.961285075522028, 3365471.027035295963287 ] ] ] ] } },
{ "type": "Feature", "properties": { "OBJECTID": 647, "Type": "F4" }, "geometry": { "type": "MultiPolygon", "coordinates": [ [ [ [ 669389.869775736704469, 3365454.827265683095902 ], [ 669389.163774941000156, 3365462.042938211001456 ], [ 669400.225203444249928, 3365463.169695082120597 ], [ 669418.426345248706639, 3365465.756523526739329 ], [ 669419.6258879652014, 3365458.620435524731874 ], [ 669416.544314074097201, 3365458.102439608424902 ], [ 669390.936263158218935, 3365454.931614099536091 ], [ 669389.869775736704469, 3365454.827265683095902 ] ] ] ] } },
{ "type": "Feature", "properties": { "OBJECTID": 648, "Type": "F4" }, "geometry": { "type": "MultiPolygon", "coordinates": [ [ [ [ 669389.163774941000156, 3365462.042938211001456 ], [ 669389.869775736704469, 3365454.827265683095902 ], [ 669360.012351891375147, 3365451.905923307873309 ], [ 669359.317650437355042, 3365459.006093660369515 ], [ 669364.2467155829072, 3365459.504796972498298 ], [ 669389.163774941000156, 3365462.042938211001456 ] ] ] ] } },
{ "type": "Feature", "properties": { "OBJECTID": 649, "Type": "F4" }, "geometry": { "type": "MultiPolygon", "coordinates": [ [ [ [ 669330.154125257162377, 3365448.992911677341908 ], [ 669329.466518041212112, 3365456.240785908419639 ], [ 669340.932315172860399, 3365457.145938169676811 ], [ 669359.317650437355042, 3365459.006093660369515 ], [ 669360.012351891375147, 3365451.905923307873309 ], [ 669332.9831304512918, 3365449.261300973128527 ], [ 669330.154125257162377, 3365448.992911677341908 ] ] ] ] } },
{ "type": "Feature", "properties": { "OBJECTID": 650, "Type": "F4" }, "geometry": { "type": "MultiPolygon", "coordinates": [ [ [ [ 669300.288227040087804, 3365446.159517306368798 ], [ 669299.575402656453662, 3365453.673198168165982 ], [ 669318.185733304475434, 3365455.350239207502455 ], [ 669329.466518041212112, 3365456.240785908419639 ], [ 669330.154125257162377, 3365448.992911677341908 ], [ 669300.288227040087804, 3365446.159517306368798 ] ] ] ] } },
{ "type": "Feature", "properties": { "OBJECTID": 651, "Type": "F4" }, "geometry": { "type": "MultiPolygon", "coordinates": [ [ [ [ 669270.42000979220029, 3365443.351452769711614 ], [ 669269.75163824018091, 3365450.927868658211082 ], [ 669297.362310154130682, 3365453.473768774885684 ], [ 669299.575402656453662, 3365453.673198168165982 ], [ 669300.288227040087804, 3365446.159517306368798 ], [ 669274.259705572505482, 3365443.690177001524717 ], [ 669270.42000979220029, 3365443.351452769711614 ] ] ] ] } },
{ "type": "Feature", "properties": { "OBJECTID": 652, "Type": "F4" }, "geometry": { "type": "MultiPolygon", "coordinates": [ [ [ [ 669269.75163824018091, 3365450.927868658211082 ], [ 669270.42000979220029, 3365443.351452769711614 ], [ 669240.536064924323, 3365440.715198013931513 ], [ 669239.883746883482672, 3365448.109656750690192 ], [ 669259.747029061196372, 3365450.005372611805797 ], [ 669269.75163824018091, 3365450.927868658211082 ] ] ] ] } },
{ "type": "Feature", "properties": { "OBJECTID": 653, "Type": "F4" }, "geometry": { "type": "MultiPolygon", "coordinates": [ [ [ [ 669210.654179687262513, 3365438.055783771909773 ], [ 669209.99876205669716, 3365445.366762621328235 ], [ 669218.103688560659066, 3365446.031007228419185 ], [ 669239.883746883482672, 3365448.109656750690192 ], [ 669240.536064924323, 3365440.715198013931513 ], [ 669226.94973721425049, 3365439.516660765744746 ], [ 669210.654179687262513, 3365438.055783771909773 ] ] ] ] } },
{ "type": "Feature", "properties": { "OBJECTID": 654, "Type": "F4" }, "geometry": { "type": "MultiPolygon", "coordinates": [ [ [ [ 669180.774011441506445, 3365435.377062882296741 ], [ 669180.098136459477246, 3365442.916237093508244 ], [ 669209.99876205669716, 3365445.366762621328235 ], [ 669210.654179687262513, 3365438.055783771909773 ], [ 669180.774011441506445, 3365435.377062882296741 ] ] ] ] } },
{ "type": "Feature", "properties": { "OBJECTID": 655, "Type": "F4" }, "geometry": { "type": "MultiPolygon", "coordinates": [ [ [ [ 669150.897346886573359, 3365432.659889981150627 ], [ 669150.187701220740564, 3365440.324576460756361 ], [ 669159.656292318832129, 3365441.240912250243127 ], [ 669180.098136459477246, 3365442.916237093508244 ], [ 669180.774011441506445, 3365435.377062882296741 ], [ 669164.095129140536301, 3365433.881821286864579 ], [ 669150.897346886573359, 3365432.659889981150627 ] ] ] ] } },
{ "type": "Feature", "properties": { "OBJECTID": 656, "Type": "F4" }, "geometry": { "type": "MultiPolygon", "coordinates": [ [ [ [ 669150.187701220740564, 3365440.324576460756361 ], [ 669150.897346886573359, 3365432.659889981150627 ], [ 669121.025108884437941, 3365429.894135698210448 ], [ 669120.329259312129579, 3365437.409814388025552 ], [ 669129.623737934511155, 3365438.334470927715302 ], [ 669150.187701220740564, 3365440.324576460756361 ] ] ] ] } },
{ "type": "Feature", "properties": { "OBJECTID": 657, "Type": "F4" }, "geometry": { "type": "MultiPolygon", "coordinates": [ [ [ [ 669091.145920372800902, 3365427.204863805323839 ], [ 669090.500560785876587, 3365434.442321289796382 ], [ 669120.329259312129579, 3365437.409814388025552 ], [ 669121.025108884437941, 3365429.894135698210448 ], [ 669113.717731712386012, 3365429.217574079055339 ], [ 669091.145920372800902, 3365427.204863805323839 ] ] ] ] } },
{ "type": "Feature", "properties": { "OBJECTID": 658, "Type": "F4" }, "geometry": { "type": "MultiPolygon", "coordinates": [ [ [ [ 669061.264481003745459, 3365424.540359875652939 ], [ 669060.646363388281316, 3365431.472291449550539 ], [ 669090.500560785876587, 3365434.442321289796382 ], [ 669091.145920372800902, 3365427.204863805323839 ], [ 669061.264481003745459, 3365424.540359875652939 ] ] ] ] } },
{ "type": "Feature", "properties": { "OBJECTID": 659, "Type": "F4" }, "geometry": { "type": "MultiPolygon", "coordinates": [ [ [ [ 669031.411282549379393, 3365421.577101612463593 ], [ 669030.669832220533863, 3365428.999379395972937 ], [ 669055.648904803209007, 3365430.97512179100886 ], [ 669060.646363388281316, 3365431.472291449550539 ], [ 669061.264481003745459, 3365424.540359875652939 ], [ 669059.499145780224353, 3365424.382946352940053 ], [ 669031.411282549379393, 3365421.577101612463593 ] ] ] ] } },
{ "type": "Feature", "properties": { "OBJECTID": 660, "Type": "F4" }, "geometry": { "type": "MultiPolygon", "coordinates": [ [ [ [ 669030.669832220533863, 3365428.999379395972937 ], [ 669031.411282549379393, 3365421.577101612463593 ], [ 669006.920634715119377, 3365419.130601683165878 ], [ 669001.556688101147301, 3365418.627823213580996 ], [ 669000.823062088806182, 3365426.454669730737805 ], [ 669006.796550600905903, 3365427.111100540030748 ], [ 669030.669832220533863, 3365428.999379395972937 ] ] ] ] } },
{ "type": "Feature", "properties": { "OBJECTID": 661, "Type": "F4" }, "geometry": { "type": "MultiPolygon", "coordinates": [ [ [ [ 668971.687613959074952, 3365415.828107169829309 ], [ 668971.001168764312752, 3365423.151595011353493 ], [ 668973.892075868439861, 3365423.495204913895577 ], [ 669000.823062088806182, 3365426.454669730737805 ], [ 669001.556688101147301, 3365418.627823213580996 ], [ 668971.687613959074952, 3365415.828107169829309 ] ] ] ] } },
{ "type": "Feature", "properties": { "OBJECTID": 662, "Type": "F4" }, "geometry": { "type": "MultiPolygon", "coordinates": [ [ [ [ 668971.001168764312752, 3365423.151595011353493 ], [ 668971.687613959074952, 3365415.828107169829309 ], [ 668968.634390664752573, 3365415.541919583454728 ], [ 668941.869863599073142, 3365412.530648856889457 ], [ 668941.075096675776877, 3365419.594616407062858 ], [ 668971.001168764312752, 3365423.151595011353493 ] ] ] ] } },
{ "type": "Feature", "properties": { "OBJECTID": 663, "Type": "F4" }, "geometry": { "type": "MultiPolygon", "coordinates": [ [ [ [ 668912.093480403535068, 3365408.887230817228556 ], [ 668911.133986316039227, 3365416.095518529880792 ], [ 668922.38416415208485, 3365417.373033605515957 ], [ 668941.075096675776877, 3365419.594616407062858 ], [ 668941.869863599073142, 3365412.530648856889457 ], [ 668926.330402162973769, 3365410.782307658344507 ], [ 668912.093480403535068, 3365408.887230817228556 ] ] ] ] } },
{ "type": "Feature", "properties": { "OBJECTID": 664, "Type": "F4" }, "geometry": { "type": "MultiPolygon", "coordinates": [ [ [ [ 668911.133986316039227, 3365416.095518529880792 ], [ 668912.093480403535068, 3365408.887230817228556 ], [ 668886.724966841284186, 3365405.510427645407617 ], [ 668882.358459052746184, 3365404.909018496051431 ], [ 668881.341216863016598, 3365412.294490803033113 ], [ 668895.237084582680836, 3365414.290344254579395 ], [ 668911.133986316039227, 3365416.095518529880792 ] ] ] ] } },
{ "type": "Feature", "properties": { "OBJECTID": 665, "Type": "F4" }, "geometry": { "type": "MultiPolygon", "coordinates": [ [ [ [ 668852.657375388662331, 3365400.688203435856849 ], [ 668851.572836393024772, 3365407.911789912264794 ], [ 668863.212738727685064, 3365409.690710572060198 ], [ 668881.341216863016598, 3365412.294490803033113 ], [ 668882.358459052746184, 3365404.909018496051431 ], [ 668863.135953603661619, 3365402.261458658613265 ], [ 668852.657375388662331, 3365400.688203435856849 ] ] ] ] } },
{ "type": "Feature", "properties": { "OBJECTID": 666, "Type": "F4" }, "geometry": { "type": "MultiPolygon", "coordinates": [ [ [ [ 668851.572836393024772, 3365407.911789912264794 ], [ 668852.657375388662331, 3365400.688203435856849 ], [ 668822.989896115614101, 3365396.233923880383372 ], [ 668821.222757591167465, 3365403.273402006365359 ], [ 668851.572836393024772, 3365407.911789912264794 ] ] ] ] } },
{ "type": "Feature", "properties": { "OBJECTID": 667, "Type": "F4" }, "geometry": { "type": "MultiPolygon", "coordinates": [ [ [ [ 669775.166889169602655, 3365604.705362854059786 ], [ 669779.3225028635934, 3365597.32406300585717 ], [ 669777.529209770378657, 3365596.332886897493154 ], [ 669755.657461820635945, 3365584.738771304953843 ], [ 669752.031487775733694, 3365591.771107472945005 ], [ 669774.139901079237461, 3365604.151636647060513 ], [ 669775.166889169602655, 3365604.705362854059786 ] ] ] ] } },
{ "type": "Feature", "properties": { "OBJECTID": 668, "Type": "F4" }, "geometry": { "type": "MultiPolygon", "coordinates": [ [ [ [ 669770.37654648325406, 3365613.214083429891616 ], [ 669774.017537839594297, 3365606.746868013869971 ], [ 669772.096440968220122, 3365605.782714819069952 ], [ 669750.538304625428282, 3365594.66703715827316 ], [ 669747.136558151105419, 3365601.264498825185001 ], [ 669769.108666058396921, 3365612.499006729573011 ], [ 669770.37654648325406, 3365613.214083429891616 ] ] ] ] } },
{ "type": "Feature", "properties": { "OBJECTID": 669, "Type": "F1" }, "geometry": { "type": "MultiPolygon", "coordinates": [ [ [ [ 664301.256545255542733, 3343546.602327544242144 ], [ 664307.037965946481563, 3343539.925193788483739 ], [ 664306.584105178480968, 3343539.568280450999737 ], [ 664300.393555013928562, 3343535.040993065107614 ], [ 664289.162490633432753, 3343526.336273695807904 ], [ 664286.296394535340369, 3343524.067196325398982 ], [ 664281.327047901926562, 3343530.535585920792073 ], [ 664283.774961810093373, 3343532.4637919398956 ], [ 664297.568504743161611, 3343543.6457903329283 ], [ 664298.995806760387495, 3343544.775856717023998 ], [ 664301.256545255542733, 3343546.602327544242144 ] ] ] ] } },
{ "type": "Feature", "properties": { "OBJECTID": 670, "Type": "F1" }, "geometry": { "type": "MultiPolygon", "coordinates": [ [ [ [ 664294.212667876970954, 3343554.737509868573397 ], [ 664299.984322485863231, 3343548.071655250154436 ], [ 664297.531937249703333, 3343546.084198232274503 ], [ 664282.586512026144192, 3343534.663194744382054 ], [ 664279.800406645634212, 3343532.522750662174076 ], [ 664274.469102707109414, 3343539.46228486392647 ], [ 664279.378154956735671, 3343543.151381988544017 ], [ 664294.212667876970954, 3343554.737509868573397 ] ] ] ] } }
]
}
