{
"type": "FeatureCollection",
"name": "Soil",
"crs": { "type": "name", "properties": { "name": "urn:ogc:def:crs:OGC:1.3:CRS84" } },
"features": [
{ "type": "Feature", "properties": { "SOIL_ID": 1662.0, "S_FORM": "Level", "P_MATERIAL": "Alluvium", "SOIL_DEPTH": "Deep", "S_P_SIZE": "Fine-Silty", "M_CLASS": "Mixed", "C_CLASS": "Non-Calcareous", "S_T_REGIM": "Hyperthermic", "S_R_CLASS": "Slightly Alkaline", "S_D_CLASS": "Well", "G_W_DEPTH": "Deep", "C_LAYER": "Data Not Available", "S_TEXTURE": "Loamy", "SL_CLASS": "Level to Nearly Level", "ER_CLASS": "Slight", "CLASS": "Nil", "SODI_CLASS": "Nil", "SUR_STONE": "Nil To Slight", "FLOODING": "Nil", "S_TAXO": "Typic Haplustalfs", "S_REGION": "Soils of Alluvial Plains", "S_SUB_REG": "Alluvial Plains", "LANDSCAPE": "Aac1" }, "geometry": { "type": "MultiPolygon", "coordinates": [ [ [ [ 76.560721750434496, 30.493294538125014 ], [ 76.560736152332098, 30.494196595122389 ], [ 76.560750554880471, 30.495098651988677 ], [ 76.560764958079631, 30.49600070872388 ], [ 76.560779361929605, 30.496902765327992 ], [ 76.560793766430407, 30.497804821801015 ], [ 76.560808171582096, 30.498706878142936 ], [ 76.560822577384656, 30.499608934353763 ], [ 76.560836983838129, 30.500510990433487 ], [ 76.56085139094256, 30.501413046382119 ], [ 76.560865798697947, 30.502315102199635 ], [ 76.560880207104333, 30.503217157886052 ], [ 76.560894616161733, 30.504119213441353 ], [ 76.560909025870146, 30.505021268865537 ], [ 76.560923436229658, 30.505923324158612 ], [ 76.560937847240254, 30.506825379320578 ], [ 76.560952258901949, 30.507727434351413 ], [ 76.5609666712148, 30.508629489251124 ], [ 76.560981084178806, 30.509531544019712 ], [ 76.560995497794011, 30.51043359865718 ], [ 76.561009912060427, 30.511335653163513 ], [ 76.561024326978099, 30.51223770753872 ], [ 76.561038742547012, 30.513139761782785 ], [ 76.561053158767237, 30.514041815895713 ], [ 76.561067575638759, 30.514943869877502 ], [ 76.561081993161636, 30.515845923728158 ], [ 76.562123868696133, 30.515833436624913 ], [ 76.563165743578836, 30.515820941197116 ], [ 76.564207617809274, 30.5158084374448 ], [ 76.565249491387078, 30.515795925367964 ], [ 76.566291364311766, 30.515783404966644 ], [ 76.567333236582911, 30.515770876240857 ], [ 76.568375108200087, 30.515758339190615 ], [ 76.569416979162867, 30.515745793815938 ], [ 76.570458849470796, 30.515733240116855 ], [ 76.571500719123463, 30.515720678093356 ], [ 76.572542588120427, 30.515708107745485 ], [ 76.573584456461248, 30.515695529073259 ], [ 76.574626324145484, 30.51568294207668 ], [ 76.57566819117271, 30.515670346755794 ], [ 76.576710057542513, 30.515657743110598 ], [ 76.577751923254425, 30.515645131141124 ], [ 76.578793788308033, 30.515632510847368 ], [ 76.579835652702883, 30.515619882229373 ], [ 76.580877516438576, 30.515607245287136 ], [ 76.58191937951463, 30.515594600020698 ], [ 76.582188098073743, 30.515591336389541 ], [ 76.581909, 30.50990703 ], [ 76.580925119999989, 30.50754696 ], [ 76.575722039999988, 30.50441604 ], [ 76.57261704, 30.50121501 ], [ 76.57018992, 30.49912998 ], [ 76.563254879999988, 30.49469001 ], [ 76.56071244575854, 30.492711717112485 ], [ 76.560721750434496, 30.493294538125014 ] ] ], [ [ [ 76.595463539281312, 30.515429454062367 ], [ 76.596505393077237, 30.515416692258956 ], [ 76.597547246207029, 30.515403922131604 ], [ 76.598589098670288, 30.515391143680361 ], [ 76.599630950466533, 30.51537835690521 ], [ 76.600672801595366, 30.515365561806185 ], [ 76.60171465205633, 30.515352758383326 ], [ 76.602756501849015, 30.515339946636615 ], [ 76.603798350972966, 30.515327126566095 ], [ 76.604840199427755, 30.515314298171777 ], [ 76.605882047212944, 30.515301461453681 ], [ 76.606923894328119, 30.51528861641183 ], [ 76.607965740772826, 30.515275763046233 ], [ 76.609007586546639, 30.51526290135693 ], [ 76.610049431649131, 30.515250031343921 ], [ 76.611091276079833, 30.515237153007224 ], [ 76.612133119838376, 30.515224266346863 ], [ 76.613174962924248, 30.515211371362859 ], [ 76.61421680533708, 30.515198468055239 ], [ 76.615258647076388, 30.515185556424008 ], [ 76.616300488141775, 30.515172636469192 ], [ 76.6173423285328, 30.515159708190801 ], [ 76.618384168249023, 30.515146771588874 ], [ 76.619426007290016, 30.515133826663401 ], [ 76.620467845655327, 30.515120873414425 ], [ 76.621509683344527, 30.515107911841962 ], [ 76.622551520357206, 30.515094941946032 ], [ 76.623593356692908, 30.515081963726644 ], [ 76.624635192351207, 30.515068977183816 ], [ 76.625677027331662, 30.51505598231758 ], [ 76.626718861633861, 30.515042979127955 ], [ 76.627760695257336, 30.51502996761495 ], [ 76.62880252820166, 30.51501694777858 ], [ 76.629844360466436, 30.515003919618884 ], [ 76.630886192051193, 30.514990883135869 ], [ 76.631928022955492, 30.51497783832955 ], [ 76.632969853178935, 30.514964785199954 ], [ 76.634011682721052, 30.5149517237471 ], [ 76.635053511581432, 30.514938653970997 ], [ 76.636095339759635, 30.514925575871683 ], [ 76.637137167255219, 30.514912489449166 ], [ 76.638178994067758, 30.51489939470347 ], [ 76.63922082019684, 30.514886291634607 ], [ 76.640262645641968, 30.514873180242592 ], [ 76.641304470402787, 30.514860060527468 ], [ 76.642346294478799, 30.51484693248922 ], [ 76.643388117869605, 30.514833796127899 ], [ 76.644429940574753, 30.514820651443511 ], [ 76.645471762593829, 30.514807498436081 ], [ 76.646513583926392, 30.514794337105606 ], [ 76.647555404571975, 30.514781167452149 ], [ 76.648597224530207, 30.514767989475686 ], [ 76.649639043800605, 30.51475480317626 ], [ 76.650680862382742, 30.514741608553884 ], [ 76.651722680276194, 30.514728405608572 ], [ 76.652764497480533, 30.514715194340368 ], [ 76.652812297209195, 30.514714587810467 ], [ 76.65290784, 30.51431703 ], [ 76.65797412, 30.51415098 ], [ 76.66366608, 30.51409896 ], [ 76.665186749026404, 30.514557025722283 ], [ 76.665266250023251, 30.514556009941916 ], [ 76.666308058229546, 30.514542690477651 ], [ 76.667349865740633, 30.514529362690748 ], [ 76.668391672556083, 30.514516026581248 ], [ 76.669433478675487, 30.514502682149143 ], [ 76.670475284098387, 30.514489329394443 ], [ 76.671517088824359, 30.51447596831721 ], [ 76.672558892852976, 30.514462598917429 ], [ 76.673600696183783, 30.514449221195129 ], [ 76.674642498816368, 30.514435835150344 ], [ 76.675684300750277, 30.514422440783076 ], [ 76.676726101985096, 30.514409038093351 ], [ 76.677767902520387, 30.514395627081186 ], [ 76.678809702355693, 30.514382207746603 ], [ 76.679851501490603, 30.514368780089619 ], [ 76.680893299924691, 30.514355344110271 ], [ 76.681935097657487, 30.514341899808556 ], [ 76.682976894688593, 30.514328447184507 ], [ 76.684018691017556, 30.514314986238134 ], [ 76.685060486643977, 30.514301516969457 ], [ 76.686102281567358, 30.514288039378517 ], [ 76.687144075787316, 30.514274553465306 ], [ 76.68818586930341, 30.51426105922987 ], [ 76.689227662115186, 30.514247556672203 ], [ 76.689536843693546, 30.514243546932512 ], [ 76.69422108, 30.50747298 ], [ 76.698470879999988, 30.50077104 ], [ 76.699989, 30.50018703 ], [ 76.70246112, 30.50037396 ], [ 76.72419, 30.50662401 ], [ 76.72762296, 30.50811999 ], [ 76.72872888, 30.50915301 ], [ 76.72877496, 30.51062604 ], [ 76.727973256664285, 30.513739461936723 ], [ 76.728815262786526, 30.513728292915715 ], [ 76.729857027792036, 30.513714465807233 ], [ 76.730898792075891, 30.513700630377361 ], [ 76.731940555637649, 30.513686786626085 ], [ 76.732982318476871, 30.513672934553437 ], [ 76.734024080593144, 30.513659074159456 ], [ 76.735065841986042, 30.513645205444135 ], [ 76.736107602655096, 30.513631328407502 ], [ 76.737149362599894, 30.513617443049601 ], [ 76.738191121819995, 30.513603549370419 ], [ 76.739232880314987, 30.513589647369994 ], [ 76.740274638084387, 30.513575737048356 ], [ 76.741316395127825, 30.513561818405499 ], [ 76.741776211803213, 30.513555671238262 ], [ 76.74229404, 30.51229302 ], [ 76.74239304, 30.51084501 ], [ 76.74149304, 30.50870499 ], [ 76.73865516, 30.50639001 ], [ 76.73052996, 30.49894503 ], [ 76.72152708, 30.48972102 ], [ 76.71343212, 30.48311997 ], [ 76.70521512, 30.47712498 ], [ 76.69971504, 30.47369202 ], [ 76.696327079999989, 30.47163399 ], [ 76.69636488, 30.471291 ], [ 76.69078812, 30.471561 ], [ 76.685088959999987, 30.47121198 ], [ 76.68121284, 30.47026599 ], [ 76.679024039999987, 30.46926897 ], [ 76.676483159999989, 30.466539 ], [ 76.67507196, 30.46564899 ], [ 76.67274492, 30.465054 ], [ 76.66796916, 30.46494303 ], [ 76.66318512, 30.46443003 ], [ 76.659615, 30.46334301 ], [ 76.65664716, 30.46196601 ], [ 76.65506712, 30.46067802 ], [ 76.65298488, 30.45806901 ], [ 76.647781079999987, 30.45395304 ], [ 76.64429484, 30.45071997 ], [ 76.64205888, 30.44811402 ], [ 76.64001516, 30.446442 ], [ 76.638924, 30.44607399 ], [ 76.63662, 30.44628297 ], [ 76.63449888, 30.44715696 ], [ 76.63299588, 30.448278 ], [ 76.63288104, 30.449619 ], [ 76.63430808, 30.45091203 ], [ 76.63874112, 30.45492 ], [ 76.64176188, 30.45803499 ], [ 76.64415012, 30.46063401 ], [ 76.64576688, 30.46326102 ], [ 76.64693508, 30.46616703 ], [ 76.64749884, 30.46936203 ], [ 76.64775804, 30.47283702 ], [ 76.64817816, 30.476439 ], [ 76.64919984, 30.47948604 ], [ 76.65006996, 30.48267204 ], [ 76.650291, 30.48480603 ], [ 76.64926896, 30.48671502 ], [ 76.648223879999989, 30.48755301 ], [ 76.646072159999989, 30.48775704 ], [ 76.64298984, 30.48759099 ], [ 76.63990788, 30.48742296 ], [ 76.635910079999988, 30.48742098 ], [ 76.63223988, 30.488211 ], [ 76.626456839999989, 30.49000704 ], [ 76.62251304, 30.49187697 ], [ 76.61904084, 30.49386597 ], [ 76.61696616, 30.49634601 ], [ 76.615188839999988, 30.49854696 ], [ 76.61402892, 30.50085996 ], [ 76.61224404, 30.50292798 ], [ 76.61010708, 30.50326503 ], [ 76.60688004, 30.50336997 ], [ 76.60430892, 30.50479503 ], [ 76.603583879999988, 30.50615898 ], [ 76.60279116, 30.51033597 ], [ 76.60189116, 30.51116802 ], [ 76.59624492, 30.51255798 ], [ 76.59506196, 30.51407097 ], [ 76.59510012, 30.515274 ], [ 76.595190900985543, 30.515432791464125 ], [ 76.595463539281312, 30.515429454062367 ] ] ] ] } },
{ "type": "Feature", "properties": { "SOIL_ID": 1804.0, "S_FORM": "Level", "P_MATERIAL": "Alluvium", "SOIL_DEPTH": "Deep", "S_P_SIZE": "Fine-Loamy", "M_CLASS": "Mixed", "C_CLASS": "Slight", "S_T_REGIM": "Hyperthermic", "S_R_CLASS": "Slightly Alkaline", "S_D_CLASS": "Well", "G_W_DEPTH": "Deep", "C_LAYER": "Data Not Available", "S_TEXTURE": "Loamy", "SL_CLASS": "Very Gently Sloping", "ER_CLASS": "Slight", "CLASS": "Nil", "SODI_CLASS": "Nil", "SUR_STONE": "Nil To Slight", "FLOODING": "Moderate", "S_TAXO": "Typic Ustifluvents", "S_REGION": "Soils of Alluvial Plains", "S_SUB_REG": "Active/Recent Plains", "LANDSCAPE": "Aab1" }, "geometry": { "type": "MultiPolygon", "coordinates": [ [ [ [ 76.742358151444819, 30.513547891441466 ], [ 76.743399907034956, 30.513533956156266 ], [ 76.744441661897795, 30.513520012549925 ], [ 76.745483416032897, 30.513506060622454 ], [ 76.746525169439849, 30.513492100373899 ], [ 76.747566922118196, 30.513478131804256 ], [ 76.748608674067512, 30.513464154913546 ], [ 76.749650425287371, 30.513450169701809 ], [ 76.750692175777331, 30.513436176169051 ], [ 76.751733925536954, 30.513422174315291 ], [ 76.752775674565811, 30.513408164140554 ], [ 76.753817422863492, 30.513394145644853 ], [ 76.754859170429512, 30.513380118828231 ], [ 76.755900917263475, 30.513366083690691 ], [ 76.756942663364939, 30.513352040232242 ], [ 76.757984408733464, 30.513337988452928 ], [ 76.759026153368623, 30.513323928352769 ], [ 76.759319191738371, 30.513319970962524 ], [ 76.75891884, 30.50391798 ], [ 76.75682796, 30.49458903 ], [ 76.75566912, 30.48860403 ], [ 76.754325959999989, 30.481056 ], [ 76.75371612, 30.47047398 ], [ 76.75101504, 30.45923802 ], [ 76.74655212, 30.44047203 ], [ 76.744125, 30.43380402 ], [ 76.74080688, 30.42945504 ], [ 76.73678604, 30.42464598 ], [ 76.729965119999989, 30.41896599 ], [ 76.722176159999989, 30.41331903 ], [ 76.71456108, 30.40429104 ], [ 76.71305808, 30.40072596 ], [ 76.71047184, 30.38864301 ], [ 76.70526912, 30.37724901 ], [ 76.69790604, 30.367611 ], [ 76.691376, 30.36228399 ], [ 76.688309159999989, 30.35696202 ], [ 76.68449388, 30.35022003 ], [ 76.68244908, 30.34679202 ], [ 76.67804016, 30.34296198 ], [ 76.667877, 30.33642798 ], [ 76.65903504, 30.33262098 ], [ 76.65409116, 30.32928801 ], [ 76.64312016, 30.31928802 ], [ 76.636269, 30.31264503 ], [ 76.62657888, 30.30380604 ], [ 76.62191796, 30.30070698 ], [ 76.61770596, 30.29867604 ], [ 76.615188839999988, 30.297915 ], [ 76.607857079999988, 30.297915 ], [ 76.603455, 30.29866002 ], [ 76.59852588, 30.30038802 ], [ 76.59618408, 30.30070698 ], [ 76.594939919999987, 30.30074703 ], [ 76.59352908, 30.29994999 ], [ 76.59155304, 30.29880897 ], [ 76.57878888, 30.28886802 ], [ 76.576401, 30.28774104 ], [ 76.573746, 30.28674303 ], [ 76.57069392, 30.28672197 ], [ 76.56655104, 30.28686003 ], [ 76.56253812, 30.286989 ], [ 76.559769, 30.28696101 ], [ 76.55780808, 30.28606002 ], [ 76.557424547010299, 30.285691153831742 ], [ 76.557426550310936, 30.285817951590253 ], [ 76.557440803194424, 30.286720038670744 ], [ 76.557455056722958, 30.287622125620732 ], [ 76.557469310896579, 30.288524212440198 ], [ 76.557483565715273, 30.289426299129158 ], [ 76.557497821179112, 30.290328385687594 ], [ 76.557512077288095, 30.291230472115522 ], [ 76.557526334042237, 30.292132558412913 ], [ 76.557526460592172, 30.292140565409476 ], [ 76.56268284, 30.29602104 ], [ 76.56726096, 30.30081201 ], [ 76.572891, 30.30387903 ], [ 76.58003196, 30.30653799 ], [ 76.58659404, 30.30837102 ], [ 76.59175896, 30.30976701 ], [ 76.59619884, 30.31010199 ], [ 76.59954792, 30.31107696 ], [ 76.60304316, 30.31216803 ], [ 76.60810116, 30.31453098 ], [ 76.61106108, 30.31624197 ], [ 76.61277, 30.31775298 ], [ 76.615646039999987, 30.32139204 ], [ 76.62123108, 30.327354 ], [ 76.63304088, 30.34202796 ], [ 76.63731408, 30.345984 ], [ 76.64406588, 30.34949697 ], [ 76.64772816, 30.35154501 ], [ 76.64941404, 30.35233296 ], [ 76.65277104, 30.35342799 ], [ 76.654602, 30.35457198 ], [ 76.65499116, 30.37142601 ], [ 76.65702084, 30.37859001 ], [ 76.66184988, 30.38698404 ], [ 76.668509879999988, 30.39652404 ], [ 76.67042508, 30.40019604 ], [ 76.67108208, 30.40342704 ], [ 76.67163108, 30.40786701 ], [ 76.67200512, 30.41086797 ], [ 76.67208108, 30.41339499 ], [ 76.67134092, 30.41618904 ], [ 76.67087616, 30.41885601 ], [ 76.67092908, 30.42066204 ], [ 76.67166888, 30.42220302 ], [ 76.672820879999989, 30.42361098 ], [ 76.67450712, 30.42451899 ], [ 76.67729892, 30.42527004 ], [ 76.67937504, 30.42520299 ], [ 76.681006919999987, 30.42442701 ], [ 76.68351684, 30.42061002 ], [ 76.68562284, 30.41716797 ], [ 76.68670716, 30.41628804 ], [ 76.688354159999989, 30.415995 ], [ 76.68975816, 30.41655003 ], [ 76.69174212, 30.41805096 ], [ 76.692924, 30.42054198 ], [ 76.69358784, 30.42401301 ], [ 76.69422108, 30.42652302 ], [ 76.694832, 30.42843102 ], [ 76.696281, 30.43055196 ], [ 76.69926504, 30.43298502 ], [ 76.70627604, 30.43588599 ], [ 76.70908404, 30.43724103 ], [ 76.71025116, 30.43901097 ], [ 76.71057912, 30.44068497 ], [ 76.71063204, 30.44249199 ], [ 76.71012912, 30.444075 ], [ 76.708656, 30.44568798 ], [ 76.70648988, 30.44720502 ], [ 76.70360592, 30.44790297 ], [ 76.69770804, 30.44954097 ], [ 76.694832, 30.45047796 ], [ 76.69321416, 30.45173598 ], [ 76.69255788, 30.45296304 ], [ 76.69260396, 30.454407 ], [ 76.69335888, 30.45643002 ], [ 76.69511388, 30.45938499 ], [ 76.695885, 30.46200903 ], [ 76.69652616, 30.46464 ], [ 76.69660896, 30.46728699 ], [ 76.69654092, 30.46957803 ], [ 76.69636488, 30.471291 ], [ 76.696327079999989, 30.47163399 ], [ 76.69971504, 30.47369202 ], [ 76.70521512, 30.47712498 ], [ 76.71343212, 30.48311997 ], [ 76.72152708, 30.48972102 ], [ 76.73052996, 30.49894503 ], [ 76.73865516, 30.50639001 ], [ 76.74149304, 30.50870499 ], [ 76.74239304, 30.51084501 ], [ 76.74229404, 30.51229302 ], [ 76.741776211803213, 30.513555671238262 ], [ 76.742358151444819, 30.513547891441466 ] ] ] ] } },
{ "type": "Feature", "properties": { "SOIL_ID": 1806.0, "S_FORM": "Level", "P_MATERIAL": "Alluvium", "SOIL_DEPTH": "Deep", "S_P_SIZE": "Coarse-Loamy", "M_CLASS": "Mixed", "C_CLASS": "Slight", "S_T_REGIM": "Hyperthermic", "S_R_CLASS": "Slightly Alkaline", "S_D_CLASS": "Well", "G_W_DEPTH": "Deep", "C_LAYER": "Data Not Available", "S_TEXTURE": "Loamy", "SL_CLASS": "Very Gently Sloping", "ER_CLASS": "Slight", "CLASS": "Slight Saline", "SODI_CLASS": "Nil", "SUR_STONE": "Nil To Slight", "FLOODING": "Moderate", "S_TAXO": "Typic Ustifluvents", "S_REGION": "Soils of Alluvial Plains", "S_SUB_REG": "Active/Recent Plains", "LANDSCAPE": "Aaa2" }, "geometry": { "type": "MultiPolygon", "coordinates": [ [ [ [ 76.760067897269991, 30.513309859931777 ], [ 76.761109640437112, 30.513295783189974 ], [ 76.762151382869575, 30.513281698127372 ], [ 76.763193124566939, 30.513267604744016 ], [ 76.764234865528749, 30.513253503039898 ], [ 76.765276605754593, 30.513239393015056 ], [ 76.766318345244045, 30.513225274669505 ], [ 76.767360083996664, 30.513211148003268 ], [ 76.768401822011995, 30.51319701301637 ], [ 76.769443559289627, 30.513182869708832 ], [ 76.770485295829133, 30.513168718080667 ], [ 76.771527031630058, 30.513154558131898 ], [ 76.772568766691975, 30.513140389862556 ], [ 76.77361050101446, 30.513126213272646 ], [ 76.77465223459707, 30.51311202836219 ], [ 76.775693967439366, 30.51309783513123 ], [ 76.776735699540936, 30.513083633579768 ], [ 76.777777430901324, 30.513069423707829 ], [ 76.778819161520104, 30.513055205515432 ], [ 76.779860891396851, 30.513040979002607 ], [ 76.780902620531123, 30.513026744169363 ], [ 76.781944348922465, 30.513012501015737 ], [ 76.782986076570495, 30.512998249541734 ], [ 76.784027803474729, 30.512983989747376 ], [ 76.785069529634754, 30.512969721632693 ], [ 76.786111255050145, 30.512955445197701 ], [ 76.787152979720446, 30.512941160442431 ], [ 76.787153456559977, 30.512941153899906 ], [ 76.78708596, 30.51082602 ], [ 76.78832184, 30.50162901 ], [ 76.786713, 30.49011603 ], [ 76.78420308, 30.47634297 ], [ 76.782555, 30.47218101 ], [ 76.77665712, 30.46056696 ], [ 76.77101916, 30.45034404 ], [ 76.76785296, 30.44459196 ], [ 76.766022, 30.43910997 ], [ 76.764488039999989, 30.43198998 ], [ 76.76435916, 30.43198998 ], [ 76.76328312, 30.43198998 ], [ 76.76209296, 30.43198998 ], [ 76.76133012, 30.43172097 ], [ 76.76006292, 30.43156104 ], [ 76.75894188, 30.43100898 ], [ 76.75768296, 30.43065096 ], [ 76.75641612, 30.429729 ], [ 76.75448616, 30.42910602 ], [ 76.75286112, 30.42857898 ], [ 76.75068708, 30.42827001 ], [ 76.74825312, 30.42827001 ], [ 76.74771096, 30.428181 ], [ 76.74735996, 30.42811602 ], [ 76.745583, 30.42779004 ], [ 76.74384312, 30.42741996 ], [ 76.74250788, 30.42680904 ], [ 76.741524, 30.42590004 ], [ 76.74134112, 30.42557901 ], [ 76.74082884, 30.42468099 ], [ 76.74041016, 30.42379998 ], [ 76.73970816, 30.42350001 ], [ 76.738799879999988, 30.42300996 ], [ 76.73655708, 30.42222003 ], [ 76.735161, 30.42111996 ], [ 76.73494716, 30.42027099 ], [ 76.73494716, 30.41935902 ], [ 76.73529816, 30.41844903 ], [ 76.735863, 30.41735103 ], [ 76.73655708, 30.41638002 ], [ 76.736763, 30.41618004 ], [ 76.73739588, 30.41552898 ], [ 76.73829696, 30.41449002 ], [ 76.73948712, 30.41305902 ], [ 76.74054012, 30.41124003 ], [ 76.74033384, 30.40995996 ], [ 76.73948712, 30.40862103 ], [ 76.73774004, 30.40728003 ], [ 76.73493996, 30.40539003 ], [ 76.73172804, 30.40313904 ], [ 76.73095692, 30.40259004 ], [ 76.73026284, 30.40246998 ], [ 76.729698, 30.402531 ], [ 76.72913388, 30.40259004 ], [ 76.72857696, 30.40290099 ], [ 76.72781412, 30.40302096 ], [ 76.727043, 30.40302096 ], [ 76.72612788, 30.401991 ], [ 76.72577688, 30.40098003 ], [ 76.72535712, 30.40049898 ], [ 76.72416696, 30.39963903 ], [ 76.72277088, 30.39940098 ], [ 76.721785919999988, 30.39940098 ], [ 76.72094712, 30.39957999 ], [ 76.72032216, 30.39977097 ], [ 76.71962016, 30.39994998 ], [ 76.71871188, 30.40056 ], [ 76.71794904, 30.40111899 ], [ 76.717377, 30.40152903 ], [ 76.71618684, 30.40232103 ], [ 76.71494304, 30.40237998 ], [ 76.71431016, 30.40220097 ], [ 76.71389004, 30.40152903 ], [ 76.71389004, 30.40056 ], [ 76.714026839999988, 30.39940098 ], [ 76.71452292, 30.39867 ], [ 76.71521808, 30.39726996 ], [ 76.714446959999989, 30.39551001 ], [ 76.71410388, 30.39392097 ], [ 76.71318804, 30.39155001 ], [ 76.71304296, 30.39082002 ], [ 76.71304296, 30.38936004 ], [ 76.71353112, 30.38808096 ], [ 76.71408804, 30.38686002 ], [ 76.715073, 30.38559003 ], [ 76.71720096, 30.38378004 ], [ 76.71752208, 30.38352003 ], [ 76.71835296, 30.38248098 ], [ 76.71849804, 30.38126904 ], [ 76.71864312, 30.38005098 ], [ 76.718697119999987, 30.37914099 ], [ 76.71926088, 30.37853097 ], [ 76.719832919999988, 30.37822002 ], [ 76.72129092, 30.37822002 ], [ 76.72276296, 30.37834899 ], [ 76.72402188, 30.37895001 ], [ 76.72598316, 30.38025996 ], [ 76.72702788, 30.38063004 ], [ 76.72828716, 30.38141997 ], [ 76.72922496, 30.38159799 ], [ 76.729552919999989, 30.38166 ], [ 76.730797079999988, 30.38147901 ], [ 76.731505919999989, 30.38081004 ], [ 76.73129316, 30.37989996 ], [ 76.730797079999988, 30.37874004 ], [ 76.730247, 30.37795101 ], [ 76.729752, 30.37734 ], [ 76.728844079999988, 30.37649004 ], [ 76.72667688, 30.37424103 ], [ 76.725417959999987, 30.37295898 ], [ 76.72429692, 30.37155903 ], [ 76.72261788, 30.37022001 ], [ 76.72149684, 30.36875904 ], [ 76.72075704, 30.36764898 ], [ 76.72045104, 30.36717999 ], [ 76.72045104, 30.36707496 ], [ 76.71933684, 30.36636702 ], [ 76.70146896, 30.35101698 ], [ 76.69545012, 30.34532196 ], [ 76.68579096, 30.33171099 ], [ 76.67997696, 30.32279604 ], [ 76.67720784, 30.31793001 ], [ 76.67490384, 30.31305102 ], [ 76.67202816, 30.30979698 ], [ 76.66764084, 30.30712902 ], [ 76.63388796, 30.29042196 ], [ 76.628166119999989, 30.284451 ], [ 76.61576088, 30.27091203 ], [ 76.61492892, 30.27099996 ], [ 76.61353284, 30.27099996 ], [ 76.61213712, 30.27087999 ], [ 76.61032092, 30.27045996 ], [ 76.610313, 30.27045096 ], [ 76.60961208, 30.26972997 ], [ 76.608704159999988, 30.26851101 ], [ 76.60675008, 30.26833002 ], [ 76.60534716, 30.268629 ], [ 76.60423296, 30.26906001 ], [ 76.602898079999989, 30.26948004 ], [ 76.60093716, 30.26954097 ], [ 76.59912096, 30.26856996 ], [ 76.59716004, 30.26649996 ], [ 76.594336919999989, 30.26417004 ], [ 76.59414684, 30.26400903 ], [ 76.59310896, 30.26387997 ], [ 76.59176616, 30.26394099 ], [ 76.590729, 30.26419101 ], [ 76.58975196, 30.26468097 ], [ 76.589119079999989, 30.26528001 ], [ 76.58834796, 30.26594898 ], [ 76.58786016, 30.26692998 ], [ 76.587593039999987, 30.26819997 ], [ 76.58632692, 30.26930004 ], [ 76.585213079999988, 30.26985003 ], [ 76.58518212, 30.26985903 ], [ 76.584152159999988, 30.27021003 ], [ 76.58296992, 30.26997 ], [ 76.582413, 30.26930004 ], [ 76.58184816, 30.26814102 ], [ 76.581207, 30.26705004 ], [ 76.580856, 30.266199 ], [ 76.58043696, 30.26547099 ], [ 76.57975008, 30.26498004 ], [ 76.57897896, 30.26448999 ], [ 76.57814016, 30.26387997 ], [ 76.577019119999989, 30.26309004 ], [ 76.57582896, 30.26254104 ], [ 76.57457004, 30.26235996 ], [ 76.573798919999987, 30.26235996 ], [ 76.57331112, 30.26248002 ], [ 76.57254, 30.26291103 ], [ 76.571853839999989, 30.26339901 ], [ 76.57135812, 30.26363904 ], [ 76.57051788, 30.26376 ], [ 76.56989292, 30.26376 ], [ 76.56625404, 30.26376 ], [ 76.565207879999988, 30.26349999 ], [ 76.56478092, 30.26339901 ], [ 76.56337692, 30.26296998 ], [ 76.56169896, 30.26235996 ], [ 76.56059304, 30.262239 ], [ 76.55988312, 30.26285001 ], [ 76.55960088, 30.26363904 ], [ 76.55953212, 30.26448999 ], [ 76.55883804, 30.26498004 ], [ 76.55764788, 30.26498004 ], [ 76.557089210058905, 30.264455194374886 ], [ 76.557098911967728, 30.265069912724286 ], [ 76.557113150021877, 30.265972002805793 ], [ 76.557127388720502, 30.266874092756844 ], [ 76.557141628063647, 30.26777618257745 ], [ 76.557155868051325, 30.268678272267575 ], [ 76.557170108683565, 30.269580361827259 ], [ 76.557184349960366, 30.270482451256477 ], [ 76.557198591881786, 30.271384540555239 ], [ 76.557212834447839, 30.272286629723535 ], [ 76.557227077658538, 30.273188718761357 ], [ 76.557241321513914, 30.274090807668717 ], [ 76.557255566013993, 30.274992896445582 ], [ 76.557269811158818, 30.275894985091991 ], [ 76.55728405694839, 30.276797073607906 ], [ 76.557298303382737, 30.27769916199335 ], [ 76.557312550461887, 30.278601250248308 ], [ 76.557326798185869, 30.279503338372781 ], [ 76.557341046554697, 30.280405426366769 ], [ 76.557355295568399, 30.281307514230257 ], [ 76.557369545227004, 30.28220960196326 ], [ 76.557383795530541, 30.283111689565761 ], [ 76.557398046479022, 30.284013777037753 ], [ 76.557412298072478, 30.284915864379258 ], [ 76.557424547010299, 30.285691153831742 ], [ 76.55780808, 30.28606002 ], [ 76.559769, 30.28696101 ], [ 76.56253812, 30.286989 ], [ 76.56655104, 30.28686003 ], [ 76.57069392, 30.28672197 ], [ 76.573746, 30.28674303 ], [ 76.576401, 30.28774104 ], [ 76.57878888, 30.28886802 ], [ 76.59155304, 30.29880897 ], [ 76.59352908, 30.29994999 ], [ 76.594939919999987, 30.30074703 ], [ 76.59618408, 30.30070698 ], [ 76.59852588, 30.30038802 ], [ 76.603455, 30.29866002 ], [ 76.607857079999988, 30.297915 ], [ 76.615188839999988, 30.297915 ], [ 76.61770596, 30.29867604 ], [ 76.62191796, 30.30070698 ], [ 76.62657888, 30.30380604 ], [ 76.636269, 30.31264503 ], [ 76.64312016, 30.31928802 ], [ 76.65409116, 30.32928801 ], [ 76.65903504, 30.33262098 ], [ 76.667877, 30.33642798 ], [ 76.67804016, 30.34296198 ], [ 76.68244908, 30.34679202 ], [ 76.68449388, 30.35022003 ], [ 76.688309159999989, 30.35696202 ], [ 76.691376, 30.36228399 ], [ 76.69790604, 30.367611 ], [ 76.70526912, 30.37724901 ], [ 76.71047184, 30.38864301 ], [ 76.71305808, 30.40072596 ], [ 76.71456108, 30.40429104 ], [ 76.722176159999989, 30.41331903 ], [ 76.729965119999989, 30.41896599 ], [ 76.73678604, 30.42464598 ], [ 76.74080688, 30.42945504 ], [ 76.744125, 30.43380402 ], [ 76.74655212, 30.44047203 ], [ 76.75101504, 30.45923802 ], [ 76.75371612, 30.47047398 ], [ 76.754325959999989, 30.481056 ], [ 76.75566912, 30.48860403 ], [ 76.75682796, 30.49458903 ], [ 76.75891884, 30.50391798 ], [ 76.759319191738371, 30.513319970962524 ], [ 76.760067897269991, 30.513309859931777 ] ] ], [ [ [ 76.556700508011488, 30.239811337489311 ], [ 76.556714728030116, 30.240713431222439 ], [ 76.556728948692538, 30.241615524825161 ], [ 76.556743169998782, 30.242517618297502 ], [ 76.556757391948864, 30.243419711639465 ], [ 76.556771614542825, 30.244321804851037 ], [ 76.556785837780666, 30.245223897932213 ], [ 76.556800061662415, 30.246125990883012 ], [ 76.556814286188128, 30.247028083703402 ], [ 76.556828511357793, 30.247930176393393 ], [ 76.556842737171451, 30.248832268952984 ], [ 76.556856963629116, 30.249734361382178 ], [ 76.556871190730845, 30.250636453680972 ], [ 76.556885418476611, 30.251538545849346 ], [ 76.556899646866484, 30.252440637887307 ], [ 76.556913875900463, 30.253342729794859 ], [ 76.556928105578592, 30.254244821571987 ], [ 76.556942335900871, 30.255146913218717 ], [ 76.556955195999521, 30.255962106334533 ], [ 76.55715216, 30.25511901 ], [ 76.55889888, 30.25050003 ], [ 76.56015816, 30.24525996 ], [ 76.559517, 30.24338004 ], [ 76.55728104, 30.24064098 ], [ 76.556709, 30.23946 ], [ 76.556694487364069, 30.239429380537075 ], [ 76.556700508011488, 30.239811337489311 ] ] ] ] } },
{ "type": "Feature", "properties": { "SOIL_ID": 1814.0, "S_FORM": "Level", "P_MATERIAL": "Alluvium", "SOIL_DEPTH": "Deep", "S_P_SIZE": "Coarse-Loamy", "M_CLASS": "Mixed", "C_CLASS": "Calcareous", "S_T_REGIM": "Hyperthermic", "S_R_CLASS": "Slightly Alkaline", "S_D_CLASS": "Well", "G_W_DEPTH": "Moderately Deep", "C_LAYER": "Data Not Available", "S_TEXTURE": "Loamy", "SL_CLASS": "Level to Nearly Level", "ER_CLASS": "Slight Nil To Slight", "CLASS": "Nil", "SODI_CLASS": "Nil", "SUR_STONE": "Nil To Slight", "FLOODING": "Moderate", "S_TAXO": "Typic Ustifluvents", "S_REGION": "Soils of Alluvial Plains", "S_SUB_REG": "Active Flood Plains", "LANDSCAPE": "Aaa2" }, "geometry": { "type": "MultiPolygon", "coordinates": [ [ [ [ 76.93715333335399, 30.510797302854204 ], [ 76.938194945399033, 30.510781811887362 ], [ 76.939236556635706, 30.510766312603455 ], [ 76.940278167063582, 30.510750805002491 ], [ 76.941319776682235, 30.510735289084504 ], [ 76.942361385491211, 30.510719764849519 ], [ 76.943402993490082, 30.510704232297549 ], [ 76.944444600678423, 30.510688691428626 ], [ 76.945486207055794, 30.510673142242783 ], [ 76.946527812621767, 30.510657584740009 ], [ 76.947569417375902, 30.510642018920361 ], [ 76.94861102131776, 30.510626444783842 ], [ 76.949652624446927, 30.510610862330488 ], [ 76.950694226762948, 30.510595271560309 ], [ 76.951735828265413, 30.510579672473344 ], [ 76.952777428953866, 30.510564065069602 ], [ 76.953819028827894, 30.510548449349123 ], [ 76.954860627887044, 30.510532825311902 ], [ 76.955902226130902, 30.51051719295798 ], [ 76.956687044010394, 30.510505408099846 ], [ 76.95174384, 30.50099001 ], [ 76.94818884, 30.49401303 ], [ 76.946303879999988, 30.48775704 ], [ 76.94509104, 30.48178896 ], [ 76.93952184, 30.47147199 ], [ 76.93308288, 30.45707901 ], [ 76.93103016, 30.45082302 ], [ 76.93016112, 30.44630997 ], [ 76.92911496, 30.44019501 ], [ 76.92942816, 30.43757097 ], [ 76.93074, 30.43537497 ], [ 76.93257888, 30.43221498 ], [ 76.92967188, 30.42722097 ], [ 76.919342039999989, 30.41378397 ], [ 76.919319, 30.41385102 ], [ 76.919319, 30.41476101 ], [ 76.91883084, 30.41542998 ], [ 76.91784696, 30.41610003 ], [ 76.91693112, 30.41658999 ], [ 76.91623704, 30.41695998 ], [ 76.91532912, 30.41768997 ], [ 76.91448996, 30.41853903 ], [ 76.91365116, 30.42024003 ], [ 76.913658, 30.42145899 ], [ 76.913933039999989, 30.42248904 ], [ 76.91449716, 30.42334899 ], [ 76.91491692, 30.42432 ], [ 76.91526792, 30.42522999 ], [ 76.915465919999988, 30.42613998 ], [ 76.91561892, 30.427299 ], [ 76.91561892, 30.42820899 ], [ 76.91539788, 30.42934398 ], [ 76.91533704, 30.42966996 ], [ 76.91442912, 30.43088901 ], [ 76.91399388, 30.43120797 ], [ 76.91474196, 30.43254996 ], [ 76.918617, 30.43821303 ], [ 76.92133284, 30.44519397 ], [ 76.92387408, 30.45057102 ], [ 76.925406959999989, 30.454353 ], [ 76.925598119999989, 30.45799404 ], [ 76.92562908, 30.46134798 ], [ 76.924377, 30.47082696 ], [ 76.92374412, 30.475494 ], [ 76.92395004, 30.48001299 ], [ 76.926186, 30.48918201 ], [ 76.92847416, 30.49680501 ], [ 76.92915312, 30.49729002 ], [ 76.930121879999987, 30.49857099 ], [ 76.93081704, 30.49949097 ], [ 76.93200684, 30.50173998 ], [ 76.93279308, 30.50429004 ], [ 76.93282296, 30.50530101 ], [ 76.932929879999989, 30.50819802 ], [ 76.932929879999989, 30.5082 ], [ 76.936391296625615, 30.510808629853223 ], [ 76.93715333335399, 30.510797302854204 ] ] ] ] } },
{ "type": "Feature", "properties": { "SOIL_ID": 1826.0, "S_FORM": "Level", "P_MATERIAL": "Alluvium", "SOIL_DEPTH": "Deep", "S_P_SIZE": "Fine-Loamy", "M_CLASS": "Mixed", "C_CLASS": "Non-Calcareous", "S_T_REGIM": "Hyperthermic", "S_R_CLASS": "Neutral", "S_D_CLASS": "Well", "G_W_DEPTH": "Deep", "C_LAYER": "Data Not Available", "S_TEXTURE": "Loamy", "SL_CLASS": "Very Gently Sloping", "ER_CLASS": "Slight", "CLASS": "Nil", "SODI_CLASS": "Nil", "SUR_STONE": "Nil To Slight", "FLOODING": "Nil", "S_TAXO": "Udic Ustochrepts", "S_REGION": "Soils of Alluvial Plains", "S_SUB_REG": "Alluvial Plains", "LANDSCAPE": "Aac5" }, "geometry": { "type": "MultiPolygon", "coordinates": [ [ [ [ 76.558268574918543, 30.33904086595658 ], [ 76.5582828659022, 30.339942945332741 ], [ 76.558297157532351, 30.340845024578236 ], [ 76.55831144980904, 30.341747103693073 ], [ 76.558325742732293, 30.342649182677256 ], [ 76.558340036302113, 30.34355126153077 ], [ 76.558354330518554, 30.344453340253622 ], [ 76.558368625381604, 30.345355418845795 ], [ 76.558382920891333, 30.346257497307302 ], [ 76.558397217047741, 30.34715957563813 ], [ 76.558411513850842, 30.348061653838279 ], [ 76.55842581130068, 30.348963731907745 ], [ 76.558440109397267, 30.349865809846545 ], [ 76.558454408140634, 30.350767887654651 ], [ 76.558468707530807, 30.351669965332075 ], [ 76.558483007567816, 30.352572042878794 ], [ 76.558497308251674, 30.353474120294834 ], [ 76.558511609582411, 30.35437619758018 ], [ 76.558525911560054, 30.355278274734832 ], [ 76.558540214184617, 30.356180351758766 ], [ 76.558554517456145, 30.357082428652014 ], [ 76.558568821374635, 30.357984505414546 ], [ 76.558583125940146, 30.358886582046377 ], [ 76.558597431152677, 30.359788658547487 ], [ 76.558611737012271, 30.36069073491791 ], [ 76.558626043518913, 30.361592811157603 ], [ 76.558640350672675, 30.362494887266575 ], [ 76.558654658473571, 30.363396963244814 ], [ 76.558668966921601, 30.364299039092352 ], [ 76.558683276016822, 30.365201114809157 ], [ 76.558697585759248, 30.366103190395247 ], [ 76.558711896148893, 30.367005265850597 ], [ 76.558726207185785, 30.367907341175208 ], [ 76.558740518869953, 30.368809416369096 ], [ 76.558754831201426, 30.369711491432234 ], [ 76.558769144180218, 30.370613566364643 ], [ 76.558783457806356, 30.371515641166305 ], [ 76.558797772079885, 30.372417715837223 ], [ 76.558812087000803, 30.373319790377387 ], [ 76.558826402569153, 30.374221864786819 ], [ 76.558840718784936, 30.375123939065478 ], [ 76.558855035648207, 30.376026013213384 ], [ 76.558869353158968, 30.376928087230549 ], [ 76.558883671317261, 30.377830161116947 ], [ 76.558897990123114, 30.378732234872569 ], [ 76.558912309576513, 30.379634308497426 ], [ 76.558926629677529, 30.380536381991526 ], [ 76.558940950426148, 30.381438455354854 ], [ 76.558955271822441, 30.38234052858742 ], [ 76.558969593866394, 30.383242601689204 ], [ 76.558983916558049, 30.384144674660206 ], [ 76.558998239897406, 30.385046747500422 ], [ 76.559012563884536, 30.385948820209858 ], [ 76.559026888519426, 30.38685089278853 ], [ 76.559041213802118, 30.387752965236391 ], [ 76.559055539732626, 30.388655037553477 ], [ 76.559069866310992, 30.389557109739755 ], [ 76.559084193537217, 30.39045918179524 ], [ 76.559098521411343, 30.391361253719939 ], [ 76.559112849933385, 30.392263325513834 ], [ 76.559127179103385, 30.393165397176926 ], [ 76.559141508921343, 30.394067468709203 ], [ 76.559155839387302, 30.394969540110672 ], [ 76.559170170501289, 30.395871611381342 ], [ 76.559184502263307, 30.396773682521189 ], [ 76.55919883467341, 30.397675753530237 ], [ 76.559213167731585, 30.398577824408463 ], [ 76.559227501437917, 30.39947989515586 ], [ 76.559241835792363, 30.400381965772429 ], [ 76.559256170794995, 30.40128403625819 ], [ 76.559270506445799, 30.402186106613119 ], [ 76.559284842744844, 30.403088176837208 ], [ 76.559299179692132, 30.403990246930473 ], [ 76.559313517287677, 30.404892316892902 ], [ 76.559327855531535, 30.405794386724498 ], [ 76.559342194423692, 30.406696456425237 ], [ 76.559356533964191, 30.407598525995144 ], [ 76.559370874153075, 30.408500595434209 ], [ 76.559385214990357, 30.409402664742423 ], [ 76.559399556476038, 30.410304733919784 ], [ 76.559413898610174, 30.411206802966291 ], [ 76.55942824139278, 30.412108871881948 ], [ 76.55944258482387, 30.413010940666748 ], [ 76.559456928903487, 30.41391300932068 ], [ 76.559471273631644, 30.414815077843773 ], [ 76.55948561900837, 30.41571714623597 ], [ 76.55949996503368, 30.416619214497313 ], [ 76.559514311707616, 30.417521282627789 ], [ 76.559528659030192, 30.418423350627386 ], [ 76.559543007001437, 30.419325418496111 ], [ 76.559557355621365, 30.420227486233962 ], [ 76.559571704890033, 30.421129553840931 ], [ 76.559586054807426, 30.422031621317011 ], [ 76.559600405373587, 30.422933688662209 ], [ 76.559614756588545, 30.423835755876514 ], [ 76.559629108452313, 30.424737822959937 ], [ 76.559643460964921, 30.425639889912453 ], [ 76.55965781412641, 30.426541956734088 ], [ 76.559672167936768, 30.427444023424822 ], [ 76.559686522396063, 30.428346089984657 ], [ 76.559700877504298, 30.429248156413593 ], [ 76.559715233261485, 30.43015022271161 ], [ 76.559729589667668, 30.431052288878735 ], [ 76.559743946722875, 30.431954354914943 ], [ 76.55975830442712, 30.432856420820237 ], [ 76.559772662780432, 30.433758486594616 ], [ 76.559787021782824, 30.434660552238082 ], [ 76.55980138143434, 30.435562617750623 ], [ 76.559815741735008, 30.436464683132247 ], [ 76.559830102684828, 30.437366748382932 ], [ 76.559844464283842, 30.438268813502713 ], [ 76.559858826532079, 30.439170878491545 ], [ 76.559873189429538, 30.440072943349445 ], [ 76.559887552976278, 30.440975008076411 ], [ 76.559901917172297, 30.441877072672444 ], [ 76.559916282017639, 30.442779137137538 ], [ 76.559930647512317, 30.443681201471687 ], [ 76.559945013656375, 30.444583265674883 ], [ 76.559959380449811, 30.44548532974714 ], [ 76.55997374789267, 30.446387393688443 ], [ 76.55998811598495, 30.447289457498798 ], [ 76.560002484726709, 30.448191521178202 ], [ 76.560016854117961, 30.449093584726636 ], [ 76.560031224158735, 30.449995648144114 ], [ 76.560045594849029, 30.450897711430635 ], [ 76.560059966188888, 30.451799774586178 ], [ 76.560074338178353, 30.452701837610775 ], [ 76.560088710817425, 30.453603900504383 ], [ 76.560103084106146, 30.454505963267025 ], [ 76.560117458044516, 30.455408025898684 ], [ 76.560131832632578, 30.456310088399373 ], [ 76.560146207870361, 30.457212150769081 ], [ 76.560160583757877, 30.4581142130078 ], [ 76.560174960295171, 30.459016275115548 ], [ 76.560189337482242, 30.459918337092297 ], [ 76.560201941101312, 30.46070908496128 ], [ 76.56887808, 30.45279303 ], [ 76.577446079999987, 30.44483604 ], [ 76.58294688, 30.44170197 ], [ 76.58744796, 30.43919196 ], [ 76.58891316, 30.43737198 ], [ 76.59247608, 30.43725597 ], [ 76.60034208, 30.43935999 ], [ 76.602272039999988, 30.44151099 ], [ 76.603332959999989, 30.442806 ], [ 76.60340892, 30.44531304 ], [ 76.60314216, 30.44768301 ], [ 76.60169208, 30.44994696 ], [ 76.597755119999988, 30.45420999 ], [ 76.58383212, 30.46455801 ], [ 76.57769808, 30.47435604 ], [ 76.57572888, 30.47648796 ], [ 76.56525396, 30.47771601 ], [ 76.56324804, 30.47866803 ], [ 76.56210288, 30.480183 ], [ 76.560573959854253, 30.484035367623854 ], [ 76.560577767245036, 30.484273960942158 ], [ 76.560592162636368, 30.485176019250257 ], [ 76.560606558678217, 30.486078077427283 ], [ 76.560620955370609, 30.486980135473239 ], [ 76.560635352713547, 30.487882193388128 ], [ 76.560649750707086, 30.48878425117196 ], [ 76.56066414935124, 30.489686308824727 ], [ 76.560678548646038, 30.490588366346419 ], [ 76.56069294859148, 30.49149042373703 ], [ 76.560707349187638, 30.492392480996561 ], [ 76.56071244575854, 30.492711717112485 ], [ 76.563254879999988, 30.49469001 ], [ 76.57018992, 30.49912998 ], [ 76.57261704, 30.50121501 ], [ 76.575722039999988, 30.50441604 ], [ 76.580925119999989, 30.50754696 ], [ 76.581909, 30.50990703 ], [ 76.582188098073743, 30.515591336389541 ], [ 76.582961241930661, 30.515581946430071 ], [ 76.5840031036862, 30.515569284515269 ], [ 76.58504496478082, 30.515556614276313 ], [ 76.58608682521411, 30.515543935713222 ], [ 76.587128684985601, 30.515531248826012 ], [ 76.588170544094879, 30.515518553614704 ], [ 76.589212402541506, 30.515505850079315 ], [ 76.590254260325054, 30.51549313821987 ], [ 76.591296117445083, 30.515480418036375 ], [ 76.592337973901152, 30.515467689528865 ], [ 76.593379829692836, 30.515454952697343 ], [ 76.594421684819707, 30.515442207541849 ], [ 76.595190900985543, 30.515432791464125 ], [ 76.59510012, 30.515274 ], [ 76.59506196, 30.51407097 ], [ 76.59624492, 30.51255798 ], [ 76.60189116, 30.51116802 ], [ 76.60279116, 30.51033597 ], [ 76.603583879999988, 30.50615898 ], [ 76.60430892, 30.50479503 ], [ 76.60688004, 30.50336997 ], [ 76.61010708, 30.50326503 ], [ 76.61224404, 30.50292798 ], [ 76.61402892, 30.50085996 ], [ 76.615188839999988, 30.49854696 ], [ 76.61696616, 30.49634601 ], [ 76.61904084, 30.49386597 ], [ 76.62251304, 30.49187697 ], [ 76.626456839999989, 30.49000704 ], [ 76.63223988, 30.488211 ], [ 76.635910079999988, 30.48742098 ], [ 76.63990788, 30.48742296 ], [ 76.64298984, 30.48759099 ], [ 76.646072159999989, 30.48775704 ], [ 76.648223879999989, 30.48755301 ], [ 76.64926896, 30.48671502 ], [ 76.650291, 30.48480603 ], [ 76.65006996, 30.48267204 ], [ 76.64919984, 30.47948604 ], [ 76.64817816, 30.476439 ], [ 76.64775804, 30.47283702 ], [ 76.64749884, 30.46936203 ], [ 76.64693508, 30.46616703 ], [ 76.64576688, 30.46326102 ], [ 76.64415012, 30.46063401 ], [ 76.64176188, 30.45803499 ], [ 76.63874112, 30.45492 ], [ 76.63430808, 30.45091203 ], [ 76.63288104, 30.449619 ], [ 76.63299588, 30.448278 ], [ 76.63449888, 30.44715696 ], [ 76.63662, 30.44628297 ], [ 76.638924, 30.44607399 ], [ 76.64001516, 30.446442 ], [ 76.64205888, 30.44811402 ], [ 76.64429484, 30.45071997 ], [ 76.647781079999987, 30.45395304 ], [ 76.65298488, 30.45806901 ], [ 76.65506712, 30.46067802 ], [ 76.65664716, 30.46196601 ], [ 76.659615, 30.46334301 ], [ 76.66318512, 30.46443003 ], [ 76.66796916, 30.46494303 ], [ 76.67274492, 30.465054 ], [ 76.67507196, 30.46564899 ], [ 76.676483159999989, 30.466539 ], [ 76.679024039999987, 30.46926897 ], [ 76.68121284, 30.47026599 ], [ 76.685088959999987, 30.47121198 ], [ 76.69078812, 30.471561 ], [ 76.69636488, 30.471291 ], [ 76.69654092, 30.46957803 ], [ 76.69660896, 30.46728699 ], [ 76.69652616, 30.46464 ], [ 76.695885, 30.46200903 ], [ 76.69511388, 30.45938499 ], [ 76.69335888, 30.45643002 ], [ 76.69260396, 30.454407 ], [ 76.69255788, 30.45296304 ], [ 76.69321416, 30.45173598 ], [ 76.694832, 30.45047796 ], [ 76.69770804, 30.44954097 ], [ 76.70360592, 30.44790297 ], [ 76.70648988, 30.44720502 ], [ 76.708656, 30.44568798 ], [ 76.71012912, 30.444075 ], [ 76.71063204, 30.44249199 ], [ 76.71057912, 30.44068497 ], [ 76.71025116, 30.43901097 ], [ 76.70908404, 30.43724103 ], [ 76.70627604, 30.43588599 ], [ 76.69926504, 30.43298502 ], [ 76.696281, 30.43055196 ], [ 76.694832, 30.42843102 ], [ 76.69422108, 30.42652302 ], [ 76.69358784, 30.42401301 ], [ 76.692924, 30.42054198 ], [ 76.69174212, 30.41805096 ], [ 76.68975816, 30.41655003 ], [ 76.688354159999989, 30.415995 ], [ 76.68670716, 30.41628804 ], [ 76.68562284, 30.41716797 ], [ 76.68351684, 30.42061002 ], [ 76.681006919999987, 30.42442701 ], [ 76.67937504, 30.42520299 ], [ 76.67729892, 30.42527004 ], [ 76.67450712, 30.42451899 ], [ 76.672820879999989, 30.42361098 ], [ 76.67166888, 30.42220302 ], [ 76.67092908, 30.42066204 ], [ 76.67087616, 30.41885601 ], [ 76.67134092, 30.41618904 ], [ 76.67208108, 30.41339499 ], [ 76.67200512, 30.41086797 ], [ 76.67163108, 30.40786701 ], [ 76.67108208, 30.40342704 ], [ 76.67042508, 30.40019604 ], [ 76.668509879999988, 30.39652404 ], [ 76.66184988, 30.38698404 ], [ 76.65702084, 30.37859001 ], [ 76.65499116, 30.37142601 ], [ 76.654602, 30.35457198 ], [ 76.65277104, 30.35342799 ], [ 76.64941404, 30.35233296 ], [ 76.64772816, 30.35154501 ], [ 76.64406588, 30.34949697 ], [ 76.63731408, 30.345984 ], [ 76.63304088, 30.34202796 ], [ 76.62123108, 30.327354 ], [ 76.615646039999987, 30.32139204 ], [ 76.61277, 30.31775298 ], [ 76.61106108, 30.31624197 ], [ 76.60810116, 30.31453098 ], [ 76.60304316, 30.31216803 ], [ 76.59954792, 30.31107696 ], [ 76.59619884, 30.31010199 ], [ 76.59175896, 30.30976701 ], [ 76.58659404, 30.30837102 ], [ 76.58003196, 30.30653799 ], [ 76.572891, 30.30387903 ], [ 76.56726096, 30.30081201 ], [ 76.56268284, 30.29602104 ], [ 76.557526460592172, 30.292140565409476 ], [ 76.557540591441594, 30.293034644579791 ], [ 76.557554849486166, 30.293936730616135 ], [ 76.557569108175969, 30.29483881652196 ], [ 76.557583367511057, 30.295740902297243 ], [ 76.557597627491447, 30.296642987941997 ], [ 76.557611888117151, 30.297545073456213 ], [ 76.557626149388213, 30.298447158839892 ], [ 76.557640411304632, 30.299349244093023 ], [ 76.557654673866438, 30.300251329215605 ], [ 76.557668937073686, 30.301153414207658 ], [ 76.557683200926363, 30.302055499069155 ], [ 76.557697465424511, 30.302957583800097 ], [ 76.557711730568144, 30.303859668400492 ], [ 76.557725996357306, 30.30476175287032 ], [ 76.557740262792009, 30.305663837209597 ], [ 76.557754529872284, 30.306565921418315 ], [ 76.557768797598158, 30.30746800549646 ], [ 76.557783065969616, 30.30837008944404 ], [ 76.557797334986759, 30.309272173261046 ], [ 76.557811604649544, 30.310174256947487 ], [ 76.557825874958013, 30.311076340503355 ], [ 76.557840145912209, 30.311978423928647 ], [ 76.557854417512146, 30.312880507223344 ], [ 76.557868689757854, 30.31378259038749 ], [ 76.557882962649344, 30.314684673421027 ], [ 76.557897236186662, 30.31558675632397 ], [ 76.557911510369806, 30.316488839096337 ], [ 76.557925785198805, 30.317390921738113 ], [ 76.557940060673701, 30.318293004249295 ], [ 76.557954336794523, 30.319195086629875 ], [ 76.557968613561258, 30.320097168879865 ], [ 76.557982890973975, 30.320999250999247 ], [ 76.557997169032674, 30.32190133298802 ], [ 76.558011447737385, 30.322803414846192 ], [ 76.55802572708815, 30.323705496573751 ], [ 76.558040007084955, 30.324607578170696 ], [ 76.558054287727842, 30.325509659637028 ], [ 76.558068569016854, 30.326411740972752 ], [ 76.558082850952005, 30.327313822177846 ], [ 76.558097133533309, 30.328215903252325 ], [ 76.558111416760809, 30.329117984196174 ], [ 76.55812570063452, 30.3300200650094 ], [ 76.558139985154455, 30.330922145691989 ], [ 76.558154270320642, 30.331824226243942 ], [ 76.558168556133126, 30.332726306665265 ], [ 76.558182842591918, 30.333628386955969 ], [ 76.558197129697049, 30.334530467116 ], [ 76.558211417448533, 30.335432547145412 ], [ 76.558225705846411, 30.33633462704417 ], [ 76.55823999489067, 30.337236706812302 ], [ 76.55825428458138, 30.338138786449765 ], [ 76.558268574918543, 30.33904086595658 ] ] ] ] } },
{ "type": "Feature", "properties": { "SOIL_ID": 1830.0, "S_FORM": "Dissected", "P_MATERIAL": "Alluvium", "SOIL_DEPTH": "Deep", "S_P_SIZE": "Fine-Loamy", "M_CLASS": "Mixed", "C_CLASS": "Non-Calcareous", "S_T_REGIM": "Hyperthermic", "S_R_CLASS": "Neutral", "S_D_CLASS": "Well", "G_W_DEPTH": "Deep", "C_LAYER": "Data Not Available", "S_TEXTURE": "Loamy", "SL_CLASS": "Very Gently Sloping", "ER_CLASS": "Moderate", "CLASS": "Nil", "SODI_CLASS": "Nil", "SUR_STONE": "Nil To Slight", "FLOODING": "Nil", "S_TAXO": "Udic Ustochrepts", "S_REGION": "Soils of Alluvial Plains", "S_SUB_REG": "Piedmont Plains", "LANDSCAPE": "Apc22" }, "geometry": { "type": "MultiPolygon", "coordinates": [ [ [ [ 76.78819470364526, 30.51292686736689 ], [ 76.789236426824118, 30.512912565971103 ], [ 76.790278149256579, 30.512898256255095 ], [ 76.79131987094226, 30.512883938218877 ], [ 76.792361591880677, 30.512869611862495 ], [ 76.793403312071419, 30.512855277185942 ], [ 76.794445031514059, 30.512840934189246 ], [ 76.795486750208156, 30.512826582872446 ], [ 76.796528468153255, 30.512812223235542 ], [ 76.797570185348945, 30.512797855278567 ], [ 76.7986119017948, 30.512783479001538 ], [ 76.799653617490378, 30.512769094404479 ], [ 76.800695332435225, 30.512754701487406 ], [ 76.801737046628929, 30.512740300250346 ], [ 76.80277876007105, 30.512725890693318 ], [ 76.803820472761174, 30.512711472816342 ], [ 76.804862184698834, 30.51269704661944 ], [ 76.805903895883617, 30.512682612102633 ], [ 76.806945606315082, 30.51266816926594 ], [ 76.807987315992804, 30.512653718109394 ], [ 76.809029024916327, 30.512639258633001 ], [ 76.810070733085254, 30.512624790836796 ], [ 76.811112440499116, 30.512610314720785 ], [ 76.8121541471575, 30.512595830285001 ], [ 76.81319585305998, 30.512581337529465 ], [ 76.814237558206088, 30.512566836454202 ], [ 76.815279262595411, 30.512552327059225 ], [ 76.816320966227536, 30.512537809344547 ], [ 76.817362669101996, 30.512523283310205 ], [ 76.818404371218364, 30.512508748956225 ], [ 76.819446072576227, 30.512494206282614 ], [ 76.820487773175131, 30.512479655289393 ], [ 76.821529473014664, 30.512465095976602 ], [ 76.822571172094356, 30.512450528344242 ], [ 76.823612870413797, 30.512435952392337 ], [ 76.824654567972559, 30.512421368120933 ], [ 76.825696264770201, 30.51240677553001 ], [ 76.826737960806298, 30.512392174619624 ], [ 76.827779656080395, 30.512377565389784 ], [ 76.828821350592065, 30.512362947840522 ], [ 76.829863044340897, 30.512348321971832 ], [ 76.830904737326435, 30.512333687783766 ], [ 76.831946429548253, 30.512319045276328 ], [ 76.832988121005911, 30.512304394449547 ], [ 76.834029811698969, 30.512289735303451 ], [ 76.835071501627027, 30.512275067838036 ], [ 76.836113190789618, 30.512260392053353 ], [ 76.837154879186329, 30.512245707949408 ], [ 76.838196566816706, 30.512231015526236 ], [ 76.839238253680321, 30.512216314783842 ], [ 76.840279939776764, 30.51220160572225 ], [ 76.841321625105564, 30.512186888341496 ], [ 76.842363309666325, 30.512172162641587 ], [ 76.843404993458591, 30.512157428622551 ], [ 76.844446676481923, 30.512142686284417 ], [ 76.845488358735906, 30.512127935627191 ], [ 76.846530040220102, 30.512113176650896 ], [ 76.847571720934056, 30.512098409355573 ], [ 76.848613400877355, 30.512083633741227 ], [ 76.849655080049573, 30.512068849807896 ], [ 76.850696758450269, 30.512054057555574 ], [ 76.851738436078989, 30.512039256984302 ], [ 76.852780112935335, 30.512024448094106 ], [ 76.853821789018838, 30.512009630884997 ], [ 76.854863464329085, 30.511994805357006 ], [ 76.855905138865651, 30.51197997151014 ], [ 76.856946812628081, 30.511965129344446 ], [ 76.857988485615948, 30.511950278859914 ], [ 76.859030157828826, 30.511935420056592 ], [ 76.860071829266275, 30.511920552934484 ], [ 76.861113499927868, 30.511905677493623 ], [ 76.862155169813164, 30.51189079373404 ], [ 76.863196838921738, 30.511875901655742 ], [ 76.864238507253134, 30.511861001258744 ], [ 76.865280174806955, 30.511846092543092 ], [ 76.866321841582732, 30.511831175508789 ], [ 76.867363507580052, 30.511816250155871 ], [ 76.868405172798489, 30.511801316484334 ], [ 76.869446837237575, 30.511786374494232 ], [ 76.870488500896911, 30.511771424185561 ], [ 76.871530163776058, 30.511756465558381 ], [ 76.872571825874559, 30.511741498612668 ], [ 76.873613487192017, 30.511726523348464 ], [ 76.874655147727964, 30.511711539765798 ], [ 76.875696807481987, 30.511696547864684 ], [ 76.876738466453659, 30.511681547645139 ], [ 76.877780124642499, 30.511666539107207 ], [ 76.878821782048135, 30.511651522250894 ], [ 76.879863438670114, 30.511636497076211 ], [ 76.88090509450798, 30.5116214635832 ], [ 76.881946749561337, 30.51160642177188 ], [ 76.882988403829714, 30.511591371642258 ], [ 76.884030057312685, 30.511576313194375 ], [ 76.885071710009839, 30.511561246428258 ], [ 76.886113361920721, 30.511546171343902 ], [ 76.887155013044904, 30.511531087941339 ], [ 76.888196663381976, 30.511515996220616 ], [ 76.889238312931454, 30.511500896181726 ], [ 76.890279961692954, 30.511485787824697 ], [ 76.891321609666008, 30.511470671149564 ], [ 76.892363256850203, 30.511455546156338 ], [ 76.893404903245113, 30.511440412845047 ], [ 76.894446548850283, 30.51142527121571 ], [ 76.895488193665273, 30.511410121268355 ], [ 76.89652983768967, 30.511394963002992 ], [ 76.897571480923048, 30.51137979641965 ], [ 76.898613123364953, 30.511364621518357 ], [ 76.899654765014958, 30.511349438299138 ], [ 76.900696405872623, 30.511334246762004 ], [ 76.901738045937535, 30.511319046906976 ], [ 76.902779685209239, 30.511303838734094 ], [ 76.90382132368731, 30.511288622243356 ], [ 76.904862961371322, 30.511273397434802 ], [ 76.905904598260832, 30.511258164308458 ], [ 76.906946234355402, 30.51124292286433 ], [ 76.907987869654619, 30.511227673102457 ], [ 76.909029504158013, 30.511212415022847 ], [ 76.910071137865202, 30.511197148625524 ], [ 76.911112770775702, 30.511181873910537 ], [ 76.912154402889115, 30.511166590877874 ], [ 76.913196034204987, 30.511151299527569 ], [ 76.914237664722904, 30.51113599985964 ], [ 76.915279294442399, 30.51112069187413 ], [ 76.91632092336306, 30.511105375571045 ], [ 76.917362551484487, 30.511090050950408 ], [ 76.918404178806171, 30.511074718012249 ], [ 76.919445805327754, 30.511059376756581 ], [ 76.920487431048755, 30.511044027183434 ], [ 76.921529055968762, 30.511028669292827 ], [ 76.922570680087333, 30.511013303084784 ], [ 76.923612303404028, 30.510997928559334 ], [ 76.92465392591842, 30.510982545716487 ], [ 76.925695547630099, 30.51096715455628 ], [ 76.92673716853858, 30.510951755078725 ], [ 76.927778788643479, 30.510936347283835 ], [ 76.928820407944343, 30.510920931171658 ], [ 76.929862026440745, 30.510905506742208 ], [ 76.930903644132229, 30.510890073995501 ], [ 76.931945261018384, 30.510874632931564 ], [ 76.93298687709877, 30.510859183550405 ], [ 76.933073381483581, 30.510857899814731 ], [ 76.932999, 30.50995104 ], [ 76.932929879999989, 30.5082 ], [ 76.932929879999989, 30.50819802 ], [ 76.93282296, 30.50530101 ], [ 76.93279308, 30.50429004 ], [ 76.93200684, 30.50173998 ], [ 76.93081704, 30.49949097 ], [ 76.930121879999987, 30.49857099 ], [ 76.92915312, 30.49729002 ], [ 76.92847416, 30.49680501 ], [ 76.92677316, 30.49559001 ], [ 76.92360696, 30.49279002 ], [ 76.92186708, 30.49072101 ], [ 76.91983812, 30.48950997 ], [ 76.91857884, 30.48963003 ], [ 76.91774004, 30.49023996 ], [ 76.916763, 30.49091001 ], [ 76.91599296, 30.49151004 ], [ 76.91487084, 30.49218 ], [ 76.91291784, 30.493521 ], [ 76.91194188, 30.49374996 ], [ 76.91137704, 30.49389099 ], [ 76.91018688, 30.49401096 ], [ 76.90823388, 30.49401096 ], [ 76.90599108, 30.49358004 ], [ 76.904242919999987, 30.49290999 ], [ 76.90326696, 30.49206003 ], [ 76.90284684, 30.49164 ], [ 76.90249584, 30.49127001 ], [ 76.90158792, 30.49011 ], [ 76.90116096, 30.48877899 ], [ 76.90091688, 30.48734097 ], [ 76.900741919999987, 30.48621903 ], [ 76.900833, 30.48570999 ], [ 76.90109292, 30.48401097 ], [ 76.90136688, 30.48267897 ], [ 76.90200012, 30.48181902 ], [ 76.903542, 30.48096996 ], [ 76.90556304, 30.47963004 ], [ 76.90857696, 30.47798898 ], [ 76.91213988, 30.47562 ], [ 76.91326092, 30.47421996 ], [ 76.91528304, 30.47135904 ], [ 76.91535216, 30.47013999 ], [ 76.915207079999988, 30.468861 ], [ 76.914581039999987, 30.46788999 ], [ 76.91277312, 30.46575897 ], [ 76.91192604, 30.46437999 ], [ 76.91129316, 30.46331997 ], [ 76.90841712, 30.45779001 ], [ 76.905768959999989, 30.45449997 ], [ 76.90408308, 30.45310002 ], [ 76.90368708, 30.45272103 ], [ 76.902968879999989, 30.45200904 ], [ 76.90219884, 30.45115098 ], [ 76.90157316, 30.45012102 ], [ 76.90157316, 30.44915001 ], [ 76.90158792, 30.44907999 ], [ 76.901847839999988, 30.44828997 ], [ 76.90261788, 30.44768904 ], [ 76.90352616, 30.44714004 ], [ 76.90464, 30.44683098 ], [ 76.90541112, 30.44635002 ], [ 76.90541112, 30.44537001 ], [ 76.90527288, 30.44433996 ], [ 76.90464, 30.44360898 ], [ 76.90115412, 30.44050002 ], [ 76.90043592, 30.43923003 ], [ 76.89996288, 30.43825002 ], [ 76.89996288, 30.43728099 ], [ 76.90051296, 30.43655001 ], [ 76.90158108, 30.43614996 ], [ 76.90197816, 30.43600101 ], [ 76.90450284, 30.43503 ], [ 76.90708908, 30.43417896 ], [ 76.90841712, 30.433689 ], [ 76.910027039999989, 30.43325997 ], [ 76.91310108, 30.43186002 ], [ 76.91399388, 30.43120797 ], [ 76.91442912, 30.43088901 ], [ 76.91533704, 30.42966996 ], [ 76.91539788, 30.42934398 ], [ 76.91162904, 30.42936702 ], [ 76.89910896, 30.42944703 ], [ 76.89554604, 30.43052901 ], [ 76.89172392, 30.43209798 ], [ 76.88575692, 30.43614996 ], [ 76.88344608, 30.43742904 ], [ 76.87890612, 30.43818099 ], [ 76.87367208, 30.43907496 ], [ 76.86912492, 30.43946601 ], [ 76.86399096, 30.439152 ], [ 76.85201988, 30.43717398 ], [ 76.85176104, 30.43757997 ], [ 76.85092188, 30.43837899 ], [ 76.84980804, 30.43873998 ], [ 76.84847316, 30.43873998 ], [ 76.84721388, 30.43849896 ], [ 76.84658784, 30.43782999 ], [ 76.846236839999989, 30.436911 ], [ 76.845756959999989, 30.43618398 ], [ 76.843575, 30.43668897 ], [ 76.839462, 30.43790802 ], [ 76.83602112, 30.43862298 ], [ 76.831047, 30.43878597 ], [ 76.82578992, 30.43895697 ], [ 76.819686839999989, 30.43831401 ], [ 76.816917, 30.43828602 ], [ 76.814705159999988, 30.43835802 ], [ 76.81043988, 30.43909998 ], [ 76.801124879999989, 30.44229498 ], [ 76.798531079999989, 30.44334402 ], [ 76.79563884, 30.44368197 ], [ 76.79067192, 30.44420397 ], [ 76.78791792, 30.44465604 ], [ 76.78421784, 30.44586204 ], [ 76.778267039999989, 30.45027402 ], [ 76.777854839999989, 30.45028896 ], [ 76.77101916, 30.45034404 ], [ 76.77665712, 30.46056696 ], [ 76.782555, 30.47218101 ], [ 76.78420308, 30.47634297 ], [ 76.786713, 30.49011603 ], [ 76.78832184, 30.50162901 ], [ 76.78708596, 30.51082602 ], [ 76.787153456559977, 30.512941153899906 ], [ 76.78819470364526, 30.51292686736689 ] ], [ [ 76.84451316, 30.457863 ], [ 76.84459704, 30.45617298 ], [ 76.84413084, 30.45462003 ], [ 76.84269696, 30.45286197 ], [ 76.84055316, 30.45076398 ], [ 76.838562, 30.44889999 ], [ 76.83783696, 30.44783997 ], [ 76.83777612, 30.44591496 ], [ 76.83855408, 30.44444301 ], [ 76.84034004, 30.44390301 ], [ 76.841445959999987, 30.44386701 ], [ 76.84505496, 30.44435103 ], [ 76.85065512, 30.44633697 ], [ 76.853142, 30.44625498 ], [ 76.85533908, 30.44570004 ], [ 76.85982504, 30.44314404 ], [ 76.861755, 30.44296098 ], [ 76.86397584, 30.44312901 ], [ 76.865517, 30.44356002 ], [ 76.86707292, 30.444714 ], [ 76.86982008, 30.44847897 ], [ 76.86985788, 30.44980197 ], [ 76.86964404, 30.45161601 ], [ 76.86914112, 30.45344004 ], [ 76.863861, 30.461445 ], [ 76.861068839999987, 30.46503096 ], [ 76.85793288, 30.46657797 ], [ 76.85585784, 30.46652604 ], [ 76.85137908, 30.46510503 ], [ 76.84565688, 30.46336596 ], [ 76.843521, 30.46163004 ], [ 76.84349112, 30.46042404 ], [ 76.84451316, 30.457863 ] ] ] ] } },
{ "type": "Feature", "properties": { "SOIL_ID": 1856.0, "S_FORM": "Level", "P_MATERIAL": "Alluvium", "SOIL_DEPTH": "Deep", "S_P_SIZE": "Fine-Loamy", "M_CLASS": "Mixed", "C_CLASS": "Non-Calcareous", "S_T_REGIM": "Hyperthermic", "S_R_CLASS": "Moderately Alkaline", "S_D_CLASS": "Moderately Well", "G_W_DEPTH": "Deep", "C_LAYER": "Data Not Available", "S_TEXTURE": "Loamy", "SL_CLASS": "Level to Nearly Level", "ER_CLASS": "Slight Nil To Slight", "CLASS": "Slight Saline Limited Extent", "SODI_CLASS": "Slight Sodic Limited Extent", "SUR_STONE": "Nil To Slight", "FLOODING": "Nil", "S_TAXO": "Fluventic Ustochrepts", "S_REGION": "Soils of Alluvial Plains", "S_SUB_REG": "Old Alluvial Plains", "LANDSCAPE": "Aac1" }, "geometry": { "type": "MultiPolygon", "coordinates": [ [ [ [ 76.956943823559016, 30.510501552287394 ], [ 76.957985420170957, 30.510485903300143 ], [ 76.959027015966313, 30.51047024599626 ], [ 76.960068610944631, 30.510454580375761 ], [ 76.96111020510547, 30.510438906438683 ], [ 76.962151798448403, 30.510423224185047 ], [ 76.963193390973018, 30.510407533614856 ], [ 76.96423498267886, 30.510391834728157 ], [ 76.965276573565504, 30.510376127524967 ], [ 76.966318163632494, 30.510360412005301 ], [ 76.967359752879446, 30.510344688169194 ], [ 76.968401341305864, 30.51032895601665 ], [ 76.969442928911363, 30.510313215547725 ], [ 76.970484515695489, 30.510297466762406 ], [ 76.97152610165783, 30.510281709660738 ], [ 76.972567686797916, 30.51026594424274 ], [ 76.97360927111535, 30.510250170508431 ], [ 76.974650854609678, 30.51023438845785 ], [ 76.975692437280472, 30.510218598090994 ], [ 76.976734019127292, 30.510202799407907 ], [ 76.977775600149698, 30.510186992408599 ], [ 76.978817180347292, 30.510171177093113 ], [ 76.979858759719619, 30.510155353461453 ], [ 76.980900338266224, 30.510139521513654 ], [ 76.981941915986724, 30.510123681249727 ], [ 76.982983492880635, 30.510107832669707 ], [ 76.984025068947545, 30.510091975773605 ], [ 76.985066644187043, 30.51007611056146 ], [ 76.986108218598645, 30.510060237033294 ], [ 76.987149792181967, 30.51004435518912 ], [ 76.987131445303802, 30.509142509053834 ], [ 76.987113099254344, 30.508240662783656 ], [ 76.987094754033549, 30.507338816378599 ], [ 76.987090281940922, 30.5071189594751 ], [ 76.97701296, 30.49822404 ], [ 76.959045, 30.47879403 ], [ 76.95249192, 30.47081598 ], [ 76.94491608, 30.45992904 ], [ 76.93997184, 30.44479797 ], [ 76.93338816, 30.43361304 ], [ 76.93257888, 30.43221498 ], [ 76.93074, 30.43537497 ], [ 76.92942816, 30.43757097 ], [ 76.92911496, 30.44019501 ], [ 76.93016112, 30.44630997 ], [ 76.93103016, 30.45082302 ], [ 76.93308288, 30.45707901 ], [ 76.93952184, 30.47147199 ], [ 76.94509104, 30.48178896 ], [ 76.946303879999988, 30.48775704 ], [ 76.94818884, 30.49401303 ], [ 76.95174384, 30.50099001 ], [ 76.956687044010394, 30.510505408099846 ], [ 76.956943823559016, 30.510501552287394 ] ] ] ] } },
{ "type": "Feature", "properties": { "SOIL_ID": 1868.0, "S_FORM": "Level", "P_MATERIAL": "Alluvium", "SOIL_DEPTH": "Deep", "S_P_SIZE": "Coarse-Loamy", "M_CLASS": "Mixed", "C_CLASS": "Non-Calcareous", "S_T_REGIM": "Hyperthermic", "S_R_CLASS": "Slightly Alkaline", "S_D_CLASS": "Well", "G_W_DEPTH": "Moderately Shallow", "C_LAYER": "Data Not Available", "S_TEXTURE": "Loamy", "SL_CLASS": "Level to Nearly Level", "ER_CLASS": "Slight Nil To Slight", "CLASS": "Nil", "SODI_CLASS": "Nil", "SUR_STONE": "Nil To Slight", "FLOODING": "Slight", "S_TAXO": "Typic Ustifluvents", "S_REGION": "Soils of Alluvial Plains", "S_SUB_REG": "Active Flood Plains", "LANDSCAPE": "Aaa2" }, "geometry": { "type": "MultiPolygon", "coordinates": [ [ [ [ 76.987076409641389, 30.506436969838646 ], [ 76.987058066077836, 30.505535123163828 ], [ 76.98703972334286, 30.504633276354113 ], [ 76.987021381436421, 30.50373142940953 ], [ 76.987003040358502, 30.502829582330072 ], [ 76.986984700109062, 30.501927735115743 ], [ 76.986966360688058, 30.501025887766549 ], [ 76.986948022095476, 30.500124040282486 ], [ 76.986929684331287, 30.499222192663556 ], [ 76.986911347395449, 30.498320344909779 ], [ 76.986893011287918, 30.497418497021137 ], [ 76.986874676008668, 30.496516648997648 ], [ 76.986856341557683, 30.495614800839302 ], [ 76.986838007934921, 30.494712952546102 ], [ 76.986819675140367, 30.493811104118045 ], [ 76.986801343173951, 30.492909255555166 ], [ 76.986783012035673, 30.492007406857443 ], [ 76.98677459602024, 30.49159334001331 ], [ 76.986099, 30.49103196 ], [ 76.976714879999989, 30.48277698 ], [ 76.96414908, 30.47206302 ], [ 76.95675684, 30.46321503 ], [ 76.951859039999988, 30.45449601 ], [ 76.950333, 30.45100797 ], [ 76.94980596, 30.44780298 ], [ 76.94909712, 30.44241504 ], [ 76.95137016, 30.43467702 ], [ 76.95134712, 30.43190997 ], [ 76.94896716, 30.42756999 ], [ 76.94847108, 30.426678 ], [ 76.945442039999989, 30.42261504 ], [ 76.93672896, 30.41494002 ], [ 76.91558796, 30.39903099 ], [ 76.91552712, 30.39907104 ], [ 76.91441292, 30.39998103 ], [ 76.91378796, 30.40076997 ], [ 76.91380308, 30.40082001 ], [ 76.913933039999989, 30.40162101 ], [ 76.91483304, 30.40241103 ], [ 76.91581692, 30.40302096 ], [ 76.91693112, 30.40374897 ], [ 76.91792292, 30.404421 ], [ 76.91902884, 30.40521003 ], [ 76.919532839999988, 30.40570098 ], [ 76.92015096, 30.40619103 ], [ 76.92112692, 30.40704 ], [ 76.92120396, 30.40830999 ], [ 76.92099012, 30.40940997 ], [ 76.91993712, 30.41208999 ], [ 76.919342039999989, 30.41378397 ], [ 76.92967188, 30.42722097 ], [ 76.93257888, 30.43221498 ], [ 76.93338816, 30.43361304 ], [ 76.93997184, 30.44479797 ], [ 76.94491608, 30.45992904 ], [ 76.95249192, 30.47081598 ], [ 76.959045, 30.47879403 ], [ 76.97701296, 30.49822404 ], [ 76.987090281940922, 30.5071189594751 ], [ 76.987076409641389, 30.506436969838646 ] ] ] ] } },
{ "type": "Feature", "properties": { "SOIL_ID": 1872.0, "S_FORM": "Level", "P_MATERIAL": "Alluvium", "SOIL_DEPTH": "Deep", "S_P_SIZE": "Fine-Loamy", "M_CLASS": "Mixed", "C_CLASS": "Non-Calcareous", "S_T_REGIM": "Hyperthermic", "S_R_CLASS": "Neutral", "S_D_CLASS": "Well", "G_W_DEPTH": "Deep", "C_LAYER": "Data Not Available", "S_TEXTURE": "Loamy", "SL_CLASS": "Very Gently Sloping", "ER_CLASS": "Slight", "CLASS": "Nil", "SODI_CLASS": "Nil", "SUR_STONE": "Nil To Slight", "FLOODING": "Nil", "S_TAXO": "Udic Ustochrepts", "S_REGION": "Soils of Alluvial Plains", "S_SUB_REG": "Alluvial Plains", "LANDSCAPE": "Aac5" }, "geometry": { "type": "MultiPolygon", "coordinates": [ [ [ [ 76.653806313995332, 30.514701974749254 ], [ 76.65484812982011, 30.514688746835272 ], [ 76.655889944954495, 30.51467551059844 ], [ 76.656931759398006, 30.514662266038783 ], [ 76.65797357315023, 30.514649013156308 ], [ 76.65901538621074, 30.514635751951054 ], [ 76.660057198579082, 30.514622482423015 ], [ 76.66109901025483, 30.514609204572217 ], [ 76.662140821237557, 30.514595918398694 ], [ 76.663182631526837, 30.514582623902452 ], [ 76.664224441122201, 30.51456932108352 ], [ 76.665186749026404, 30.514557025722283 ], [ 76.66366608, 30.51409896 ], [ 76.65797412, 30.51415098 ], [ 76.65290784, 30.51431703 ], [ 76.652812297209195, 30.514714587810467 ], [ 76.653806313995332, 30.514701974749254 ] ] ] ] } },
{ "type": "Feature", "properties": { "SOIL_ID": 1882.0, "S_FORM": "Level", "P_MATERIAL": "Alluvium", "SOIL_DEPTH": "Deep", "S_P_SIZE": "Fine-Loamy", "M_CLASS": "Mixed", "C_CLASS": "Calcareous", "S_T_REGIM": "Hyperthermic", "S_R_CLASS": "Slightly Alkaline", "S_D_CLASS": "Well", "G_W_DEPTH": "Deep", "C_LAYER": "Data Not Available", "S_TEXTURE": "Loamy", "SL_CLASS": "Very Gently Sloping", "ER_CLASS": "Slight Nil To Slight", "CLASS": "Nil", "SODI_CLASS": "Nil", "SUR_STONE": "Nil To Slight", "FLOODING": "Nil", "S_TAXO": "Fluventic Ustochrepts", "S_REGION": "Soils of Alluvial Plains", "S_SUB_REG": "Recent Flood Plains", "LANDSCAPE": "Aab5" }, "geometry": { "type": "MultiPolygon", "coordinates": [ [ [ [ 76.93402849237296, 30.510843725852077 ], [ 76.935070106840513, 30.510828259836586 ], [ 76.936111720501003, 30.510812785503958 ], [ 76.936391296625615, 30.510808629853223 ], [ 76.932929879999989, 30.5082 ], [ 76.932999, 30.50995104 ], [ 76.933073381483581, 30.510857899814731 ], [ 76.93402849237296, 30.510843725852077 ] ] ] ] } },
{ "type": "Feature", "properties": { "SOIL_ID": 1908.0, "S_FORM": "Level", "P_MATERIAL": "Alluvium", "SOIL_DEPTH": "Deep", "S_P_SIZE": "Fine-Loamy", "M_CLASS": "Mixed", "C_CLASS": "Non-Calcareous", "S_T_REGIM": "Hyperthermic", "S_R_CLASS": "Neutral", "S_D_CLASS": "Well", "G_W_DEPTH": "Deep", "C_LAYER": "Data Not Available", "S_TEXTURE": "Loamy", "SL_CLASS": "Very Gently Sloping", "ER_CLASS": "Slight", "CLASS": "Nil", "SODI_CLASS": "Nil", "SUR_STONE": "Nil To Slight", "FLOODING": "Nil", "S_TAXO": "Udic Ustochrepts", "S_REGION": "Soils of Alluvial Plains", "S_SUB_REG": "Alluvial Plains", "LANDSCAPE": "Aac5" }, "geometry": { "type": "MultiPolygon", "coordinates": [ [ [ [ 76.690269454222232, 30.514234045792339 ], [ 76.691311245624107, 30.514220526590304 ], [ 76.692353036320355, 30.514206999066104 ], [ 76.69339482631058, 30.514193463219769 ], [ 76.694436615594327, 30.514179919051315 ], [ 76.695478404171169, 30.514166366560762 ], [ 76.696520192040666, 30.514152805748132 ], [ 76.697561979202376, 30.514139236613438 ], [ 76.698603765655889, 30.514125659156711 ], [ 76.699645551400764, 30.514112073377969 ], [ 76.700687336436545, 30.514098479277227 ], [ 76.701729120762835, 30.514084876854501 ], [ 76.702770904379165, 30.514071266109816 ], [ 76.703812687285122, 30.514057647043213 ], [ 76.704854469480253, 30.514044019654673 ], [ 76.705896250964159, 30.514030383944245 ], [ 76.706938031736371, 30.514016739911931 ], [ 76.707979811796463, 30.514003087557768 ], [ 76.709021591144023, 30.513989426881768 ], [ 76.710063369778595, 30.513975757883951 ], [ 76.711105147699755, 30.51396208056433 ], [ 76.71214692490706, 30.513948394922942 ], [ 76.713188701400071, 30.513934700959787 ], [ 76.71423047717839, 30.513920998674909 ], [ 76.715272252241547, 30.51390728806831 ], [ 76.716314026589117, 30.513893569140023 ], [ 76.717355800220673, 30.513879841890056 ], [ 76.718397573135775, 30.513866106318435 ], [ 76.719439345333996, 30.513852362425187 ], [ 76.720481116814895, 30.513838610210307 ], [ 76.721522887578047, 30.513824849673853 ], [ 76.722564657622996, 30.513811080815817 ], [ 76.723606426949331, 30.513797303636231 ], [ 76.724648195556611, 30.513783518135099 ], [ 76.72568996344441, 30.513769724312471 ], [ 76.726731730612286, 30.51375592216835 ], [ 76.7277734970598, 30.513742111702751 ], [ 76.727973256664285, 30.513739461936723 ], [ 76.72877496, 30.51062604 ], [ 76.72872888, 30.50915301 ], [ 76.72762296, 30.50811999 ], [ 76.72419, 30.50662401 ], [ 76.70246112, 30.50037396 ], [ 76.699989, 30.50018703 ], [ 76.698470879999988, 30.50077104 ], [ 76.69422108, 30.50747298 ], [ 76.689536843693546, 30.514243546932512 ], [ 76.690269454222232, 30.514234045792339 ] ] ] ] } },
{ "type": "Feature", "properties": { "SOIL_ID": 1912.0, "S_FORM": "Level", "P_MATERIAL": "Alluvium", "SOIL_DEPTH": "Deep", "S_P_SIZE": "Fine-Loamy", "M_CLASS": "Mixed", "C_CLASS": "Non-Calcareous", "S_T_REGIM": "Hyperthermic", "S_R_CLASS": "Moderately Alkaline", "S_D_CLASS": "Moderately Well", "G_W_DEPTH": "Deep", "C_LAYER": "Data Not Available", "S_TEXTURE": "Loamy", "SL_CLASS": "Level to Nearly Level", "ER_CLASS": "Slight Nil To Slight", "CLASS": "Slight Saline Limited Extent", "SODI_CLASS": "Slight Sodic Limited Extent", "SUR_STONE": "Nil To Slight", "FLOODING": "Nil", "S_TAXO": "Fluventic Ustochrepts", "S_REGION": "Soils of Alluvial Plains", "S_SUB_REG": "Old Alluvial Plains", "LANDSCAPE": "Aac1" }, "geometry": { "type": "MultiPolygon", "coordinates": [ [ [ [ 76.986764681725489, 30.49110555802487 ], [ 76.986746352243372, 30.490203709057468 ], [ 76.986728023589279, 30.489301859955223 ], [ 76.986709695763196, 30.488400010718159 ], [ 76.986691368765079, 30.487498161346259 ], [ 76.986673042594902, 30.486596311839545 ], [ 76.98665471725262, 30.485694462198005 ], [ 76.98663639273822, 30.484792612421639 ], [ 76.986618069051659, 30.483890762510455 ], [ 76.986599746192908, 30.482988912464467 ], [ 76.98658142416194, 30.482087062283657 ], [ 76.986563102958712, 30.48118521196805 ], [ 76.986544782583209, 30.480283361517639 ], [ 76.986526463035375, 30.479381510932416 ], [ 76.986508144315195, 30.478479660212386 ], [ 76.986489826422641, 30.477577809357562 ], [ 76.986471509357656, 30.476675958367945 ], [ 76.986453193120241, 30.475774107243542 ], [ 76.986434877710352, 30.474872255984337 ], [ 76.986416563127946, 30.473970404590357 ], [ 76.986398249373011, 30.473068553061577 ], [ 76.986379936445502, 30.472166701398027 ], [ 76.986361624345392, 30.471264849599702 ], [ 76.986343313072624, 30.470362997666591 ], [ 76.986325002627211, 30.469461145598707 ], [ 76.986306693009084, 30.468559293396044 ], [ 76.986288384218227, 30.467657441058623 ], [ 76.986270076254613, 30.466755588586441 ], [ 76.986251769118212, 30.46585373597949 ], [ 76.986233462808983, 30.464951883237781 ], [ 76.986215157326896, 30.46405003036131 ], [ 76.98619685267191, 30.463148177350096 ], [ 76.986178548843995, 30.462246324204113 ], [ 76.986160245843138, 30.461344470923382 ], [ 76.98614194366931, 30.460442617507915 ], [ 76.98612364232244, 30.459540763957705 ], [ 76.986105341802528, 30.458638910272743 ], [ 76.986087042109546, 30.457737056453048 ], [ 76.986068743243436, 30.456835202498613 ], [ 76.986050445204199, 30.455933348409449 ], [ 76.986032147991779, 30.455031494185558 ], [ 76.986013851606145, 30.454129639826935 ], [ 76.985995556047257, 30.453227785333581 ], [ 76.985977261315128, 30.452325930705516 ], [ 76.985958967409687, 30.451424075942718 ], [ 76.985940674330905, 30.450522221045222 ], [ 76.985922382078769, 30.449620366013004 ], [ 76.985904090653221, 30.448718510846071 ], [ 76.985885800054248, 30.447816655544422 ], [ 76.985867510281807, 30.446914800108082 ], [ 76.985849221335883, 30.446012944537017 ], [ 76.985830933216434, 30.445111088831272 ], [ 76.985812645923417, 30.444209232990818 ], [ 76.985794359456818, 30.443307377015675 ], [ 76.985776073816595, 30.442405520905833 ], [ 76.985757789002733, 30.441503664661312 ], [ 76.985739505015175, 30.440601808282082 ], [ 76.985721221853908, 30.43969995176818 ], [ 76.985702939518873, 30.438798095119605 ], [ 76.985684658010086, 30.437896238336339 ], [ 76.985666377327476, 30.436994381418401 ], [ 76.985648097471028, 30.436092524365787 ], [ 76.9856298184407, 30.435190667178503 ], [ 76.985611540236462, 30.434288809856554 ], [ 76.985593262858302, 30.433386952399939 ], [ 76.985574986306162, 30.432485094808666 ], [ 76.985556710580028, 30.431583237082723 ], [ 76.985538435679857, 30.430681379222118 ], [ 76.985538067527727, 30.430663210261343 ], [ 76.982445, 30.42998703 ], [ 76.97078712, 30.42888597 ], [ 76.961792159999987, 30.42791604 ], [ 76.94896716, 30.42756999 ], [ 76.95134712, 30.43190997 ], [ 76.95137016, 30.43467702 ], [ 76.94909712, 30.44241504 ], [ 76.94980596, 30.44780298 ], [ 76.950333, 30.45100797 ], [ 76.951859039999988, 30.45449601 ], [ 76.95675684, 30.46321503 ], [ 76.96414908, 30.47206302 ], [ 76.976714879999989, 30.48277698 ], [ 76.986099, 30.49103196 ], [ 76.98677459602024, 30.49159334001331 ], [ 76.986764681725489, 30.49110555802487 ] ] ] ] } },
{ "type": "Feature", "properties": { "SOIL_ID": 1926.0, "S_FORM": "Level", "P_MATERIAL": "Alluvium", "SOIL_DEPTH": "Deep", "S_P_SIZE": "Coarse-Loamy", "M_CLASS": "Mixed", "C_CLASS": "Calcareous", "S_T_REGIM": "Hyperthermic", "S_R_CLASS": "Slightly Alkaline", "S_D_CLASS": "Well", "G_W_DEPTH": "Moderately Shallow", "C_LAYER": "Data Not Available", "S_TEXTURE": "Loamy", "SL_CLASS": "Level to Nearly Level", "ER_CLASS": "Slight Nil To Slight", "CLASS": "Nil", "SODI_CLASS": "Nil", "SUR_STONE": "Nil To Slight", "FLOODING": "Slight", "S_TAXO": "Typic Ustifluvents", "S_REGION": "Soils of Alluvial Plains", "S_SUB_REG": "Active Flood Plains", "LANDSCAPE": "Aaa2" }, "geometry": { "type": "MultiPolygon", "coordinates": [ [ [ [ 76.982008689156288, 30.255718410564391 ], [ 76.981990574716363, 30.25481652649734 ], [ 76.981972461096234, 30.253914642296166 ], [ 76.981954348295844, 30.253012757960882 ], [ 76.981936236315207, 30.252110873491461 ], [ 76.981918125154266, 30.251208988887928 ], [ 76.981900014812979, 30.250307104150277 ], [ 76.981881905291331, 30.249405219278511 ], [ 76.981863796589309, 30.248503334272652 ], [ 76.981845688706841, 30.247601449132667 ], [ 76.981827581643913, 30.246699563858602 ], [ 76.981809475400496, 30.245797678450415 ], [ 76.981791369976563, 30.244895792908135 ], [ 76.981773265372084, 30.243993907231751 ], [ 76.981755161587017, 30.24309202142128 ], [ 76.981737058621334, 30.242190135476715 ], [ 76.98172358515248, 30.241518859609066 ], [ 76.967636039999988, 30.23370198 ], [ 76.96653696, 30.23322903 ], [ 76.96453896, 30.23355897 ], [ 76.96417212, 30.23404101 ], [ 76.96685808, 30.23923896 ], [ 76.97214504, 30.249495 ], [ 76.97640996, 30.25434096 ], [ 76.97952288, 30.255039 ], [ 76.982013815943816, 30.255973652131921 ], [ 76.982008689156288, 30.255718410564391 ] ] ] ] } },
{ "type": "Feature", "properties": { "SOIL_ID": 1957.0, "S_FORM": "Level", "P_MATERIAL": "Alluvium", "SOIL_DEPTH": "Deep", "S_P_SIZE": "Fine-Loamy", "M_CLASS": "Mixed", "C_CLASS": "Calcareous", "S_T_REGIM": "Hyperthermic", "S_R_CLASS": "Slightly Alkaline", "S_D_CLASS": "Moderately Well", "G_W_DEPTH": "Deep", "C_LAYER": "Data Not Available", "S_TEXTURE": "Loamy", "SL_CLASS": "Level to Nearly Level", "ER_CLASS": "Slight Nil To Slight", "CLASS": "Slight Saline Limited Extent", "SODI_CLASS": "Slight Sodic Limited Extent", "SUR_STONE": "Nil To Slight", "FLOODING": "Moderate", "S_TAXO": "Typic Ustochrepts", "S_REGION": "Soils of Alluvial Plains", "S_SUB_REG": "Recent Flood Plains", "LANDSCAPE": "Aab2" }, "geometry": { "type": "MultiPolygon", "coordinates": [ [ [ [ 76.91399388, 30.43120797 ], [ 76.91310108, 30.43186002 ], [ 76.910027039999989, 30.43325997 ], [ 76.90841712, 30.433689 ], [ 76.90708908, 30.43417896 ], [ 76.90450284, 30.43503 ], [ 76.90197816, 30.43600101 ], [ 76.90158108, 30.43614996 ], [ 76.90051296, 30.43655001 ], [ 76.89996288, 30.43728099 ], [ 76.89996288, 30.43825002 ], [ 76.90043592, 30.43923003 ], [ 76.90115412, 30.44050002 ], [ 76.90464, 30.44360898 ], [ 76.90527288, 30.44433996 ], [ 76.90541112, 30.44537001 ], [ 76.90541112, 30.44635002 ], [ 76.90464, 30.44683098 ], [ 76.90352616, 30.44714004 ], [ 76.90261788, 30.44768904 ], [ 76.901847839999988, 30.44828997 ], [ 76.90158792, 30.44907999 ], [ 76.90157316, 30.44915001 ], [ 76.90157316, 30.45012102 ], [ 76.90219884, 30.45115098 ], [ 76.902968879999989, 30.45200904 ], [ 76.90368708, 30.45272103 ], [ 76.90408308, 30.45310002 ], [ 76.905768959999989, 30.45449997 ], [ 76.90841712, 30.45779001 ], [ 76.91129316, 30.46331997 ], [ 76.91192604, 30.46437999 ], [ 76.91277312, 30.46575897 ], [ 76.914581039999987, 30.46788999 ], [ 76.915207079999988, 30.468861 ], [ 76.91535216, 30.47013999 ], [ 76.91528304, 30.47135904 ], [ 76.91326092, 30.47421996 ], [ 76.91213988, 30.47562 ], [ 76.90857696, 30.47798898 ], [ 76.90556304, 30.47963004 ], [ 76.903542, 30.48096996 ], [ 76.90200012, 30.48181902 ], [ 76.90136688, 30.48267897 ], [ 76.90109292, 30.48401097 ], [ 76.900833, 30.48570999 ], [ 76.900741919999987, 30.48621903 ], [ 76.90091688, 30.48734097 ], [ 76.90116096, 30.48877899 ], [ 76.90158792, 30.49011 ], [ 76.90249584, 30.49127001 ], [ 76.90284684, 30.49164 ], [ 76.90326696, 30.49206003 ], [ 76.904242919999987, 30.49290999 ], [ 76.90599108, 30.49358004 ], [ 76.90823388, 30.49401096 ], [ 76.91018688, 30.49401096 ], [ 76.91137704, 30.49389099 ], [ 76.91194188, 30.49374996 ], [ 76.91291784, 30.493521 ], [ 76.91487084, 30.49218 ], [ 76.91599296, 30.49151004 ], [ 76.916763, 30.49091001 ], [ 76.91774004, 30.49023996 ], [ 76.91857884, 30.48963003 ], [ 76.91983812, 30.48950997 ], [ 76.92186708, 30.49072101 ], [ 76.92360696, 30.49279002 ], [ 76.92677316, 30.49559001 ], [ 76.92847416, 30.49680501 ], [ 76.926186, 30.48918201 ], [ 76.92395004, 30.48001299 ], [ 76.92374412, 30.475494 ], [ 76.924377, 30.47082696 ], [ 76.92562908, 30.46134798 ], [ 76.925598119999989, 30.45799404 ], [ 76.925406959999989, 30.454353 ], [ 76.92387408, 30.45057102 ], [ 76.92133284, 30.44519397 ], [ 76.918617, 30.43821303 ], [ 76.91474196, 30.43254996 ], [ 76.91399388, 30.43120797 ] ] ] ] } },
{ "type": "Feature", "properties": { "SOIL_ID": 1965.0, "S_FORM": "Level", "P_MATERIAL": "Alluvium", "SOIL_DEPTH": "Deep", "S_P_SIZE": "Fine-Loamy", "M_CLASS": "Mixed", "C_CLASS": "Slight", "S_T_REGIM": "Hyperthermic", "S_R_CLASS": "Moderately Alkaline", "S_D_CLASS": "Moderately Well", "G_W_DEPTH": "Moderately Deep", "C_LAYER": "Data Not Available", "S_TEXTURE": "Loamy", "SL_CLASS": "Level to Nearly Level", "ER_CLASS": "Slight", "CLASS": "Slight Saline Moderate Extent", "SODI_CLASS": "Sodic Moderate Extent", "SUR_STONE": "Nil To Slight", "FLOODING": "Nil", "S_TAXO": "Typic Ustochrepts", "S_REGION": "Soils of Alluvial Plains", "S_SUB_REG": "Alluvial Plains (Partly Salt-Affected)", "LANDSCAPE": "Aac2" }, "geometry": { "type": "MultiPolygon", "coordinates": [ [ [ [ 76.560203715319133, 30.460820398938061 ], [ 76.560218093805858, 30.46172246065283 ], [ 76.560232472942445, 30.462624522236595 ], [ 76.560246852728937, 30.46352658368939 ], [ 76.560261233165335, 30.464428645011161 ], [ 76.56027561425168, 30.465330706201936 ], [ 76.560289995987972, 30.466232767261705 ], [ 76.560304378374269, 30.467134828190463 ], [ 76.560318761410571, 30.468036888988216 ], [ 76.560333145096919, 30.468938949654959 ], [ 76.560347529433315, 30.469841010190684 ], [ 76.560361914419829, 30.470743070595386 ], [ 76.560376300056433, 30.471645130869067 ], [ 76.560390686343197, 30.472547191011731 ], [ 76.560405073280108, 30.473449251023364 ], [ 76.560419460867223, 30.47435131090398 ], [ 76.560433849104527, 30.475253370653569 ], [ 76.560448237992105, 30.476155430272108 ], [ 76.560462627529915, 30.477057489759623 ], [ 76.560477017718028, 30.477959549116093 ], [ 76.560491408556459, 30.478861608341525 ], [ 76.560505800045235, 30.479763667435925 ], [ 76.560520192184356, 30.48066572639927 ], [ 76.56053458497388, 30.481567785231572 ], [ 76.56054897841382, 30.482469843932829 ], [ 76.560563372504191, 30.483371902503023 ], [ 76.560573959854253, 30.484035367623854 ], [ 76.56210288, 30.480183 ], [ 76.56324804, 30.47866803 ], [ 76.56525396, 30.47771601 ], [ 76.57572888, 30.47648796 ], [ 76.57769808, 30.47435604 ], [ 76.58383212, 30.46455801 ], [ 76.597755119999988, 30.45420999 ], [ 76.60169208, 30.44994696 ], [ 76.60314216, 30.44768301 ], [ 76.60340892, 30.44531304 ], [ 76.603332959999989, 30.442806 ], [ 76.602272039999988, 30.44151099 ], [ 76.60034208, 30.43935999 ], [ 76.59247608, 30.43725597 ], [ 76.58891316, 30.43737198 ], [ 76.58744796, 30.43919196 ], [ 76.58294688, 30.44170197 ], [ 76.577446079999987, 30.44483604 ], [ 76.56887808, 30.45279303 ], [ 76.560201941101312, 30.46070908496128 ], [ 76.560203715319133, 30.460820398938061 ] ] ] ] } },
{ "type": "Feature", "properties": { "SOIL_ID": 1990.0, "S_FORM": "Level", "P_MATERIAL": "Alluvium", "SOIL_DEPTH": "Deep", "S_P_SIZE": "Coarse-Loamy", "M_CLASS": "Mixed", "C_CLASS": "Slight", "S_T_REGIM": "Hyperthermic", "S_R_CLASS": "Strongly Alkaline", "S_D_CLASS": "Moderately Well", "G_W_DEPTH": "Moderately Shallow", "C_LAYER": "Data Not Available", "S_TEXTURE": "Loamy", "SL_CLASS": "Level to Nearly Level", "ER_CLASS": "Slight", "CLASS": "Moderate Saline", "SODI_CLASS": "Strong Sodic Extensive Extent", "SUR_STONE": "Nil To Slight", "FLOODING": "Nil", "S_TAXO": "Natric Ustochrepts", "S_REGION": "Soils of Alluvial Plains", "S_SUB_REG": "Alluvial Plains (Partly Salt-Affected)", "LANDSCAPE": "Aac4" }, "geometry": { "type": "MultiPolygon", "coordinates": [ [ [ [ 76.843521, 30.46163004 ], [ 76.84565688, 30.46336596 ], [ 76.85137908, 30.46510503 ], [ 76.85585784, 30.46652604 ], [ 76.85793288, 30.46657797 ], [ 76.861068839999987, 30.46503096 ], [ 76.863861, 30.461445 ], [ 76.86914112, 30.45344004 ], [ 76.86964404, 30.45161601 ], [ 76.86985788, 30.44980197 ], [ 76.86982008, 30.44847897 ], [ 76.86707292, 30.444714 ], [ 76.865517, 30.44356002 ], [ 76.86397584, 30.44312901 ], [ 76.861755, 30.44296098 ], [ 76.85982504, 30.44314404 ], [ 76.85533908, 30.44570004 ], [ 76.853142, 30.44625498 ], [ 76.85065512, 30.44633697 ], [ 76.84505496, 30.44435103 ], [ 76.841445959999987, 30.44386701 ], [ 76.84034004, 30.44390301 ], [ 76.83855408, 30.44444301 ], [ 76.83777612, 30.44591496 ], [ 76.83783696, 30.44783997 ], [ 76.838562, 30.44889999 ], [ 76.84055316, 30.45076398 ], [ 76.84269696, 30.45286197 ], [ 76.84413084, 30.45462003 ], [ 76.84459704, 30.45617298 ], [ 76.84451316, 30.457863 ], [ 76.84349112, 30.46042404 ], [ 76.843521, 30.46163004 ] ] ] ] } },
{ "type": "Feature", "properties": { "SOIL_ID": 1999.0, "S_FORM": "Level", "P_MATERIAL": "Alluvium", "SOIL_DEPTH": "Deep", "S_P_SIZE": "Fine-Loamy", "M_CLASS": "Mixed", "C_CLASS": "Moderate", "S_T_REGIM": "Hyperthermic", "S_R_CLASS": "Slightly Alkaline", "S_D_CLASS": "Moderately Well", "G_W_DEPTH": "Moderately Deep", "C_LAYER": "Data Not Available", "S_TEXTURE": "Loamy", "SL_CLASS": "Very Gently Sloping", "ER_CLASS": "Slight", "CLASS": "Nil", "SODI_CLASS": "Nil", "SUR_STONE": "Nil To Slight", "FLOODING": "Nil", "S_TAXO": "Fluventic Ustochrepts", "S_REGION": "Soils of Alluvial Plains", "S_SUB_REG": "Alluvial Plains", "LANDSCAPE": "Aab1" }, "geometry": { "type": "MultiPolygon", "coordinates": [ [ [ [ 76.764488039999989, 30.43198998 ], [ 76.766022, 30.43910997 ], [ 76.76785296, 30.44459196 ], [ 76.77101916, 30.45034404 ], [ 76.777854839999989, 30.45028896 ], [ 76.778267039999989, 30.45027402 ], [ 76.78421784, 30.44586204 ], [ 76.78791792, 30.44465604 ], [ 76.79067192, 30.44420397 ], [ 76.79563884, 30.44368197 ], [ 76.798531079999989, 30.44334402 ], [ 76.801124879999989, 30.44229498 ], [ 76.81043988, 30.43909998 ], [ 76.814705159999988, 30.43835802 ], [ 76.816917, 30.43828602 ], [ 76.819686839999989, 30.43831401 ], [ 76.82578992, 30.43895697 ], [ 76.831047, 30.43878597 ], [ 76.83602112, 30.43862298 ], [ 76.839462, 30.43790802 ], [ 76.843575, 30.43668897 ], [ 76.845756959999989, 30.43618398 ], [ 76.84539804, 30.43564002 ], [ 76.84510788, 30.43530999 ], [ 76.844490119999989, 30.43460097 ], [ 76.84294896, 30.43362996 ], [ 76.84147584, 30.43289898 ], [ 76.83972912, 30.43186002 ], [ 76.83860808, 30.43118997 ], [ 76.838226119999987, 30.43026 ], [ 76.83818796, 30.430161 ], [ 76.83825708, 30.42948897 ], [ 76.83895908, 30.42852003 ], [ 76.838889959999989, 30.42711999 ], [ 76.83840216, 30.42639 ], [ 76.83728004, 30.42554103 ], [ 76.83525108, 30.422979 ], [ 76.83223716, 30.42011997 ], [ 76.831778879999987, 30.41960004 ], [ 76.82775912, 30.41506998 ], [ 76.82623308, 30.41373096 ], [ 76.82504292, 30.41263998 ], [ 76.82348592, 30.41238996 ], [ 76.82209812, 30.41238996 ], [ 76.82055696, 30.412701 ], [ 76.81916016, 30.41324001 ], [ 76.81607784, 30.41519004 ], [ 76.814484119999989, 30.41616096 ], [ 76.81292712, 30.41695998 ], [ 76.811607, 30.41744004 ], [ 76.81028004, 30.417561 ], [ 76.80950892, 30.41744004 ], [ 76.808601, 30.41708004 ], [ 76.807617119999989, 30.41647002 ], [ 76.80635784, 30.41562096 ], [ 76.80503088, 30.41506998 ], [ 76.80370284, 30.41501004 ], [ 76.80264984, 30.41542998 ], [ 76.80188016, 30.41634897 ], [ 76.80097188, 30.41749998 ], [ 76.79974392, 30.41828901 ], [ 76.79915604, 30.418659 ], [ 76.798316879999987, 30.418659 ], [ 76.79683692, 30.41799003 ], [ 76.795517159999989, 30.41720001 ], [ 76.79447208, 30.41629002 ], [ 76.79264796, 30.41573904 ], [ 76.79125188, 30.41573904 ], [ 76.79006208, 30.41579997 ], [ 76.78872684, 30.41634897 ], [ 76.78559088, 30.41914896 ], [ 76.78167012, 30.42170001 ], [ 76.77873216, 30.42365103 ], [ 76.77858708, 30.42456102 ], [ 76.77887688, 30.42627003 ], [ 76.77900684, 30.427299 ], [ 76.779648, 30.42925101 ], [ 76.78060884, 30.42996003 ], [ 76.78103616, 30.43028097 ], [ 76.78259316, 30.43173996 ], [ 76.78502712, 30.43357101 ], [ 76.78587312, 30.43454004 ], [ 76.78650708, 30.43600101 ], [ 76.786362, 30.43697904 ], [ 76.786239959999989, 30.43714896 ], [ 76.78574388, 30.43788903 ], [ 76.78482804, 30.43873998 ], [ 76.78392012, 30.43952901 ], [ 76.78279908, 30.44031903 ], [ 76.78112004, 30.44129904 ], [ 76.77805284, 30.44282004 ], [ 76.77559692, 30.44300103 ], [ 76.77558108, 30.44300103 ], [ 76.774338, 30.44263104 ], [ 76.77378108, 30.44220903 ], [ 76.77314784, 30.44129904 ], [ 76.77259092, 30.44025999 ], [ 76.77175104, 30.438801 ], [ 76.770981, 30.43757997 ], [ 76.77063, 30.436371 ], [ 76.770477, 30.43491003 ], [ 76.770279, 30.43380897 ], [ 76.76970696, 30.43296099 ], [ 76.76843292, 30.43232001 ], [ 76.76825004, 30.43223001 ], [ 76.767273, 30.43198998 ], [ 76.76573184, 30.43198998 ], [ 76.764488039999989, 30.43198998 ] ] ] ] } },
{ "type": "Feature", "properties": { "SOIL_ID": 2000.0, "S_FORM": "Level", "P_MATERIAL": "Alluvium", "SOIL_DEPTH": "Deep", "S_P_SIZE": "Fine-Loamy", "M_CLASS": "Mixed", "C_CLASS": "Non-Calcareous", "S_T_REGIM": "Hyperthermic", "S_R_CLASS": "Slightly Alkaline", "S_D_CLASS": "Moderately Well", "G_W_DEPTH": "Deep", "C_LAYER": "Data Not Available", "S_TEXTURE": "Loamy", "SL_CLASS": "Level to Nearly Level", "ER_CLASS": "Slight Nil To Slight", "CLASS": "Slight Saline Limited Extent", "SODI_CLASS": "Nil", "SUR_STONE": "Nil To Slight", "FLOODING": "Slight", "S_TAXO": "Udic Ustochrepts", "S_REGION": "Soils of Alluvial Plains", "S_SUB_REG": "Recent Flood Plains", "LANDSCAPE": "Aab5" }, "geometry": { "type": "MultiPolygon", "coordinates": [ [ [ [ 76.984862844738799, 30.397312543740409 ], [ 76.984844601201914, 30.396410680764824 ], [ 76.984826358489741, 30.395508817654687 ], [ 76.984808116602281, 30.394606954410015 ], [ 76.984789875539477, 30.393705091030775 ], [ 76.984771635301328, 30.39280322751701 ], [ 76.984753395887779, 30.391901363868683 ], [ 76.9847351572988, 30.39099950008583 ], [ 76.98471691953435, 30.390097636168441 ], [ 76.984698682594441, 30.389195772116519 ], [ 76.98468044647899, 30.388293907930063 ], [ 76.984662211187981, 30.387392043609086 ], [ 76.984643976721401, 30.386490179153572 ], [ 76.984625743079206, 30.385588314563538 ], [ 76.98460751026137, 30.384686449839002 ], [ 76.984589278267848, 30.383784584979939 ], [ 76.984571047098612, 30.382882719986352 ], [ 76.984552816753634, 30.381980854858263 ], [ 76.984534587232886, 30.381078989595657 ], [ 76.984516358536325, 30.380177124198553 ], [ 76.984498130663937, 30.379275258666951 ], [ 76.984479903615679, 30.378373393000846 ], [ 76.984461677391522, 30.377471527200232 ], [ 76.984443451991424, 30.37656966126513 ], [ 76.984425227415372, 30.375667795195536 ], [ 76.984407003663321, 30.374765928991444 ], [ 76.984388780735244, 30.373864062652867 ], [ 76.984370558631113, 30.372962196179813 ], [ 76.984352337350884, 30.372060329572285 ], [ 76.984334116894544, 30.371158462830277 ], [ 76.984315897262036, 30.370256595953769 ], [ 76.984297678453373, 30.369354728942806 ], [ 76.984279460468457, 30.368452861797369 ], [ 76.984261243307316, 30.367550994517462 ], [ 76.984243026969892, 30.366649127103095 ], [ 76.984224811456173, 30.365747259554261 ], [ 76.984206596766086, 30.364845391870958 ], [ 76.984188382899646, 30.363943524053209 ], [ 76.984170169856782, 30.363041656101004 ], [ 76.984151957637494, 30.362139788014346 ], [ 76.984133746241739, 30.36123791979324 ], [ 76.984115535669474, 30.360336051437685 ], [ 76.984097325920686, 30.359434182947684 ], [ 76.984079116995332, 30.358532314323245 ], [ 76.984060908893383, 30.357630445564382 ], [ 76.984042701614811, 30.35672857667106 ], [ 76.984024495159588, 30.355826707643327 ], [ 76.984006289527656, 30.35492483848115 ], [ 76.98398808471903, 30.354022969184534 ], [ 76.983969880733639, 30.353121099753512 ], [ 76.98395167757144, 30.352219230188069 ], [ 76.983933475232462, 30.351317360488203 ], [ 76.983915273716619, 30.350415490653919 ], [ 76.983902546878738, 30.349784857904815 ], [ 76.96444716, 30.34541097 ], [ 76.94577, 30.33953901 ], [ 76.91489388, 30.32805303 ], [ 76.89268512, 30.31826598 ], [ 76.881553919999988, 30.31267203 ], [ 76.88333916, 30.31547499 ], [ 76.88792412, 30.32623701 ], [ 76.88964096, 30.33307602 ], [ 76.889664, 30.33540702 ], [ 76.88919816, 30.33708201 ], [ 76.89728484, 30.35226996 ], [ 76.89782016, 30.35355003 ], [ 76.90676904, 30.35199897 ], [ 76.91175792, 30.351681 ], [ 76.91675616, 30.35281797 ], [ 76.92692616, 30.35553201 ], [ 76.931946, 30.35827296 ], [ 76.938477119999988, 30.36377304 ], [ 76.946716079999987, 30.37436703 ], [ 76.950401039999988, 30.377115 ], [ 76.96992492, 30.38414796 ], [ 76.97309904, 30.38558796 ], [ 76.983162119999989, 30.39558804 ], [ 76.984865421803548, 30.397439934272576 ], [ 76.984862844738799, 30.397312543740409 ] ] ] ] } },
{ "type": "Feature", "properties": { "SOIL_ID": 2009.0, "S_FORM": "Level", "P_MATERIAL": "Alluvium", "SOIL_DEPTH": "Deep", "S_P_SIZE": "Coarse-Loamy", "M_CLASS": "Mixed", "C_CLASS": "Calcareous", "S_T_REGIM": "Hyperthermic", "S_R_CLASS": "Slightly Alkaline", "S_D_CLASS": "Well", "G_W_DEPTH": "Deep", "C_LAYER": "Data Not Available", "S_TEXTURE": "Loamy", "SL_CLASS": "Level to Nearly Level", "ER_CLASS": "Slight Nil To Slight", "CLASS": "Nil", "SODI_CLASS": "Nil", "SUR_STONE": "Nil To Slight", "FLOODING": "Nil", "S_TAXO": "Typic Ustifluvents", "S_REGION": "Soils of Alluvial Plains", "S_SUB_REG": "Recent Flood Plains", "LANDSCAPE": "Aab2" }, "geometry": { "type": "MultiPolygon", "coordinates": [ [ [ [ 76.985520161605621, 30.429779521226859 ], [ 76.985501888357291, 30.428877663096959 ], [ 76.985483615934811, 30.4279758048324 ], [ 76.985465344338195, 30.427073946433197 ], [ 76.9854470735674, 30.42617208789936 ], [ 76.985428803622355, 30.425270229230872 ], [ 76.98541053450306, 30.424368370427747 ], [ 76.985392266209487, 30.423466511489984 ], [ 76.985373998741593, 30.422564652417584 ], [ 76.98535573209935, 30.421662793210565 ], [ 76.985337466282729, 30.420760933868905 ], [ 76.985319201291688, 30.419859074392619 ], [ 76.985300937126198, 30.418957214781727 ], [ 76.985282673786244, 30.418055355036206 ], [ 76.985264411271771, 30.417153495156075 ], [ 76.985246149582778, 30.416251635141315 ], [ 76.985227888719194, 30.415349774991959 ], [ 76.985209628681005, 30.414447914707985 ], [ 76.985191369468183, 30.413546054289402 ], [ 76.985173111080698, 30.412644193736224 ], [ 76.985154853518523, 30.411742333048434 ], [ 76.985136596781601, 30.410840472226059 ], [ 76.985118340869931, 30.40993861126908 ], [ 76.985100085783458, 30.409036750177506 ], [ 76.985081831522166, 30.408134888951356 ], [ 76.985063578086013, 30.407233027590603 ], [ 76.985045325474985, 30.406331166095278 ], [ 76.985027073689025, 30.405429304465354 ], [ 76.985008822728119, 30.404527442700871 ], [ 76.984990572592224, 30.403625580801801 ], [ 76.984972323281326, 30.402723718768161 ], [ 76.984954074795368, 30.401821856599941 ], [ 76.984935827134336, 30.400919994297162 ], [ 76.984917580298188, 30.400018131859824 ], [ 76.984899334286908, 30.399116269287909 ], [ 76.984881089100455, 30.398214406581435 ], [ 76.984865421803548, 30.397439934272576 ], [ 76.983162119999989, 30.39558804 ], [ 76.97309904, 30.38558796 ], [ 76.96992492, 30.38414796 ], [ 76.950401039999988, 30.377115 ], [ 76.946716079999987, 30.37436703 ], [ 76.938477119999988, 30.36377304 ], [ 76.931946, 30.35827296 ], [ 76.92692616, 30.35553201 ], [ 76.91675616, 30.35281797 ], [ 76.91175792, 30.351681 ], [ 76.90676904, 30.35199897 ], [ 76.89782016, 30.35355003 ], [ 76.90044384, 30.35988603 ], [ 76.90125312, 30.35901996 ], [ 76.90207716, 30.35915001 ], [ 76.902923879999989, 30.36000096 ], [ 76.90411404, 30.36121902 ], [ 76.904876879999989, 30.36164103 ], [ 76.90648716, 30.36169998 ], [ 76.91104116, 30.36164103 ], [ 76.912230959999988, 30.36175902 ], [ 76.91313888, 30.36202596 ], [ 76.91348988, 30.36212901 ], [ 76.91481792, 30.36249 ], [ 76.915870919999989, 30.36297996 ], [ 76.917618, 30.36333996 ], [ 76.918457159999988, 30.363831 ], [ 76.91929596, 30.36444102 ], [ 76.92014304, 30.36535101 ], [ 76.92056316, 30.36669003 ], [ 76.92076908, 30.36790998 ], [ 76.92209604, 30.36912903 ], [ 76.92223392, 30.36960999 ], [ 76.92328584, 30.37039902 ], [ 76.92371388, 30.37144104 ], [ 76.92418692, 30.37284099 ], [ 76.92455304, 30.37392999 ], [ 76.92489612, 30.37484898 ], [ 76.92616296, 30.37611996 ], [ 76.931373959999988, 30.37882203 ], [ 76.93167888, 30.37898097 ], [ 76.93289892, 30.37991004 ], [ 76.93679016, 30.38287896 ], [ 76.94056692, 30.38573997 ], [ 76.94259588, 30.388599 ], [ 76.94349696, 30.38982003 ], [ 76.943916, 30.39114996 ], [ 76.943916, 30.39267897 ], [ 76.94386308, 30.39401097 ], [ 76.94267292, 30.39516999 ], [ 76.94120016, 30.39607998 ], [ 76.93910208, 30.39712002 ], [ 76.938057, 30.39827004 ], [ 76.93694316, 30.39966999 ], [ 76.93595892, 30.40039998 ], [ 76.93476912, 30.40101099 ], [ 76.933577879999987, 30.40107003 ], [ 76.93211412, 30.40107003 ], [ 76.930641, 30.40101099 ], [ 76.92868008, 30.40076997 ], [ 76.92748992, 30.40033896 ], [ 76.926033, 30.39954903 ], [ 76.924941839999988, 30.39933402 ], [ 76.92050196, 30.39846003 ], [ 76.91940288, 30.39841998 ], [ 76.91882292, 30.39839901 ], [ 76.91779296, 30.39839901 ], [ 76.91728212, 30.39839901 ], [ 76.916367, 30.39851997 ], [ 76.91618304, 30.39864003 ], [ 76.91558796, 30.39903099 ], [ 76.93672896, 30.41494002 ], [ 76.945442039999989, 30.42261504 ], [ 76.94847108, 30.426678 ], [ 76.94896716, 30.42756999 ], [ 76.961792159999987, 30.42791604 ], [ 76.97078712, 30.42888597 ], [ 76.982445, 30.42998703 ], [ 76.985538067527727, 30.430663210261343 ], [ 76.985520161605621, 30.429779521226859 ] ] ] ] } },
{ "type": "Feature", "properties": { "SOIL_ID": 2010.0, "S_FORM": "Level", "P_MATERIAL": "Alluvium", "SOIL_DEPTH": "Deep", "S_P_SIZE": "Fine-Loamy", "M_CLASS": "Mixed", "C_CLASS": "Calcareous", "S_T_REGIM": "Hyperthermic", "S_R_CLASS": "Slightly Alkaline", "S_D_CLASS": "Moderately Well", "G_W_DEPTH": "Deep", "C_LAYER": "Data Not Available", "S_TEXTURE": "Loamy", "SL_CLASS": "Level to Nearly Level", "ER_CLASS": "Slight Nil To Slight", "CLASS": "Slight Saline Limited Extent", "SODI_CLASS": "Slight Sodic Limited Extent", "SUR_STONE": "Nil To Slight", "FLOODING": "Moderate", "S_TAXO": "Typic Ustochrepts", "S_REGION": "Soils of Alluvial Plains", "S_SUB_REG": "Recent Flood Plains", "LANDSCAPE": "Aab2" }, "geometry": { "type": "MultiPolygon", "coordinates": [ [ [ [ 76.764488039999989, 30.43198998 ], [ 76.76573184, 30.43198998 ], [ 76.767273, 30.43198998 ], [ 76.76825004, 30.43223001 ], [ 76.76843292, 30.43232001 ], [ 76.76970696, 30.43296099 ], [ 76.770279, 30.43380897 ], [ 76.770477, 30.43491003 ], [ 76.77063, 30.436371 ], [ 76.770981, 30.43757997 ], [ 76.77175104, 30.438801 ], [ 76.77259092, 30.44025999 ], [ 76.77314784, 30.44129904 ], [ 76.77378108, 30.44220903 ], [ 76.774338, 30.44263104 ], [ 76.77558108, 30.44300103 ], [ 76.77559692, 30.44300103 ], [ 76.77805284, 30.44282004 ], [ 76.78112004, 30.44129904 ], [ 76.78279908, 30.44031903 ], [ 76.78392012, 30.43952901 ], [ 76.78482804, 30.43873998 ], [ 76.78574388, 30.43788903 ], [ 76.786239959999989, 30.43714896 ], [ 76.786362, 30.43697904 ], [ 76.78650708, 30.43600101 ], [ 76.78587312, 30.43454004 ], [ 76.78502712, 30.43357101 ], [ 76.78259316, 30.43173996 ], [ 76.78103616, 30.43028097 ], [ 76.78060884, 30.42996003 ], [ 76.779648, 30.42925101 ], [ 76.77900684, 30.427299 ], [ 76.77887688, 30.42627003 ], [ 76.77858708, 30.42456102 ], [ 76.77873216, 30.42365103 ], [ 76.78167012, 30.42170001 ], [ 76.78559088, 30.41914896 ], [ 76.78872684, 30.41634897 ], [ 76.79006208, 30.41579997 ], [ 76.79125188, 30.41573904 ], [ 76.79264796, 30.41573904 ], [ 76.79447208, 30.41629002 ], [ 76.795517159999989, 30.41720001 ], [ 76.79683692, 30.41799003 ], [ 76.798316879999987, 30.418659 ], [ 76.79915604, 30.418659 ], [ 76.79974392, 30.41828901 ], [ 76.80097188, 30.41749998 ], [ 76.80188016, 30.41634897 ], [ 76.80264984, 30.41542998 ], [ 76.80370284, 30.41501004 ], [ 76.80503088, 30.41506998 ], [ 76.80635784, 30.41562096 ], [ 76.807617119999989, 30.41647002 ], [ 76.808601, 30.41708004 ], [ 76.80950892, 30.41744004 ], [ 76.81028004, 30.417561 ], [ 76.811607, 30.41744004 ], [ 76.81292712, 30.41695998 ], [ 76.814484119999989, 30.41616096 ], [ 76.81607784, 30.41519004 ], [ 76.81916016, 30.41324001 ], [ 76.82055696, 30.412701 ], [ 76.82209812, 30.41238996 ], [ 76.82348592, 30.41238996 ], [ 76.82504292, 30.41263998 ], [ 76.82623308, 30.41373096 ], [ 76.82775912, 30.41506998 ], [ 76.831778879999987, 30.41960004 ], [ 76.83223716, 30.42011997 ], [ 76.83525108, 30.422979 ], [ 76.83728004, 30.42554103 ], [ 76.83840216, 30.42639 ], [ 76.838889959999989, 30.42711999 ], [ 76.83895908, 30.42852003 ], [ 76.83825708, 30.42948897 ], [ 76.83818796, 30.430161 ], [ 76.838226119999987, 30.43026 ], [ 76.83860808, 30.43118997 ], [ 76.83972912, 30.43186002 ], [ 76.84147584, 30.43289898 ], [ 76.84294896, 30.43362996 ], [ 76.844490119999989, 30.43460097 ], [ 76.84510788, 30.43530999 ], [ 76.84539804, 30.43564002 ], [ 76.845756959999989, 30.43618398 ], [ 76.846236839999989, 30.436911 ], [ 76.84658784, 30.43782999 ], [ 76.84721388, 30.43849896 ], [ 76.84847316, 30.43873998 ], [ 76.84980804, 30.43873998 ], [ 76.85092188, 30.43837899 ], [ 76.85176104, 30.43757997 ], [ 76.85201988, 30.43717398 ], [ 76.85201988, 30.43717002 ], [ 76.85231796, 30.43666998 ], [ 76.85295084, 30.43551096 ], [ 76.85407296, 30.43386999 ], [ 76.85595684, 30.42694098 ], [ 76.857627959999988, 30.421089 ], [ 76.85861184, 30.41881002 ], [ 76.85868096, 30.418659 ], [ 76.85965692, 30.41731998 ], [ 76.86062604, 30.41665101 ], [ 76.86266292, 30.41616096 ], [ 76.867347959999989, 30.41501004 ], [ 76.86842292, 30.41460999 ], [ 76.87567116, 30.411909 ], [ 76.880500919999989, 30.41050896 ], [ 76.881827879999989, 30.41008002 ], [ 76.88316312, 30.40965099 ], [ 76.88363616, 30.40940997 ], [ 76.88392596, 30.40880004 ], [ 76.88371284, 30.40813098 ], [ 76.88342988, 30.40733898 ], [ 76.88336184, 30.40637004 ], [ 76.88342988, 30.40545096 ], [ 76.88385, 30.40502904 ], [ 76.88427696, 30.40443 ], [ 76.884552, 30.40405101 ], [ 76.88517804, 30.40283997 ], [ 76.885459919999988, 30.40155999 ], [ 76.88530692, 30.39979896 ], [ 76.88482704, 30.39846003 ], [ 76.883780879999989, 30.39699897 ], [ 76.88301084, 30.39613902 ], [ 76.882797, 30.39492996 ], [ 76.882659839999988, 30.39432003 ], [ 76.882659839999988, 30.39322104 ], [ 76.88287404, 30.39255 ], [ 76.88342304, 30.39242904 ], [ 76.88433816, 30.39237 ], [ 76.88559708, 30.39237 ], [ 76.887412919999989, 30.39267897 ], [ 76.88818404, 30.39279903 ], [ 76.88922912, 30.39237 ], [ 76.890213, 30.391821 ], [ 76.89154104, 30.39121098 ], [ 76.89293712, 30.39060996 ], [ 76.89440916, 30.38975901 ], [ 76.895813159999989, 30.38841999 ], [ 76.896919079999989, 30.38647104 ], [ 76.89713292, 30.38624001 ], [ 76.899231, 30.38390901 ], [ 76.89959712, 30.38268096 ], [ 76.899719159999989, 30.38227101 ], [ 76.899719159999989, 30.38117004 ], [ 76.89866616, 30.37970898 ], [ 76.89720204, 30.37685004 ], [ 76.89572892, 30.37478103 ], [ 76.89433284, 30.37313997 ], [ 76.892997959999988, 30.37132098 ], [ 76.89230316, 30.37027896 ], [ 76.89222684, 30.36931002 ], [ 76.892997959999988, 30.36827304 ], [ 76.883506919999988, 30.35599101 ], [ 76.88233188, 30.35440296 ], [ 76.86567684, 30.37299696 ], [ 76.865181119999988, 30.37358304 ], [ 76.856247, 30.38004702 ], [ 76.852271879999989, 30.38181696 ], [ 76.845962879999988, 30.38403897 ], [ 76.83017004, 30.38529204 ], [ 76.80538188, 30.38586804 ], [ 76.780602, 30.387609 ], [ 76.77544392, 30.38763798 ], [ 76.77227808, 30.386637 ], [ 76.769431919999988, 30.38446602 ], [ 76.76741016, 30.38141601 ], [ 76.76605188, 30.37851 ], [ 76.76588412, 30.377781 ], [ 76.76585388, 30.37443003 ], [ 76.76632692, 30.37136697 ], [ 76.770126, 30.367701 ], [ 76.78601784, 30.35828601 ], [ 76.79578392, 30.35181798 ], [ 76.80853296, 30.34329399 ], [ 76.81165308, 30.33890298 ], [ 76.81214088, 30.33700596 ], [ 76.81226292, 30.33205002 ], [ 76.81139388, 30.32753796 ], [ 76.809204, 30.32419797 ], [ 76.79896488, 30.31303203 ], [ 76.78853604, 30.29895396 ], [ 76.77977796, 30.28661298 ], [ 76.774887, 30.27833397 ], [ 76.771683, 30.27252402 ], [ 76.76964612, 30.268017 ], [ 76.76327484, 30.26193003 ], [ 76.74852816, 30.24947898 ], [ 76.72879008, 30.23676504 ], [ 76.72086288, 30.22937001 ], [ 76.71908592, 30.22923897 ], [ 76.70458188, 30.22640397 ], [ 76.67179884, 30.22513002 ], [ 76.66197192, 30.22401996 ], [ 76.65212988, 30.22130601 ], [ 76.639785839999988, 30.21685803 ], [ 76.62319884, 30.206934 ], [ 76.621239, 30.20686902 ], [ 76.61943108, 30.20751999 ], [ 76.61887416, 30.20772897 ], [ 76.61691288, 30.20919003 ], [ 76.61488284, 30.21120099 ], [ 76.61418192, 30.21254001 ], [ 76.61425788, 30.21351102 ], [ 76.614471, 30.214359 ], [ 76.61566188, 30.21521004 ], [ 76.61698884, 30.21618996 ], [ 76.617156959999988, 30.21626097 ], [ 76.618881, 30.21697998 ], [ 76.62097908, 30.21813999 ], [ 76.622100839999987, 30.21929001 ], [ 76.62280284, 30.22013997 ], [ 76.62371112, 30.22197003 ], [ 76.625542079999988, 30.22561098 ], [ 76.625763119999988, 30.22646004 ], [ 76.62526704, 30.22748901 ], [ 76.62420684, 30.22847001 ], [ 76.62351204, 30.22944102 ], [ 76.62274884, 30.23035002 ], [ 76.62177288, 30.23133102 ], [ 76.62122316, 30.23152902 ], [ 76.618689839999988, 30.23242002 ], [ 76.616736839999987, 30.23308899 ], [ 76.614777, 30.23413101 ], [ 76.61183904, 30.23516097 ], [ 76.611137039999988, 30.23588898 ], [ 76.607430119999989, 30.23735004 ], [ 76.605759, 30.23838999 ], [ 76.60471284, 30.23929998 ], [ 76.604103, 30.23970003 ], [ 76.60352304, 30.24008901 ], [ 76.60289016, 30.24081999 ], [ 76.60352304, 30.24253098 ], [ 76.60421784, 30.24332001 ], [ 76.60498788, 30.24496098 ], [ 76.60498788, 30.24641997 ], [ 76.60478196, 30.24811899 ], [ 76.60394316, 30.24982998 ], [ 76.603104, 30.25123002 ], [ 76.60178388, 30.25231902 ], [ 76.600449, 30.25311102 ], [ 76.59940284, 30.253599 ], [ 76.597931159999987, 30.25414998 ], [ 76.595618879999989, 30.25462896 ], [ 76.59464292, 30.25456002 ], [ 76.59134712, 30.25432998 ], [ 76.59019512, 30.25399401 ], [ 76.594336919999989, 30.26416401 ], [ 76.594336919999989, 30.26417004 ], [ 76.59716004, 30.26649996 ], [ 76.59912096, 30.26856996 ], [ 76.60093716, 30.26954097 ], [ 76.602898079999989, 30.26948004 ], [ 76.60423296, 30.26906001 ], [ 76.60534716, 30.268629 ], [ 76.60675008, 30.26833002 ], [ 76.608704159999988, 30.26851101 ], [ 76.60961208, 30.26972997 ], [ 76.610313, 30.27045096 ], [ 76.61032092, 30.27045996 ], [ 76.61213712, 30.27087999 ], [ 76.61353284, 30.27099996 ], [ 76.61492892, 30.27099996 ], [ 76.61576088, 30.27091203 ], [ 76.616051039999988, 30.27087999 ], [ 76.61657016, 30.27045996 ], [ 76.61695896, 30.27014901 ], [ 76.61730996, 30.26935998 ], [ 76.617798119999989, 30.26833002 ], [ 76.61794284, 30.26771901 ], [ 76.618851119999988, 30.26685897 ], [ 76.61982708, 30.26565 ], [ 76.62074292, 30.26473002 ], [ 76.62227616, 30.26448999 ], [ 76.62394692, 30.26503899 ], [ 76.625556839999987, 30.26594898 ], [ 76.62689208, 30.26692998 ], [ 76.62737988, 30.26796003 ], [ 76.627449, 30.26899899 ], [ 76.626747, 30.27033 ], [ 76.62634308, 30.27160998 ], [ 76.62640392, 30.27257901 ], [ 76.62696084, 30.27319002 ], [ 76.62705192, 30.27325104 ], [ 76.627937159999988, 30.27380004 ], [ 76.62969216, 30.27490002 ], [ 76.63046292, 30.27592998 ], [ 76.63066884, 30.27757104 ], [ 76.63060008, 30.27890997 ], [ 76.63152312, 30.28123098 ], [ 76.632072119999989, 30.28305096 ], [ 76.63229388, 30.28506102 ], [ 76.634376839999987, 30.28883004 ], [ 76.63477284, 30.28914999 ], [ 76.63522284, 30.28949901 ], [ 76.63662, 30.28943997 ], [ 76.637176919999987, 30.28846896 ], [ 76.637176919999987, 30.28725099 ], [ 76.637176919999987, 30.286341 ], [ 76.63732092, 30.285549 ], [ 76.63774104, 30.28482099 ], [ 76.63836708, 30.28457097 ], [ 76.63906908, 30.28457097 ], [ 76.640456879999988, 30.28475997 ], [ 76.64193684, 30.28590999 ], [ 76.64362308, 30.28779999 ], [ 76.648857119999988, 30.29077899 ], [ 76.651450919999988, 30.29369904 ], [ 76.65544116, 30.29820102 ], [ 76.65873012, 30.30055002 ], [ 76.659714, 30.30091101 ], [ 76.65978996, 30.30092001 ], [ 76.66089588, 30.30109002 ], [ 76.662216, 30.30242904 ], [ 76.66397892, 30.30389001 ], [ 76.66507692, 30.30480999 ], [ 76.66544304, 30.30511104 ], [ 76.66663392, 30.30547896 ], [ 76.66734312, 30.30499098 ], [ 76.66789212, 30.30434001 ], [ 76.66816716, 30.30400998 ], [ 76.66866288, 30.30341004 ], [ 76.669434, 30.30261003 ], [ 76.67012808, 30.30201 ], [ 76.67104284, 30.30139899 ], [ 76.67188308, 30.30096996 ], [ 76.67312616, 30.30055002 ], [ 76.67446896, 30.300489 ], [ 76.67565192, 30.30036003 ], [ 76.676910119999988, 30.30030099 ], [ 76.67788716, 30.300489 ], [ 76.68118296, 30.30231096 ], [ 76.68138888, 30.30267897 ], [ 76.68132012, 30.30377004 ], [ 76.68063396, 30.30444 ], [ 76.679916119999987, 30.30505002 ], [ 76.67964216, 30.30578001 ], [ 76.67971812, 30.30651099 ], [ 76.68041184, 30.30730101 ], [ 76.681053, 30.30791103 ], [ 76.681953, 30.30851898 ], [ 76.68279288, 30.30931098 ], [ 76.68376884, 30.31045902 ], [ 76.68408996, 30.31077996 ], [ 76.684959, 30.31162101 ], [ 76.685661, 30.31259904 ], [ 76.686363, 30.31356996 ], [ 76.68656892, 30.31485003 ], [ 76.68656892, 30.31570098 ], [ 76.68608112, 30.31666902 ], [ 76.68573804, 30.31771104 ], [ 76.68440208, 30.31788996 ], [ 76.68363996, 30.31850097 ], [ 76.683357, 30.31929 ], [ 76.68343404, 30.31979004 ], [ 76.68348696, 30.32019999 ], [ 76.68433404, 30.32110998 ], [ 76.68518112, 30.32191098 ], [ 76.68566892, 30.32257104 ], [ 76.686363, 30.32336997 ], [ 76.68692784, 30.32409996 ], [ 76.68742392, 30.32482896 ], [ 76.687896959999989, 30.32525097 ], [ 76.688667, 30.325581 ], [ 76.688744039999989, 30.32562096 ], [ 76.68937692, 30.32592003 ], [ 76.69000188, 30.32629002 ], [ 76.69056708, 30.32615997 ], [ 76.69140588, 30.32562096 ], [ 76.69188684, 30.32471097 ], [ 76.69188684, 30.324699 ], [ 76.69273392, 30.32366904 ], [ 76.693779, 30.32263899 ], [ 76.69461816, 30.32183997 ], [ 76.69558692, 30.32110998 ], [ 76.69642608, 30.32069004 ], [ 76.69756296, 30.32081001 ], [ 76.698387, 30.32183997 ], [ 76.69937916, 30.32349003 ], [ 76.69972188, 30.324699 ], [ 76.700493, 30.32658999 ], [ 76.70126304, 30.32725896 ], [ 76.70245392, 30.32720001 ], [ 76.70371212, 30.32677098 ], [ 76.703949, 30.32667 ], [ 76.704697079999988, 30.32634897 ], [ 76.70658096, 30.32543898 ], [ 76.70805408, 30.32482896 ], [ 76.71015216, 30.32451999 ], [ 76.71132684, 30.32513001 ], [ 76.71231792, 30.32597898 ], [ 76.712936039999988, 30.32817102 ], [ 76.71434796, 30.33146097 ], [ 76.71568284, 30.33400896 ], [ 76.71607992, 30.33482904 ], [ 76.71630888, 30.33529101 ], [ 76.71721608, 30.33559998 ], [ 76.71811716, 30.335409 ], [ 76.71903192, 30.334869 ], [ 76.72009284, 30.33414099 ], [ 76.72057308, 30.33389097 ], [ 76.721832, 30.33315999 ], [ 76.72245804, 30.332979 ], [ 76.72351104, 30.332979 ], [ 76.724487, 30.33352998 ], [ 76.725677159999989, 30.33437904 ], [ 76.72721904, 30.335409 ], [ 76.72931712, 30.33639 ], [ 76.73008716, 30.33717903 ], [ 76.73021712, 30.33785097 ], [ 76.73001912, 30.33900099 ], [ 76.729248, 30.33980001 ], [ 76.72875984, 30.34028097 ], [ 76.72875984, 30.34118997 ], [ 76.72904208, 30.34240902 ], [ 76.731354, 30.34497096 ], [ 76.73191092, 30.34581903 ], [ 76.73232996, 30.34649097 ], [ 76.73310108, 30.34691001 ], [ 76.734009, 30.34709901 ], [ 76.734253079999988, 30.34704996 ], [ 76.734916919999989, 30.34691001 ], [ 76.73638896, 30.34649097 ], [ 76.738564079999989, 30.34643004 ], [ 76.73911308, 30.34643004 ], [ 76.74008904, 30.34684899 ], [ 76.74141708, 30.34746 ], [ 76.742049959999989, 30.34794996 ], [ 76.74260688, 30.34844001 ], [ 76.74421716, 30.34910997 ], [ 76.74548292, 30.34940904 ], [ 76.74645996, 30.35001897 ], [ 76.74688008, 30.35057103 ], [ 76.747932, 30.35190996 ], [ 76.74848892, 30.35250999 ], [ 76.74974784, 30.35318004 ], [ 76.750869959999989, 30.35378997 ], [ 76.75184592, 30.35457999 ], [ 76.75247988, 30.35519001 ], [ 76.75261704, 30.35592099 ], [ 76.75212888, 30.35683098 ], [ 76.75142688, 30.35714004 ], [ 76.750869959999989, 30.35750004 ], [ 76.75038108, 30.35792898 ], [ 76.75038108, 30.35872098 ], [ 76.75051896, 30.35957004 ], [ 76.750587, 30.36030003 ], [ 76.75050384, 30.36053097 ], [ 76.74996204, 30.36189096 ], [ 76.74904584, 30.36297996 ], [ 76.748077079999987, 30.36413997 ], [ 76.74716916, 30.36535101 ], [ 76.74624612, 30.36632904 ], [ 76.745277, 30.36729996 ], [ 76.74401916, 30.36767004 ], [ 76.74282792, 30.36772899 ], [ 76.74192, 30.36767004 ], [ 76.74088284, 30.36827097 ], [ 76.74004404, 30.36887901 ], [ 76.73828112, 30.36918996 ], [ 76.73695416, 30.36912903 ], [ 76.73597712, 30.36864096 ], [ 76.73520708, 30.36797001 ], [ 76.734497159999989, 30.36747897 ], [ 76.733597159999988, 30.36681 ], [ 76.73262012, 30.36621096 ], [ 76.731918119999989, 30.36584097 ], [ 76.73087304, 30.36499002 ], [ 76.730171039999988, 30.36455901 ], [ 76.72946904, 30.36376998 ], [ 76.728699, 30.36285999 ], [ 76.72814208, 30.36224898 ], [ 76.72744008, 30.36189096 ], [ 76.72712688, 30.36182004 ], [ 76.72653216, 30.36169998 ], [ 76.725196919999988, 30.36195 ], [ 76.72400712, 30.36261897 ], [ 76.72318308, 30.36327903 ], [ 76.72142808, 30.36444102 ], [ 76.72052016, 30.36510999 ], [ 76.720383, 30.36601998 ], [ 76.720443839999987, 30.36691998 ], [ 76.72045104, 30.36707496 ], [ 76.72045104, 30.36717999 ], [ 76.72075704, 30.36764898 ], [ 76.72149684, 30.36875904 ], [ 76.72261788, 30.37022001 ], [ 76.72429692, 30.37155903 ], [ 76.725417959999987, 30.37295898 ], [ 76.72667688, 30.37424103 ], [ 76.728844079999988, 30.37649004 ], [ 76.729752, 30.37734 ], [ 76.730247, 30.37795101 ], [ 76.730797079999988, 30.37874004 ], [ 76.73129316, 30.37989996 ], [ 76.731505919999989, 30.38081004 ], [ 76.730797079999988, 30.38147901 ], [ 76.729552919999989, 30.38166 ], [ 76.72922496, 30.38159799 ], [ 76.74108084, 30.39759396 ], [ 76.74900804, 30.41037603 ], [ 76.75306704, 30.41851401 ], [ 76.754448, 30.42433701 ], [ 76.75448616, 30.42910602 ], [ 76.75641612, 30.429729 ], [ 76.75768296, 30.43065096 ], [ 76.75894188, 30.43100898 ], [ 76.76006292, 30.43156104 ], [ 76.76133012, 30.43172097 ], [ 76.76209296, 30.43198998 ], [ 76.76328312, 30.43198998 ], [ 76.76435916, 30.43198998 ], [ 76.764488039999989, 30.43198998 ] ], [ [ 76.705382879999988, 30.26151999 ], [ 76.70568096, 30.25875501 ], [ 76.70698488, 30.25524897 ], [ 76.71061692, 30.25245996 ], [ 76.712280119999988, 30.25230399 ], [ 76.71495096, 30.25316403 ], [ 76.72182516, 30.25968399 ], [ 76.73489388, 30.27112596 ], [ 76.736259, 30.27446901 ], [ 76.74015816, 30.28406697 ], [ 76.74117984, 30.28639203 ], [ 76.74603984, 30.29073696 ], [ 76.74737508, 30.29160501 ], [ 76.75536312, 30.29199804 ], [ 76.75953696, 30.29299398 ], [ 76.76103996, 30.29400603 ], [ 76.76121492, 30.29531697 ], [ 76.76123004, 30.29735799 ], [ 76.761237959999988, 30.29779404 ], [ 76.75913196, 30.30494904 ], [ 76.75748388, 30.30714198 ], [ 76.75698888, 30.30758298 ], [ 76.74074604, 30.31481601 ], [ 76.73974596, 30.31511103 ], [ 76.73674788, 30.31483698 ], [ 76.73474088, 30.31310097 ], [ 76.73388696, 30.31062696 ], [ 76.73485608, 30.30726798 ], [ 76.73500116, 30.30420897 ], [ 76.73416092, 30.30304698 ], [ 76.73198688, 30.30218298 ], [ 76.72849308, 30.30205698 ], [ 76.723517879999989, 30.30412698 ], [ 76.72088592, 30.30822198 ], [ 76.71842208, 30.31202502 ], [ 76.715934839999989, 30.31218297 ], [ 76.71376008, 30.31132104 ], [ 76.71257784, 30.30928803 ], [ 76.71189096, 30.30623199 ], [ 76.71349296, 30.29878998 ], [ 76.71329496, 30.29500197 ], [ 76.71260088, 30.291363 ], [ 76.71072384, 30.28598001 ], [ 76.71021984, 30.28510899 ], [ 76.70852712, 30.28191201 ], [ 76.70802312, 30.28118499 ], [ 76.707321119999989, 30.27666996 ], [ 76.70679516, 30.27317598 ], [ 76.70644416, 30.27069999 ], [ 76.70626812, 30.26953503 ], [ 76.70572704, 30.26502 ], [ 76.705368119999989, 30.26167101 ], [ 76.705382879999988, 30.26151999 ] ] ] ] } },
{ "type": "Feature", "properties": { "SOIL_ID": 2017.0, "S_FORM": "Level", "P_MATERIAL": "Alluvium", "SOIL_DEPTH": "Deep", "S_P_SIZE": "Fine-Loamy", "M_CLASS": "Mixed", "C_CLASS": "Moderate", "S_T_REGIM": "Hyperthermic", "S_R_CLASS": "Slightly Alkaline", "S_D_CLASS": "Moderately Well", "G_W_DEPTH": "Moderately Deep", "C_LAYER": "Data Not Available", "S_TEXTURE": "Loamy", "SL_CLASS": "Very Gently Sloping", "ER_CLASS": "Slight", "CLASS": "Nil", "SODI_CLASS": "Nil", "SUR_STONE": "Nil To Slight", "FLOODING": "Nil", "S_TAXO": "Fluventic Ustochrepts", "S_REGION": "Soils of Alluvial Plains", "S_SUB_REG": "Alluvial Plains", "LANDSCAPE": "Aab1" }, "geometry": { "type": "MultiPolygon", "coordinates": [ [ [ [ 76.89959712, 30.38268096 ], [ 76.899231, 30.38390901 ], [ 76.89713292, 30.38624001 ], [ 76.896919079999989, 30.38647104 ], [ 76.895813159999989, 30.38841999 ], [ 76.89440916, 30.38975901 ], [ 76.89293712, 30.39060996 ], [ 76.89154104, 30.39121098 ], [ 76.890213, 30.391821 ], [ 76.88922912, 30.39237 ], [ 76.88818404, 30.39279903 ], [ 76.887412919999989, 30.39267897 ], [ 76.88559708, 30.39237 ], [ 76.88433816, 30.39237 ], [ 76.88342304, 30.39242904 ], [ 76.88287404, 30.39255 ], [ 76.882659839999988, 30.39322104 ], [ 76.882659839999988, 30.39432003 ], [ 76.882797, 30.39492996 ], [ 76.88301084, 30.39613902 ], [ 76.883780879999989, 30.39699897 ], [ 76.88482704, 30.39846003 ], [ 76.88530692, 30.39979896 ], [ 76.885459919999988, 30.40155999 ], [ 76.88517804, 30.40283997 ], [ 76.884552, 30.40405101 ], [ 76.88427696, 30.40443 ], [ 76.88385, 30.40502904 ], [ 76.88342988, 30.40545096 ], [ 76.88336184, 30.40637004 ], [ 76.88342988, 30.40733898 ], [ 76.88371284, 30.40813098 ], [ 76.88392596, 30.40880004 ], [ 76.88363616, 30.40940997 ], [ 76.88316312, 30.40965099 ], [ 76.881827879999989, 30.41008002 ], [ 76.880500919999989, 30.41050896 ], [ 76.87567116, 30.411909 ], [ 76.86842292, 30.41460999 ], [ 76.867347959999989, 30.41501004 ], [ 76.86266292, 30.41616096 ], [ 76.86062604, 30.41665101 ], [ 76.85965692, 30.41731998 ], [ 76.85868096, 30.418659 ], [ 76.85861184, 30.41881002 ], [ 76.857627959999988, 30.421089 ], [ 76.85595684, 30.42694098 ], [ 76.85407296, 30.43386999 ], [ 76.85295084, 30.43551096 ], [ 76.85231796, 30.43666998 ], [ 76.85201988, 30.43717002 ], [ 76.85201988, 30.43717398 ], [ 76.86399096, 30.439152 ], [ 76.86912492, 30.43946601 ], [ 76.87367208, 30.43907496 ], [ 76.87890612, 30.43818099 ], [ 76.88344608, 30.43742904 ], [ 76.88575692, 30.43614996 ], [ 76.89172392, 30.43209798 ], [ 76.89554604, 30.43052901 ], [ 76.89910896, 30.42944703 ], [ 76.91162904, 30.42936702 ], [ 76.91244516, 30.42226404 ], [ 76.91123988, 30.41459298 ], [ 76.90837104, 30.40251903 ], [ 76.90409892, 30.38988897 ], [ 76.89959712, 30.38268096 ] ] ] ] } },
{ "type": "Feature", "properties": { "SOIL_ID": 2024.0, "S_FORM": "Level", "P_MATERIAL": "Alluvium", "SOIL_DEPTH": "Deep", "S_P_SIZE": "Coarse-Loamy", "M_CLASS": "Mixed", "C_CLASS": "Slight", "S_T_REGIM": "Hyperthermic", "S_R_CLASS": "Slightly Alkaline", "S_D_CLASS": "Well", "G_W_DEPTH": "Deep", "C_LAYER": "Data Not Available", "S_TEXTURE": "Loamy", "SL_CLASS": "Very Gently Sloping", "ER_CLASS": "Slight", "CLASS": "Slight Saline", "SODI_CLASS": "Nil", "SUR_STONE": "Nil To Slight", "FLOODING": "Moderate", "S_TAXO": "Typic Ustifluvents", "S_REGION": "Soils of Alluvial Plains", "S_SUB_REG": "Active/Recent Plains", "LANDSCAPE": "Aaa2" }, "geometry": { "type": "MultiPolygon", "coordinates": [ [ [ [ 76.919342039999989, 30.41378397 ], [ 76.91993712, 30.41208999 ], [ 76.92099012, 30.40940997 ], [ 76.92120396, 30.40830999 ], [ 76.92112692, 30.40704 ], [ 76.92015096, 30.40619103 ], [ 76.919532839999988, 30.40570098 ], [ 76.91902884, 30.40521003 ], [ 76.91792292, 30.404421 ], [ 76.91693112, 30.40374897 ], [ 76.91581692, 30.40302096 ], [ 76.91483304, 30.40241103 ], [ 76.913933039999989, 30.40162101 ], [ 76.91380308, 30.40082001 ], [ 76.91378796, 30.40076997 ], [ 76.91441292, 30.39998103 ], [ 76.91552712, 30.39907104 ], [ 76.91558796, 30.39903099 ], [ 76.91618304, 30.39864003 ], [ 76.916367, 30.39851997 ], [ 76.91728212, 30.39839901 ], [ 76.91779296, 30.39839901 ], [ 76.91882292, 30.39839901 ], [ 76.91940288, 30.39841998 ], [ 76.92050196, 30.39846003 ], [ 76.924941839999988, 30.39933402 ], [ 76.92228684, 30.39170301 ], [ 76.91698512, 30.37272102 ], [ 76.913712, 30.36535803 ], [ 76.91313888, 30.36202596 ], [ 76.912230959999988, 30.36175902 ], [ 76.91104116, 30.36164103 ], [ 76.90648716, 30.36169998 ], [ 76.904876879999989, 30.36164103 ], [ 76.90411404, 30.36121902 ], [ 76.902923879999989, 30.36000096 ], [ 76.90207716, 30.35915001 ], [ 76.90125312, 30.35901996 ], [ 76.90044384, 30.35988603 ], [ 76.89971196, 30.36067002 ], [ 76.897728, 30.36366999 ], [ 76.89726288, 30.36438 ], [ 76.89446316, 30.36693996 ], [ 76.892997959999988, 30.36827097 ], [ 76.892997959999988, 30.36827304 ], [ 76.89222684, 30.36931002 ], [ 76.89230316, 30.37027896 ], [ 76.892997959999988, 30.37132098 ], [ 76.89433284, 30.37313997 ], [ 76.89572892, 30.37478103 ], [ 76.89720204, 30.37685004 ], [ 76.89866616, 30.37970898 ], [ 76.899719159999989, 30.38117004 ], [ 76.899719159999989, 30.38227101 ], [ 76.89959712, 30.38268096 ], [ 76.90409892, 30.38988897 ], [ 76.90837104, 30.40251903 ], [ 76.91123988, 30.41459298 ], [ 76.91244516, 30.42226404 ], [ 76.91162904, 30.42936702 ], [ 76.91539788, 30.42934398 ], [ 76.91561892, 30.42820899 ], [ 76.91561892, 30.427299 ], [ 76.915465919999988, 30.42613998 ], [ 76.91526792, 30.42522999 ], [ 76.91491692, 30.42432 ], [ 76.91449716, 30.42334899 ], [ 76.913933039999989, 30.42248904 ], [ 76.913658, 30.42145899 ], [ 76.91365116, 30.42024003 ], [ 76.91448996, 30.41853903 ], [ 76.91532912, 30.41768997 ], [ 76.91623704, 30.41695998 ], [ 76.91693112, 30.41658999 ], [ 76.91784696, 30.41610003 ], [ 76.91883084, 30.41542998 ], [ 76.919319, 30.41476101 ], [ 76.919319, 30.41385102 ], [ 76.919342039999989, 30.41378397 ] ] ] ] } },
{ "type": "Feature", "properties": { "SOIL_ID": 2025.0, "S_FORM": "Level", "P_MATERIAL": "Alluvium", "SOIL_DEPTH": "Deep", "S_P_SIZE": "Coarse-Loamy", "M_CLASS": "Mixed", "C_CLASS": "Calcareous", "S_T_REGIM": "Hyperthermic", "S_R_CLASS": "Slightly Alkaline", "S_D_CLASS": "Well", "G_W_DEPTH": "Moderately Deep", "C_LAYER": "Data Not Available", "S_TEXTURE": "Loamy", "SL_CLASS": "Level to Nearly Level", "ER_CLASS": "Slight Nil To Slight", "CLASS": "Nil", "SODI_CLASS": "Nil", "SUR_STONE": "Nil To Slight", "FLOODING": "Moderate", "S_TAXO": "Typic Ustifluvents", "S_REGION": "Soils of Alluvial Plains", "S_SUB_REG": "Active Flood Plains", "LANDSCAPE": "Aaa2" }, "geometry": { "type": "MultiPolygon", "coordinates": [ [ [ [ 76.75448616, 30.42910602 ], [ 76.754448, 30.42433701 ], [ 76.75306704, 30.41851401 ], [ 76.74900804, 30.41037603 ], [ 76.74108084, 30.39759396 ], [ 76.72922496, 30.38159799 ], [ 76.72828716, 30.38141997 ], [ 76.72702788, 30.38063004 ], [ 76.72598316, 30.38025996 ], [ 76.72402188, 30.37895001 ], [ 76.72276296, 30.37834899 ], [ 76.72129092, 30.37822002 ], [ 76.719832919999988, 30.37822002 ], [ 76.71926088, 30.37853097 ], [ 76.718697119999987, 30.37914099 ], [ 76.71864312, 30.38005098 ], [ 76.71849804, 30.38126904 ], [ 76.71835296, 30.38248098 ], [ 76.71752208, 30.38352003 ], [ 76.71720096, 30.38378004 ], [ 76.715073, 30.38559003 ], [ 76.71408804, 30.38686002 ], [ 76.71353112, 30.38808096 ], [ 76.71304296, 30.38936004 ], [ 76.71304296, 30.39082002 ], [ 76.71318804, 30.39155001 ], [ 76.71410388, 30.39392097 ], [ 76.714446959999989, 30.39551001 ], [ 76.71521808, 30.39726996 ], [ 76.71452292, 30.39867 ], [ 76.714026839999988, 30.39940098 ], [ 76.71389004, 30.40056 ], [ 76.71389004, 30.40152903 ], [ 76.71431016, 30.40220097 ], [ 76.71494304, 30.40237998 ], [ 76.71618684, 30.40232103 ], [ 76.717377, 30.40152903 ], [ 76.71794904, 30.40111899 ], [ 76.71871188, 30.40056 ], [ 76.71962016, 30.39994998 ], [ 76.72032216, 30.39977097 ], [ 76.72094712, 30.39957999 ], [ 76.721785919999988, 30.39940098 ], [ 76.72277088, 30.39940098 ], [ 76.72416696, 30.39963903 ], [ 76.72535712, 30.40049898 ], [ 76.72577688, 30.40098003 ], [ 76.72612788, 30.401991 ], [ 76.727043, 30.40302096 ], [ 76.72781412, 30.40302096 ], [ 76.72857696, 30.40290099 ], [ 76.72913388, 30.40259004 ], [ 76.729698, 30.402531 ], [ 76.73026284, 30.40246998 ], [ 76.73095692, 30.40259004 ], [ 76.73172804, 30.40313904 ], [ 76.73493996, 30.40539003 ], [ 76.73774004, 30.40728003 ], [ 76.73948712, 30.40862103 ], [ 76.74033384, 30.40995996 ], [ 76.74054012, 30.41124003 ], [ 76.73948712, 30.41305902 ], [ 76.73829696, 30.41449002 ], [ 76.73739588, 30.41552898 ], [ 76.736763, 30.41618004 ], [ 76.73655708, 30.41638002 ], [ 76.735863, 30.41735103 ], [ 76.73529816, 30.41844903 ], [ 76.73494716, 30.41935902 ], [ 76.73494716, 30.42027099 ], [ 76.735161, 30.42111996 ], [ 76.73655708, 30.42222003 ], [ 76.738799879999988, 30.42300996 ], [ 76.73970816, 30.42350001 ], [ 76.74041016, 30.42379998 ], [ 76.74082884, 30.42468099 ], [ 76.74134112, 30.42557901 ], [ 76.741524, 30.42590004 ], [ 76.74250788, 30.42680904 ], [ 76.74384312, 30.42741996 ], [ 76.745583, 30.42779004 ], [ 76.74735996, 30.42811602 ], [ 76.74771096, 30.428181 ], [ 76.74825312, 30.42827001 ], [ 76.75068708, 30.42827001 ], [ 76.75286112, 30.42857898 ], [ 76.75448616, 30.42910602 ] ] ] ] } },
{ "type": "Feature", "properties": { "SOIL_ID": 2065.0, "S_FORM": "Level", "P_MATERIAL": "Alluvium", "SOIL_DEPTH": "Deep", "S_P_SIZE": "Fine-Loamy", "M_CLASS": "Mixed", "C_CLASS": "Moderate", "S_T_REGIM": "Hyperthermic", "S_R_CLASS": "Slightly Alkaline", "S_D_CLASS": "Moderately Well", "G_W_DEPTH": "Moderately Deep", "C_LAYER": "Data Not Available", "S_TEXTURE": "Loamy", "SL_CLASS": "Very Gently Sloping", "ER_CLASS": "Slight", "CLASS": "Nil", "SODI_CLASS": "Nil", "SUR_STONE": "Nil To Slight", "FLOODING": "Nil", "S_TAXO": "Fluventic Ustochrepts", "S_REGION": "Soils of Alluvial Plains", "S_SUB_REG": "Alluvial Plains", "LANDSCAPE": "Aab1" }, "geometry": { "type": "MultiPolygon", "coordinates": [ [ [ [ 76.91313888, 30.36202596 ], [ 76.913712, 30.36535803 ], [ 76.91698512, 30.37272102 ], [ 76.92228684, 30.39170301 ], [ 76.924941839999988, 30.39933402 ], [ 76.926033, 30.39954903 ], [ 76.92748992, 30.40033896 ], [ 76.92868008, 30.40076997 ], [ 76.930641, 30.40101099 ], [ 76.93211412, 30.40107003 ], [ 76.933577879999987, 30.40107003 ], [ 76.93476912, 30.40101099 ], [ 76.93595892, 30.40039998 ], [ 76.93694316, 30.39966999 ], [ 76.938057, 30.39827004 ], [ 76.93910208, 30.39712002 ], [ 76.94120016, 30.39607998 ], [ 76.94267292, 30.39516999 ], [ 76.94386308, 30.39401097 ], [ 76.943916, 30.39267897 ], [ 76.943916, 30.39114996 ], [ 76.94349696, 30.38982003 ], [ 76.94259588, 30.388599 ], [ 76.94056692, 30.38573997 ], [ 76.93679016, 30.38287896 ], [ 76.93289892, 30.37991004 ], [ 76.93167888, 30.37898097 ], [ 76.931373959999988, 30.37882203 ], [ 76.92616296, 30.37611996 ], [ 76.92489612, 30.37484898 ], [ 76.92455304, 30.37392999 ], [ 76.92418692, 30.37284099 ], [ 76.92371388, 30.37144104 ], [ 76.92328584, 30.37039902 ], [ 76.92223392, 30.36960999 ], [ 76.92209604, 30.36912903 ], [ 76.92076908, 30.36790998 ], [ 76.92056316, 30.36669003 ], [ 76.92014304, 30.36535101 ], [ 76.91929596, 30.36444102 ], [ 76.918457159999988, 30.363831 ], [ 76.917618, 30.36333996 ], [ 76.915870919999989, 30.36297996 ], [ 76.91481792, 30.36249 ], [ 76.91348988, 30.36212901 ], [ 76.91313888, 30.36202596 ] ] ] ] } },
{ "type": "Feature", "properties": { "SOIL_ID": 2074.0, "S_FORM": "Level", "P_MATERIAL": "Alluvium", "SOIL_DEPTH": "Deep", "S_P_SIZE": "Fine-Loamy", "M_CLASS": "Mixed", "C_CLASS": "Calcareous", "S_T_REGIM": "Hyperthermic", "S_R_CLASS": "Slightly Alkaline", "S_D_CLASS": "Well", "G_W_DEPTH": "Deep", "C_LAYER": "Data Not Available", "S_TEXTURE": "Loamy", "SL_CLASS": "Very Gently Sloping", "ER_CLASS": "Slight Nil To Slight", "CLASS": "Nil", "SODI_CLASS": "Nil", "SUR_STONE": "Nil To Slight", "FLOODING": "Nil", "S_TAXO": "Fluventic Ustochrepts", "S_REGION": "Soils of Alluvial Plains", "S_SUB_REG": "Recent Flood Plains", "LANDSCAPE": "Aab5" }, "geometry": { "type": "MultiPolygon", "coordinates": [ [ [ [ 76.72086288, 30.22937001 ], [ 76.72879008, 30.23676504 ], [ 76.74852816, 30.24947898 ], [ 76.76327484, 30.26193003 ], [ 76.76964612, 30.268017 ], [ 76.771683, 30.27252402 ], [ 76.774887, 30.27833397 ], [ 76.77977796, 30.28661298 ], [ 76.78853604, 30.29895396 ], [ 76.79896488, 30.31303203 ], [ 76.809204, 30.32419797 ], [ 76.81139388, 30.32753796 ], [ 76.81226292, 30.33205002 ], [ 76.81214088, 30.33700596 ], [ 76.81165308, 30.33890298 ], [ 76.80853296, 30.34329399 ], [ 76.79578392, 30.35181798 ], [ 76.78601784, 30.35828601 ], [ 76.770126, 30.367701 ], [ 76.76632692, 30.37136697 ], [ 76.76585388, 30.37443003 ], [ 76.76588412, 30.377781 ], [ 76.76605188, 30.37851 ], [ 76.76741016, 30.38141601 ], [ 76.769431919999988, 30.38446602 ], [ 76.77227808, 30.386637 ], [ 76.77544392, 30.38763798 ], [ 76.780602, 30.387609 ], [ 76.80538188, 30.38586804 ], [ 76.83017004, 30.38529204 ], [ 76.845962879999988, 30.38403897 ], [ 76.852271879999989, 30.38181696 ], [ 76.856247, 30.38004702 ], [ 76.865181119999988, 30.37358304 ], [ 76.86567684, 30.37299696 ], [ 76.88233188, 30.35440296 ], [ 76.87256616, 30.341187 ], [ 76.85810892, 30.32202897 ], [ 76.84954092, 30.31260498 ], [ 76.83212988, 30.29914701 ], [ 76.821075, 30.29002803 ], [ 76.80496212, 30.27335697 ], [ 76.78836792, 30.25785402 ], [ 76.77446004, 30.24598104 ], [ 76.75791192, 30.23718498 ], [ 76.748069879999989, 30.23330301 ], [ 76.73573304, 30.23045703 ], [ 76.72086288, 30.22937001 ] ] ] ] } },
{ "type": "Feature", "properties": { "SOIL_ID": 2089.0, "S_FORM": "Level", "P_MATERIAL": "Alluvium", "SOIL_DEPTH": "Deep", "S_P_SIZE": "Coarse-Loamy", "M_CLASS": "Mixed", "C_CLASS": "Calcareous", "S_T_REGIM": "Hyperthermic", "S_R_CLASS": "Slightly Alkaline", "S_D_CLASS": "Well", "G_W_DEPTH": "Deep", "C_LAYER": "Data Not Available", "S_TEXTURE": "Loamy", "SL_CLASS": "Level to Nearly Level", "ER_CLASS": "Slight Nil To Slight", "CLASS": "Nil", "SODI_CLASS": "Nil", "SUR_STONE": "Nil To Slight", "FLOODING": "Nil", "S_TAXO": "Typic Ustifluvents", "S_REGION": "Soils of Alluvial Plains", "S_SUB_REG": "Recent Flood Plains", "LANDSCAPE": "Aab2" }, "geometry": { "type": "MultiPolygon", "coordinates": [ [ [ [ 76.983897073023911, 30.349513620685222 ], [ 76.983878873154282, 30.348611750582101 ], [ 76.983860674107717, 30.347709880344585 ], [ 76.983842475884174, 30.346808009972662 ], [ 76.983824278483638, 30.345906139466333 ], [ 76.983806081906039, 30.345004268825612 ], [ 76.983787886151404, 30.344102398050477 ], [ 76.983769691219663, 30.343200527140958 ], [ 76.983751497110774, 30.34229865609705 ], [ 76.983733303824749, 30.341396784918746 ], [ 76.983715111361519, 30.340494913606072 ], [ 76.983696919721069, 30.339593042158985 ], [ 76.983678728903342, 30.338691170577533 ], [ 76.983660538908353, 30.337789298861697 ], [ 76.98364234973603, 30.336887427011497 ], [ 76.983624161386359, 30.335985555026902 ], [ 76.983605973859312, 30.335083682907957 ], [ 76.983587787154846, 30.334181810654638 ], [ 76.983569601272933, 30.333279938266955 ], [ 76.983551416213544, 30.332378065744898 ], [ 76.983533231976651, 30.331476193088491 ], [ 76.983515048562211, 30.330574320297742 ], [ 76.98349686597021, 30.329672447372619 ], [ 76.983478684200605, 30.328770574313147 ], [ 76.983460503253355, 30.327868701119325 ], [ 76.983442323128443, 30.326966827791157 ], [ 76.983424143825843, 30.326064954328658 ], [ 76.983405965345511, 30.325163080731809 ], [ 76.983387787687406, 30.324261207000625 ], [ 76.983369610851526, 30.323359333135105 ], [ 76.983351434837829, 30.322457459135247 ], [ 76.983333259646272, 30.321555585001065 ], [ 76.983315085276814, 30.320653710732554 ], [ 76.98329691172944, 30.319751836329715 ], [ 76.983278739004135, 30.318849961792566 ], [ 76.983260567100842, 30.317948087121085 ], [ 76.983242396019534, 30.317046212315297 ], [ 76.983224225760182, 30.316144337375185 ], [ 76.983206056322757, 30.315242462300766 ], [ 76.983187887707246, 30.314340587092044 ], [ 76.983169719913576, 30.313438711749022 ], [ 76.983151552941735, 30.312536836271683 ], [ 76.983133386791692, 30.311634960660054 ], [ 76.983115221463436, 30.310733084914112 ], [ 76.983097056956908, 30.309831209033902 ], [ 76.983078893272079, 30.308929333019385 ], [ 76.983060730408937, 30.308027456870587 ], [ 76.983042568367424, 30.307125580587496 ], [ 76.983024407147525, 30.306223704170119 ], [ 76.983006246749213, 30.305321827618457 ], [ 76.982988087172444, 30.304419950932523 ], [ 76.982969928417191, 30.303518074112322 ], [ 76.982951770483425, 30.302616197157839 ], [ 76.982933613371117, 30.301714320069085 ], [ 76.982915457080225, 30.300812442846066 ], [ 76.982897301610734, 30.29991056548878 ], [ 76.982879146962603, 30.299008687997226 ], [ 76.982860993135787, 30.298106810371436 ], [ 76.982842840130274, 30.297204932611372 ], [ 76.982824687946035, 30.296303054717058 ], [ 76.982806536583013, 30.295401176688497 ], [ 76.982788386041207, 30.294499298525668 ], [ 76.982770236320576, 30.293597420228615 ], [ 76.982752087421062, 30.292695541797318 ], [ 76.982733939342694, 30.291793663231775 ], [ 76.982715792085386, 30.290891784531997 ], [ 76.982698262299436, 30.290020553251448 ], [ 76.97150388, 30.29295501 ], [ 76.96543104, 30.29400396 ], [ 76.960503, 30.29365197 ], [ 76.956000839999987, 30.29304096 ], [ 76.95236988, 30.29154003 ], [ 76.95032508, 30.28977396 ], [ 76.95002016, 30.28736304 ], [ 76.95100404, 30.28431303 ], [ 76.95084384, 30.28190202 ], [ 76.95024912, 30.28000302 ], [ 76.94892108, 30.27759696 ], [ 76.947166079999988, 30.275703 ], [ 76.94352684, 30.27382101 ], [ 76.94019288, 30.27307698 ], [ 76.93627896, 30.27310002 ], [ 76.931786159999987, 30.27312504 ], [ 76.927307039999988, 30.27454596 ], [ 76.923981, 30.27469104 ], [ 76.92121908, 30.27381696 ], [ 76.91510016, 30.26953701 ], [ 76.913208, 30.26853198 ], [ 76.91015592, 30.26816703 ], [ 76.90712004, 30.26869398 ], [ 76.90395384, 30.27086802 ], [ 76.90106988, 30.27253302 ], [ 76.89875004, 30.27267504 ], [ 76.89585096, 30.27231 ], [ 76.893669, 30.27143502 ], [ 76.890762, 30.27005397 ], [ 76.88711484, 30.26753604 ], [ 76.88317104, 30.26311704 ], [ 76.87585404, 30.25490796 ], [ 76.87016316, 30.24960696 ], [ 76.86054216, 30.24306099 ], [ 76.85121888, 30.236769 ], [ 76.849036919999989, 30.23589096 ], [ 76.84339104, 30.23558802 ], [ 76.84326216, 30.23612397 ], [ 76.842780839999989, 30.23845902 ], [ 76.84213284, 30.24079299 ], [ 76.84423812, 30.25346202 ], [ 76.84647408, 30.26234097 ], [ 76.849533, 30.27062997 ], [ 76.861136879999989, 30.28587003 ], [ 76.87593108, 30.30385797 ], [ 76.881553919999988, 30.31267203 ], [ 76.89268512, 30.31826598 ], [ 76.91489388, 30.32805303 ], [ 76.94577, 30.33953901 ], [ 76.96444716, 30.34541097 ], [ 76.983902546878738, 30.349784857904815 ], [ 76.983897073023911, 30.349513620685222 ] ] ] ] } },
{ "type": "Feature", "properties": { "SOIL_ID": 2090.0, "S_FORM": "Level", "P_MATERIAL": "Alluvium", "SOIL_DEPTH": "Deep", "S_P_SIZE": "Fine-Loamy", "M_CLASS": "Mixed", "C_CLASS": "Moderate", "S_T_REGIM": "Hyperthermic", "S_R_CLASS": "Slightly Alkaline", "S_D_CLASS": "Moderately Well", "G_W_DEPTH": "Moderately Deep", "C_LAYER": "Data Not Available", "S_TEXTURE": "Loamy", "SL_CLASS": "Very Gently Sloping", "ER_CLASS": "Slight", "CLASS": "Nil", "SODI_CLASS": "Nil", "SUR_STONE": "Nil To Slight", "FLOODING": "Nil", "S_TAXO": "Fluventic Ustochrepts", "S_REGION": "Soils of Alluvial Plains", "S_SUB_REG": "Alluvial Plains", "LANDSCAPE": "Aab1" }, "geometry": { "type": "MultiPolygon", "coordinates": [ [ [ [ 76.61576088, 30.27091203 ], [ 76.628166119999989, 30.284451 ], [ 76.63388796, 30.29042196 ], [ 76.66764084, 30.30712902 ], [ 76.67202816, 30.30979698 ], [ 76.67490384, 30.31305102 ], [ 76.67720784, 30.31793001 ], [ 76.67997696, 30.32279604 ], [ 76.68579096, 30.33171099 ], [ 76.69545012, 30.34532196 ], [ 76.70146896, 30.35101698 ], [ 76.71933684, 30.36636702 ], [ 76.72045104, 30.36707496 ], [ 76.720443839999987, 30.36691998 ], [ 76.720383, 30.36601998 ], [ 76.72052016, 30.36510999 ], [ 76.72142808, 30.36444102 ], [ 76.72318308, 30.36327903 ], [ 76.72400712, 30.36261897 ], [ 76.725196919999988, 30.36195 ], [ 76.72653216, 30.36169998 ], [ 76.72712688, 30.36182004 ], [ 76.72744008, 30.36189096 ], [ 76.72814208, 30.36224898 ], [ 76.728699, 30.36285999 ], [ 76.72946904, 30.36376998 ], [ 76.730171039999988, 30.36455901 ], [ 76.73087304, 30.36499002 ], [ 76.731918119999989, 30.36584097 ], [ 76.73262012, 30.36621096 ], [ 76.733597159999988, 30.36681 ], [ 76.734497159999989, 30.36747897 ], [ 76.73520708, 30.36797001 ], [ 76.73597712, 30.36864096 ], [ 76.73695416, 30.36912903 ], [ 76.73828112, 30.36918996 ], [ 76.74004404, 30.36887901 ], [ 76.74088284, 30.36827097 ], [ 76.74192, 30.36767004 ], [ 76.74282792, 30.36772899 ], [ 76.74401916, 30.36767004 ], [ 76.745277, 30.36729996 ], [ 76.74624612, 30.36632904 ], [ 76.74716916, 30.36535101 ], [ 76.748077079999987, 30.36413997 ], [ 76.74904584, 30.36297996 ], [ 76.74996204, 30.36189096 ], [ 76.75050384, 30.36053097 ], [ 76.750587, 30.36030003 ], [ 76.75051896, 30.35957004 ], [ 76.75038108, 30.35872098 ], [ 76.75038108, 30.35792898 ], [ 76.750869959999989, 30.35750004 ], [ 76.75142688, 30.35714004 ], [ 76.75212888, 30.35683098 ], [ 76.75261704, 30.35592099 ], [ 76.75247988, 30.35519001 ], [ 76.75184592, 30.35457999 ], [ 76.750869959999989, 30.35378997 ], [ 76.74974784, 30.35318004 ], [ 76.74848892, 30.35250999 ], [ 76.747932, 30.35190996 ], [ 76.74688008, 30.35057103 ], [ 76.74645996, 30.35001897 ], [ 76.74548292, 30.34940904 ], [ 76.74421716, 30.34910997 ], [ 76.74260688, 30.34844001 ], [ 76.742049959999989, 30.34794996 ], [ 76.74141708, 30.34746 ], [ 76.74008904, 30.34684899 ], [ 76.73911308, 30.34643004 ], [ 76.738564079999989, 30.34643004 ], [ 76.73638896, 30.34649097 ], [ 76.734916919999989, 30.34691001 ], [ 76.734253079999988, 30.34704996 ], [ 76.734009, 30.34709901 ], [ 76.73310108, 30.34691001 ], [ 76.73232996, 30.34649097 ], [ 76.73191092, 30.34581903 ], [ 76.731354, 30.34497096 ], [ 76.72904208, 30.34240902 ], [ 76.72875984, 30.34118997 ], [ 76.72875984, 30.34028097 ], [ 76.729248, 30.33980001 ], [ 76.73001912, 30.33900099 ], [ 76.73021712, 30.33785097 ], [ 76.73008716, 30.33717903 ], [ 76.72931712, 30.33639 ], [ 76.72721904, 30.335409 ], [ 76.725677159999989, 30.33437904 ], [ 76.724487, 30.33352998 ], [ 76.72351104, 30.332979 ], [ 76.72245804, 30.332979 ], [ 76.721832, 30.33315999 ], [ 76.72057308, 30.33389097 ], [ 76.72009284, 30.33414099 ], [ 76.71903192, 30.334869 ], [ 76.71811716, 30.335409 ], [ 76.71721608, 30.33559998 ], [ 76.71630888, 30.33529101 ], [ 76.71607992, 30.33482904 ], [ 76.71568284, 30.33400896 ], [ 76.71434796, 30.33146097 ], [ 76.712936039999988, 30.32817102 ], [ 76.71231792, 30.32597898 ], [ 76.71132684, 30.32513001 ], [ 76.71015216, 30.32451999 ], [ 76.70805408, 30.32482896 ], [ 76.70658096, 30.32543898 ], [ 76.704697079999988, 30.32634897 ], [ 76.703949, 30.32667 ], [ 76.70371212, 30.32677098 ], [ 76.70245392, 30.32720001 ], [ 76.70126304, 30.32725896 ], [ 76.700493, 30.32658999 ], [ 76.69972188, 30.324699 ], [ 76.69937916, 30.32349003 ], [ 76.698387, 30.32183997 ], [ 76.69756296, 30.32081001 ], [ 76.69642608, 30.32069004 ], [ 76.69558692, 30.32110998 ], [ 76.69461816, 30.32183997 ], [ 76.693779, 30.32263899 ], [ 76.69273392, 30.32366904 ], [ 76.69188684, 30.324699 ], [ 76.69188684, 30.32471097 ], [ 76.69140588, 30.32562096 ], [ 76.69056708, 30.32615997 ], [ 76.69000188, 30.32629002 ], [ 76.68937692, 30.32592003 ], [ 76.688744039999989, 30.32562096 ], [ 76.688667, 30.325581 ], [ 76.687896959999989, 30.32525097 ], [ 76.68742392, 30.32482896 ], [ 76.68692784, 30.32409996 ], [ 76.686363, 30.32336997 ], [ 76.68566892, 30.32257104 ], [ 76.68518112, 30.32191098 ], [ 76.68433404, 30.32110998 ], [ 76.68348696, 30.32019999 ], [ 76.68343404, 30.31979004 ], [ 76.683357, 30.31929 ], [ 76.68363996, 30.31850097 ], [ 76.68440208, 30.31788996 ], [ 76.68573804, 30.31771104 ], [ 76.68608112, 30.31666902 ], [ 76.68656892, 30.31570098 ], [ 76.68656892, 30.31485003 ], [ 76.686363, 30.31356996 ], [ 76.685661, 30.31259904 ], [ 76.684959, 30.31162101 ], [ 76.68408996, 30.31077996 ], [ 76.68376884, 30.31045902 ], [ 76.68279288, 30.30931098 ], [ 76.681953, 30.30851898 ], [ 76.681053, 30.30791103 ], [ 76.68041184, 30.30730101 ], [ 76.67971812, 30.30651099 ], [ 76.67964216, 30.30578001 ], [ 76.679916119999987, 30.30505002 ], [ 76.68063396, 30.30444 ], [ 76.68132012, 30.30377004 ], [ 76.68138888, 30.30267897 ], [ 76.68118296, 30.30231096 ], [ 76.67788716, 30.300489 ], [ 76.676910119999988, 30.30030099 ], [ 76.67565192, 30.30036003 ], [ 76.67446896, 30.300489 ], [ 76.67312616, 30.30055002 ], [ 76.67188308, 30.30096996 ], [ 76.67104284, 30.30139899 ], [ 76.67012808, 30.30201 ], [ 76.669434, 30.30261003 ], [ 76.66866288, 30.30341004 ], [ 76.66816716, 30.30400998 ], [ 76.66789212, 30.30434001 ], [ 76.66734312, 30.30499098 ], [ 76.66663392, 30.30547896 ], [ 76.66544304, 30.30511104 ], [ 76.66507692, 30.30480999 ], [ 76.66397892, 30.30389001 ], [ 76.662216, 30.30242904 ], [ 76.66089588, 30.30109002 ], [ 76.65978996, 30.30092001 ], [ 76.659714, 30.30091101 ], [ 76.65873012, 30.30055002 ], [ 76.65544116, 30.29820102 ], [ 76.651450919999988, 30.29369904 ], [ 76.648857119999988, 30.29077899 ], [ 76.64362308, 30.28779999 ], [ 76.64193684, 30.28590999 ], [ 76.640456879999988, 30.28475997 ], [ 76.63906908, 30.28457097 ], [ 76.63836708, 30.28457097 ], [ 76.63774104, 30.28482099 ], [ 76.63732092, 30.285549 ], [ 76.637176919999987, 30.286341 ], [ 76.637176919999987, 30.28725099 ], [ 76.637176919999987, 30.28846896 ], [ 76.63662, 30.28943997 ], [ 76.63522284, 30.28949901 ], [ 76.63477284, 30.28914999 ], [ 76.634376839999987, 30.28883004 ], [ 76.63229388, 30.28506102 ], [ 76.632072119999989, 30.28305096 ], [ 76.63152312, 30.28123098 ], [ 76.63060008, 30.27890997 ], [ 76.63066884, 30.27757104 ], [ 76.63046292, 30.27592998 ], [ 76.62969216, 30.27490002 ], [ 76.627937159999988, 30.27380004 ], [ 76.62705192, 30.27325104 ], [ 76.62696084, 30.27319002 ], [ 76.62640392, 30.27257901 ], [ 76.62634308, 30.27160998 ], [ 76.626747, 30.27033 ], [ 76.627449, 30.26899899 ], [ 76.62737988, 30.26796003 ], [ 76.62689208, 30.26692998 ], [ 76.625556839999987, 30.26594898 ], [ 76.62394692, 30.26503899 ], [ 76.62227616, 30.26448999 ], [ 76.62074292, 30.26473002 ], [ 76.61982708, 30.26565 ], [ 76.618851119999988, 30.26685897 ], [ 76.61794284, 30.26771901 ], [ 76.617798119999989, 30.26833002 ], [ 76.61730996, 30.26935998 ], [ 76.61695896, 30.27014901 ], [ 76.61657016, 30.27045996 ], [ 76.616051039999988, 30.27087999 ], [ 76.61576088, 30.27091203 ] ] ] ] } },
{ "type": "Feature", "properties": { "SOIL_ID": 2092.0, "S_FORM": "Level", "P_MATERIAL": "Alluvium", "SOIL_DEPTH": "Deep", "S_P_SIZE": "Coarse-Loamy", "M_CLASS": "Mixed", "C_CLASS": "Calcareous", "S_T_REGIM": "Hyperthermic", "S_R_CLASS": "Slightly Alkaline", "S_D_CLASS": "Well", "G_W_DEPTH": "Moderately Deep", "C_LAYER": "Data Not Available", "S_TEXTURE": "Loamy", "SL_CLASS": "Level to Nearly Level", "ER_CLASS": "Slight Nil To Slight", "CLASS": "Nil", "SODI_CLASS": "Nil", "SUR_STONE": "Nil To Slight", "FLOODING": "Moderate", "S_TAXO": "Typic Ustifluvents", "S_REGION": "Soils of Alluvial Plains", "S_SUB_REG": "Active Flood Plains", "LANDSCAPE": "Aaa2" }, "geometry": { "type": "MultiPolygon", "coordinates": [ [ [ [ 76.72086288, 30.22937001 ], [ 76.73573304, 30.23045703 ], [ 76.748069879999989, 30.23330301 ], [ 76.75791192, 30.23718498 ], [ 76.77446004, 30.24598104 ], [ 76.78836792, 30.25785402 ], [ 76.80496212, 30.27335697 ], [ 76.821075, 30.29002803 ], [ 76.83212988, 30.29914701 ], [ 76.84954092, 30.31260498 ], [ 76.85810892, 30.32202897 ], [ 76.87256616, 30.341187 ], [ 76.88233188, 30.35440296 ], [ 76.883506919999988, 30.35599101 ], [ 76.892997959999988, 30.36827304 ], [ 76.892997959999988, 30.36827097 ], [ 76.89446316, 30.36693996 ], [ 76.89726288, 30.36438 ], [ 76.897728, 30.36366999 ], [ 76.89971196, 30.36067002 ], [ 76.90044384, 30.35988603 ], [ 76.89782016, 30.35355003 ], [ 76.89728484, 30.35226996 ], [ 76.88919816, 30.33708201 ], [ 76.88900808, 30.336723 ], [ 76.88379708, 30.33033903 ], [ 76.881096, 30.32569098 ], [ 76.874862959999987, 30.31610697 ], [ 76.865814, 30.30828696 ], [ 76.85692596, 30.30003 ], [ 76.84854084, 30.29162202 ], [ 76.83496092, 30.27931002 ], [ 76.82975784, 30.27350997 ], [ 76.82769792, 30.26579697 ], [ 76.82585112, 30.26347497 ], [ 76.82317416, 30.26159703 ], [ 76.81014288, 30.25554696 ], [ 76.80060612, 30.24904302 ], [ 76.78787184, 30.23832897 ], [ 76.77934992, 30.23385804 ], [ 76.771332, 30.22967502 ], [ 76.745300039999989, 30.22020297 ], [ 76.74413292, 30.21977196 ], [ 76.72895784, 30.21577596 ], [ 76.71595788, 30.21337098 ], [ 76.70397888, 30.21343803 ], [ 76.69033092, 30.21249402 ], [ 76.68278496, 30.212217 ], [ 76.67651412, 30.21198804 ], [ 76.67102088, 30.21172704 ], [ 76.66468812, 30.21045102 ], [ 76.651886159999989, 30.20428503 ], [ 76.65068088, 30.20486103 ], [ 76.648857119999988, 30.20523102 ], [ 76.645287, 30.206079 ], [ 76.642776, 30.20717997 ], [ 76.640861879999989, 30.20732703 ], [ 76.640823, 30.20733099 ], [ 76.63558212, 30.20772897 ], [ 76.62703716, 30.20706 ], [ 76.62319884, 30.206934 ], [ 76.639785839999988, 30.21685803 ], [ 76.65212988, 30.22130601 ], [ 76.66197192, 30.22401996 ], [ 76.67179884, 30.22513002 ], [ 76.70458188, 30.22640397 ], [ 76.71908592, 30.22923897 ], [ 76.72086288, 30.22937001 ] ] ] ] } },
{ "type": "Feature", "properties": { "SOIL_ID": 2124.0, "S_FORM": "Level", "P_MATERIAL": "Alluvium", "SOIL_DEPTH": "Deep", "S_P_SIZE": "Fine-Loamy", "M_CLASS": "Mixed", "C_CLASS": "Non-Calcareous", "S_T_REGIM": "Hyperthermic", "S_R_CLASS": "Slightly Alkaline", "S_D_CLASS": "Well", "G_W_DEPTH": "Deep", "C_LAYER": "Data Not Available", "S_TEXTURE": "Loamy", "SL_CLASS": "Level to Nearly Level", "ER_CLASS": "Slight Nil To Slight", "CLASS": "Nil", "SODI_CLASS": "Nil", "SUR_STONE": "Nil To Slight", "FLOODING": "Nil", "S_TAXO": "Typic Ustochrepts", "S_REGION": "Soils of Alluvial Plains", "S_SUB_REG": "Old Alluvial Plains", "LANDSCAPE": "Aac2" }, "geometry": { "type": "MultiPolygon", "coordinates": [ [ [ [ 76.981393257915045, 30.225054277056497 ], [ 76.981375171330498, 30.224152388430706 ], [ 76.981357085564696, 30.223250499670865 ], [ 76.981339000617581, 30.222348610777004 ], [ 76.981320916489139, 30.221446721749111 ], [ 76.981302833179342, 30.220544832587201 ], [ 76.981284750688133, 30.219642943291262 ], [ 76.981266669015525, 30.218741053861308 ], [ 76.981248588161435, 30.217839164297324 ], [ 76.981230508125861, 30.216937274599339 ], [ 76.981212428908762, 30.216035384767348 ], [ 76.981194350510108, 30.21513349480135 ], [ 76.981176272929886, 30.214231604701332 ], [ 76.981158196168039, 30.21332971446731 ], [ 76.981140120224552, 30.212427824099283 ], [ 76.981122045099383, 30.211525933597276 ], [ 76.981103970792503, 30.210624042961264 ], [ 76.981085897303899, 30.209722152191265 ], [ 76.981067824633513, 30.208820261287261 ], [ 76.981049752781317, 30.207918370249288 ], [ 76.981031681747311, 30.207016479077314 ], [ 76.981013611531424, 30.206114587771378 ], [ 76.980995542133641, 30.205212696331454 ], [ 76.980977473553949, 30.204310804757558 ], [ 76.980959405792305, 30.203408913049675 ], [ 76.980941338848652, 30.202507021207829 ], [ 76.980923272722976, 30.201605129232021 ], [ 76.980905207415262, 30.200703237122237 ], [ 76.980887142925468, 30.199801344878512 ], [ 76.980869079253551, 30.1988994525008 ], [ 76.980851016399484, 30.197997559989155 ], [ 76.980832954363251, 30.19709566734354 ], [ 76.980814893144824, 30.196193774563977 ], [ 76.980796832744133, 30.195291881650462 ], [ 76.980778773161191, 30.194389988603 ], [ 76.980760714395956, 30.193488095421614 ], [ 76.980742656448371, 30.19258620210627 ], [ 76.980724599318421, 30.191684308656995 ], [ 76.980706543006107, 30.190782415073773 ], [ 76.980688487511344, 30.189880521356628 ], [ 76.980670432834131, 30.188978627505549 ], [ 76.980652378974412, 30.188076733520557 ], [ 76.980634325932201, 30.187174839401631 ], [ 76.980616273707426, 30.186272945148779 ], [ 76.980598222300074, 30.185371050762019 ], [ 76.980580171710116, 30.184469156241338 ], [ 76.980562121937524, 30.183567261586738 ], [ 76.980544072982241, 30.182665366798236 ], [ 76.980526024844252, 30.181763471875826 ], [ 76.98050797752353, 30.180861576819506 ], [ 76.98048993102006, 30.179959681629274 ], [ 76.980471885333756, 30.179057786305155 ], [ 76.980453840464648, 30.17815589084714 ], [ 76.980435796412678, 30.177253995255224 ], [ 76.980417753177804, 30.176352099529424 ], [ 76.980399710760011, 30.175450203669737 ], [ 76.980381669159271, 30.174548307676154 ], [ 76.980363628375528, 30.173646411548695 ], [ 76.980345588408781, 30.172744515287349 ], [ 76.980327549258988, 30.171842618892125 ], [ 76.980309510926119, 30.170940722363039 ], [ 76.980291473410134, 30.170038825700072 ], [ 76.980273436711016, 30.169136928903228 ], [ 76.98025540082871, 30.168235031972532 ], [ 76.980237365763216, 30.167333134907967 ], [ 76.98021933151449, 30.166431237709535 ], [ 76.980201298082491, 30.165529340377248 ], [ 76.98018326546719, 30.164627442911108 ], [ 76.980165233668572, 30.163725545311102 ], [ 76.980147202686595, 30.162823647577262 ], [ 76.980129172521217, 30.161921749709563 ], [ 76.980111143172422, 30.161019851708026 ], [ 76.980093114640184, 30.160117953572644 ], [ 76.980075086924472, 30.159216055303421 ], [ 76.980057060025231, 30.158314156900349 ], [ 76.980039033942447, 30.157412258363461 ], [ 76.98002100867609, 30.156510359692742 ], [ 76.980002984226104, 30.155608460888192 ], [ 76.979984960592503, 30.154706561949812 ], [ 76.979966937775245, 30.153804662877619 ], [ 76.979948915774258, 30.152902763671591 ], [ 76.979930894589543, 30.152000864331754 ], [ 76.979912874221085, 30.151098964858097 ], [ 76.979894854668814, 30.150197065250634 ], [ 76.979876835932728, 30.149295165509368 ], [ 76.979858818012787, 30.148393265634287 ], [ 76.97984080090896, 30.147491365625388 ], [ 76.97982278462122, 30.146589465482702 ], [ 76.97980476914951, 30.14568756520621 ], [ 76.979786754493844, 30.144785664795936 ], [ 76.979768740654151, 30.143883764251857 ], [ 76.979750727630417, 30.142981863573993 ], [ 76.979732715422614, 30.142079962762335 ], [ 76.979714704030712, 30.141178061816902 ], [ 76.979696693454656, 30.140276160737681 ], [ 76.979678683694459, 30.139374259524683 ], [ 76.97966067475005, 30.138472358177907 ], [ 76.979642666621416, 30.137570456697365 ], [ 76.979624659308527, 30.136668555083038 ], [ 76.979606652811341, 30.13576665333494 ], [ 76.97958864712983, 30.134864751453094 ], [ 76.97957064226398, 30.13396284943747 ], [ 76.979552638213733, 30.133060947288094 ], [ 76.979534634979075, 30.132159045004954 ], [ 76.979516632559978, 30.131257142588062 ], [ 76.9794986309564, 30.130355240037421 ], [ 76.979480630168311, 30.129453337353027 ], [ 76.979462630195698, 30.128551434534899 ], [ 76.97944463103849, 30.12764953158301 ], [ 76.9794266326967, 30.126747628497384 ], [ 76.979408635170273, 30.125845725278015 ], [ 76.979390638459193, 30.124943821924926 ], [ 76.979372642563405, 30.124041918438085 ], [ 76.97936026404787, 30.123421513990547 ], [ 76.97711916, 30.12352002 ], [ 76.97278584, 30.12296103 ], [ 76.95710784, 30.11823801 ], [ 76.95210312, 30.11651802 ], [ 76.94744112, 30.11566896 ], [ 76.94277984, 30.11554899 ], [ 76.93663788, 30.11733198 ], [ 76.91907492, 30.12690402 ], [ 76.914168839999988, 30.13728003 ], [ 76.91122404, 30.14356203 ], [ 76.908249, 30.159945 ], [ 76.90853088, 30.16019196 ], [ 76.919105879999989, 30.17106396 ], [ 76.92045588, 30.17382597 ], [ 76.92149412, 30.17819196 ], [ 76.922874, 30.18459699 ], [ 76.92507216, 30.18852 ], [ 76.93145784, 30.19664601 ], [ 76.94389296, 30.211443 ], [ 76.95159084, 30.21737499 ], [ 76.958786159999988, 30.22228998 ], [ 76.96479816, 30.22444197 ], [ 76.97096316, 30.22528302 ], [ 76.981402525914106, 30.225516405398363 ], [ 76.981393257915045, 30.225054277056497 ] ] ] ] } },
{ "type": "Feature", "properties": { "SOIL_ID": 2125.0, "S_FORM": "Level", "P_MATERIAL": "Alluvium", "SOIL_DEPTH": "Deep", "S_P_SIZE": "Fine-Loamy", "M_CLASS": "Mixed", "C_CLASS": "Calcareous", "S_T_REGIM": "Hyperthermic", "S_R_CLASS": "Slightly Alkaline", "S_D_CLASS": "Moderately Well", "G_W_DEPTH": "Deep", "C_LAYER": "Data Not Available", "S_TEXTURE": "Loamy", "SL_CLASS": "Level to Nearly Level", "ER_CLASS": "Slight Nil To Slight", "CLASS": "Slight Saline Limited Extent", "SODI_CLASS": "Slight Sodic Limited Extent", "SUR_STONE": "Nil To Slight", "FLOODING": "Moderate", "S_TAXO": "Typic Ustochrepts", "S_REGION": "Soils of Alluvial Plains", "S_SUB_REG": "Recent Flood Plains", "LANDSCAPE": "Aab2" }, "geometry": { "type": "MultiPolygon", "coordinates": [ [ [ [ 76.662143015046752, 30.083328927349967 ], [ 76.661105753411817, 30.083342044372895 ], [ 76.660068491093455, 30.083355153214985 ], [ 76.659031228092061, 30.083368253876234 ], [ 76.65799396440805, 30.083381346356621 ], [ 76.656956700041874, 30.083394430656121 ], [ 76.655919434993947, 30.083407506774716 ], [ 76.654882169264681, 30.083420574712395 ], [ 76.65384490285453, 30.083433634469127 ], [ 76.652807635763907, 30.083446686044901 ], [ 76.651770367993237, 30.083459729439696 ], [ 76.650733099542947, 30.083472764653486 ], [ 76.649695830413464, 30.083485791686268 ], [ 76.648658560605213, 30.083498810538007 ], [ 76.647621290118636, 30.083511821208685 ], [ 76.646584018954115, 30.083524823698298 ], [ 76.645546747112121, 30.083537818006803 ], [ 76.644509474593065, 30.083550804134205 ], [ 76.643472201397358, 30.083563782080468 ], [ 76.642434927525457, 30.08357675184558 ], [ 76.641397652977759, 30.083589713429525 ], [ 76.640360377754718, 30.083602666832281 ], [ 76.639323101856718, 30.083615612053819 ], [ 76.638285825284228, 30.083628549094133 ], [ 76.637248548037647, 30.083641477953201 ], [ 76.636211270117414, 30.083654398631005 ], [ 76.635173991523956, 30.08366731112752 ], [ 76.634136712257686, 30.08368021544273 ], [ 76.633099432319057, 30.083693111576615 ], [ 76.632062151708453, 30.083705999529162 ], [ 76.631024870426344, 30.083718879300346 ], [ 76.629987588473128, 30.083731750890152 ], [ 76.628950305849244, 30.08374461429856 ], [ 76.627913022555106, 30.083757469525544 ], [ 76.626875738591139, 30.083770316571091 ], [ 76.625838453957797, 30.083783155435185 ], [ 76.624801168655466, 30.083795986117803 ], [ 76.623763882684614, 30.083808808618929 ], [ 76.622726596045638, 30.08382162293854 ], [ 76.621689308738965, 30.083834429076617 ], [ 76.620652020765036, 30.083847227033154 ], [ 76.619614732124262, 30.083860016808114 ], [ 76.618577442817084, 30.083872798401483 ], [ 76.617540152843901, 30.083885571813248 ], [ 76.616502862205181, 30.08389833704339 ], [ 76.616390897748872, 30.083899714029773 ], [ 76.619781, 30.08973501 ], [ 76.622131079999988, 30.09263598 ], [ 76.62548088, 30.09480498 ], [ 76.63165992, 30.09782997 ], [ 76.64334912, 30.10344903 ], [ 76.657707, 30.10948902 ], [ 76.66155216, 30.11194602 ], [ 76.66474212, 30.11498802 ], [ 76.668274079999989, 30.12006996 ], [ 76.669135919999988, 30.12327198 ], [ 76.66935012, 30.12953796 ], [ 76.66854912, 30.13289496 ], [ 76.66673292, 30.13479801 ], [ 76.66359696, 30.137877 ], [ 76.65480792, 30.14127702 ], [ 76.65348816, 30.14288901 ], [ 76.65350292, 30.14522001 ], [ 76.654701, 30.14929404 ], [ 76.65979788, 30.16179999 ], [ 76.66642008, 30.17764899 ], [ 76.67217288, 30.19015098 ], [ 76.68278496, 30.212217 ], [ 76.69033092, 30.21249402 ], [ 76.70397888, 30.21343803 ], [ 76.71595788, 30.21337098 ], [ 76.72895784, 30.21577596 ], [ 76.74413292, 30.21977196 ], [ 76.745300039999989, 30.22020297 ], [ 76.771332, 30.22967502 ], [ 76.77934992, 30.23385804 ], [ 76.78787184, 30.23832897 ], [ 76.80060612, 30.24904302 ], [ 76.81014288, 30.25554696 ], [ 76.82317416, 30.26159703 ], [ 76.82585112, 30.26347497 ], [ 76.82769792, 30.26579697 ], [ 76.82975784, 30.27350997 ], [ 76.83496092, 30.27931002 ], [ 76.84854084, 30.29162202 ], [ 76.85692596, 30.30003 ], [ 76.865814, 30.30828696 ], [ 76.874862959999987, 30.31610697 ], [ 76.881096, 30.32569098 ], [ 76.88379708, 30.33033903 ], [ 76.88900808, 30.336723 ], [ 76.88919816, 30.33708201 ], [ 76.889664, 30.33540702 ], [ 76.88964096, 30.33307602 ], [ 76.88792412, 30.32623701 ], [ 76.88333916, 30.31547499 ], [ 76.881553919999988, 30.31267203 ], [ 76.87593108, 30.30385797 ], [ 76.861136879999989, 30.28587003 ], [ 76.849533, 30.27062997 ], [ 76.84647408, 30.26234097 ], [ 76.84423812, 30.25346202 ], [ 76.84213284, 30.24079299 ], [ 76.842780839999989, 30.23845902 ], [ 76.84326216, 30.23612397 ], [ 76.84339104, 30.23558802 ], [ 76.84423092, 30.23218296 ], [ 76.852341, 30.20648796 ], [ 76.84114788, 30.20115897 ], [ 76.83062004, 30.19567896 ], [ 76.82091516, 30.18903003 ], [ 76.818573, 30.18714696 ], [ 76.80722796, 30.18400398 ], [ 76.779549, 30.17614401 ], [ 76.76520516, 30.17170503 ], [ 76.745505959999988, 30.16423602 ], [ 76.72480812, 30.155607 ], [ 76.71445488, 30.15129303 ], [ 76.709435039999988, 30.14796798 ], [ 76.706908919999989, 30.14448498 ], [ 76.70589408, 30.14186697 ], [ 76.705544159999988, 30.13983 ], [ 76.70603196, 30.13822404 ], [ 76.70784816, 30.13675497 ], [ 76.72365612, 30.13651998 ], [ 76.73413788, 30.13689996 ], [ 76.74496488, 30.13815096 ], [ 76.76445816, 30.14154099 ], [ 76.77594792, 30.14307999 ], [ 76.78791792, 30.14170101 ], [ 76.79840112, 30.143097 ], [ 76.79640996, 30.14238204 ], [ 76.78855908, 30.13834599 ], [ 76.78270008, 30.13458804 ], [ 76.77770184, 30.13374096 ], [ 76.76438112, 30.13235901 ], [ 76.753220039999988, 30.13096401 ], [ 76.744728, 30.12969996 ], [ 76.73905188, 30.12739902 ], [ 76.72736412, 30.12265602 ], [ 76.71081492, 30.11342004 ], [ 76.68807192, 30.09926403 ], [ 76.67335512, 30.09016404 ], [ 76.66516116, 30.08467296 ], [ 76.662213896303243, 30.0833280304388 ], [ 76.662143015046752, 30.083328927349967 ] ] ] ] } },
{ "type": "Feature", "properties": { "SOIL_ID": 2131.0, "S_FORM": "Level", "P_MATERIAL": "Alluvium", "SOIL_DEPTH": "Deep", "S_P_SIZE": "Coarse-Loamy", "M_CLASS": "Mixed", "C_CLASS": "Calcareous", "S_T_REGIM": "Hyperthermic", "S_R_CLASS": "Slightly Alkaline", "S_D_CLASS": "Well", "G_W_DEPTH": "Deep", "C_LAYER": "Data Not Available", "S_TEXTURE": "Loamy", "SL_CLASS": "Very Gently Sloping", "ER_CLASS": "Moderate", "CLASS": "Nil", "SODI_CLASS": "Slight Sodic Limited Extent", "SUR_STONE": "Nil To Slight", "FLOODING": "Nil", "S_TAXO": "Typic Ustifluvents", "S_REGION": "Soils of Alluvial Plains", "S_SUB_REG": "Recent Flood Plains", "LANDSCAPE": "Aab2" }, "geometry": { "type": "MultiPolygon", "coordinates": [ [ [ [ 76.981718956474992, 30.241288249398075 ], [ 76.981700855148006, 30.240386363185333 ], [ 76.981682754640275, 30.23948447683852 ], [ 76.981664654951828, 30.23858259035762 ], [ 76.981646556082609, 30.237680703742647 ], [ 76.981628458032574, 30.236778816993606 ], [ 76.98161036080171, 30.235876930110489 ], [ 76.981592264390002, 30.234975043093307 ], [ 76.98157416879738, 30.234073155942049 ], [ 76.981556074023828, 30.233171268656729 ], [ 76.981537980069334, 30.232269381237359 ], [ 76.981519886933825, 30.231367493683923 ], [ 76.981501794617316, 30.230465605996443 ], [ 76.98148370311975, 30.229563718174902 ], [ 76.981465612441099, 30.228661830219306 ], [ 76.981447522581334, 30.227759942129669 ], [ 76.981429433540427, 30.226858053905982 ], [ 76.981411345318335, 30.225956165548265 ], [ 76.981402525914106, 30.225516405398363 ], [ 76.97096316, 30.22528302 ], [ 76.96479816, 30.22444197 ], [ 76.958786159999988, 30.22228998 ], [ 76.95159084, 30.21737499 ], [ 76.94389296, 30.211443 ], [ 76.93145784, 30.19664601 ], [ 76.92507216, 30.18852 ], [ 76.922874, 30.18459699 ], [ 76.92149412, 30.17819196 ], [ 76.92045588, 30.17382597 ], [ 76.919105879999989, 30.17106396 ], [ 76.90853088, 30.16019196 ], [ 76.908249, 30.159945 ], [ 76.90300812, 30.15541503 ], [ 76.90132116, 30.15323604 ], [ 76.900131, 30.14974602 ], [ 76.89888, 30.13984098 ], [ 76.89618684, 30.13592103 ], [ 76.89147912, 30.130119 ], [ 76.885283879999989, 30.12519798 ], [ 76.87205496, 30.11448699 ], [ 76.86453204, 30.10971996 ], [ 76.859183879999989, 30.10683402 ], [ 76.85000604, 30.10382496 ], [ 76.843001879999989, 30.10211604 ], [ 76.82536296, 30.10133898 ], [ 76.81404096, 30.10067397 ], [ 76.809539879999988, 30.09924099 ], [ 76.80252816, 30.09694896 ], [ 76.79534904, 30.09349098 ], [ 76.78597284, 30.08669499 ], [ 76.782073463893312, 30.081757093232969 ], [ 76.781423433619892, 30.081765908715866 ], [ 76.780386253423202, 30.081779966401971 ], [ 76.779349072494099, 30.081794015909548 ], [ 76.778311890832981, 30.081808057238582 ], [ 76.777274708440274, 30.08182209038905 ], [ 76.776237525316432, 30.081836115360925 ], [ 76.77520034146184, 30.081850132154191 ], [ 76.774163156876952, 30.081864140768822 ], [ 76.77312597156218, 30.081878141204804 ], [ 76.772088785517951, 30.081892133462112 ], [ 76.77105159874472, 30.081906117540729 ], [ 76.770014411242855, 30.081920093440647 ], [ 76.768977223012826, 30.081934061161807 ], [ 76.767940034055059, 30.081948020704225 ], [ 76.766902844369966, 30.081961972067869 ], [ 76.76586565395796, 30.081975915252716 ], [ 76.764828462819494, 30.081989850258747 ], [ 76.763791270954982, 30.082003777085937 ], [ 76.762754078364836, 30.082017695734272 ], [ 76.761716885049523, 30.082031606203731 ], [ 76.760679691009415, 30.082045508494289 ], [ 76.759642496244965, 30.082059402605946 ], [ 76.758605300756614, 30.082073288538652 ], [ 76.757568104544774, 30.0820871662924 ], [ 76.756530907609857, 30.082101035867165 ], [ 76.75549370995229, 30.08211489726293 ], [ 76.754456511572528, 30.082128750479679 ], [ 76.753419312470967, 30.082142595517379 ], [ 76.75238211264805, 30.082156432376021 ], [ 76.751344912104202, 30.082170261055595 ], [ 76.75030771083982, 30.082184081556058 ], [ 76.749270508855375, 30.082197893877396 ], [ 76.748233306151263, 30.082211698019588 ], [ 76.747196102727941, 30.082225493982627 ], [ 76.74615889858579, 30.082239281766483 ], [ 76.745121693725267, 30.082253061371127 ], [ 76.744084488146783, 30.082266832796549 ], [ 76.743047281850764, 30.082280596042736 ], [ 76.742010074837637, 30.082294351109642 ], [ 76.740972867107857, 30.082308097997281 ], [ 76.739935658661821, 30.082321836705617 ], [ 76.738898449499928, 30.082335567234615 ], [ 76.737861239622674, 30.082349289584275 ], [ 76.73682402903043, 30.082363003754566 ], [ 76.735786817723636, 30.082376709745471 ], [ 76.734749605702717, 30.082390407556971 ], [ 76.733712392968116, 30.082404097189052 ], [ 76.732675179520228, 30.08241777864168 ], [ 76.731637965359511, 30.08243145191485 ], [ 76.73060075048636, 30.082445117008525 ], [ 76.729563534901217, 30.082458773922703 ], [ 76.728526318604523, 30.08247242265735 ], [ 76.727489101596674, 30.08248606321245 ], [ 76.726451883878113, 30.082499695587984 ], [ 76.725414665449264, 30.082513319783935 ], [ 76.724377446310555, 30.082526935800267 ], [ 76.723340226462398, 30.082540543636995 ], [ 76.722303005905246, 30.082554143294054 ], [ 76.721265784639499, 30.082567734771459 ], [ 76.720228562665596, 30.08258131806917 ], [ 76.719191339983951, 30.082594893187178 ], [ 76.718154116595002, 30.082608460125464 ], [ 76.717116892499178, 30.082622018883999 ], [ 76.716079667696889, 30.082635569462763 ], [ 76.715370061081089, 30.082644834348596 ], [ 76.71522492, 30.082716 ], [ 76.710570839999988, 30.08317896 ], [ 76.70835783862951, 30.082736191052017 ], [ 76.707781843897308, 30.082743679618947 ], [ 76.706744612756083, 30.082757156578928 ], [ 76.705707380912671, 30.082770625358929 ], [ 76.70467014836747, 30.082784085958959 ], [ 76.703632915120934, 30.082797538378983 ], [ 76.702595681173491, 30.082810982618977 ], [ 76.701558446525524, 30.082824418678925 ], [ 76.700521211177517, 30.082837846558814 ], [ 76.699483975129866, 30.082851266258615 ], [ 76.698446738382998, 30.082864677778314 ], [ 76.69740950093734, 30.082878081117901 ], [ 76.696658029285146, 30.082887785815561 ], [ 76.71080808, 30.09141297 ], [ 76.72099284, 30.09631203 ], [ 76.73136084, 30.10237299 ], [ 76.73720616, 30.105549 ], [ 76.74238584, 30.10741398 ], [ 76.74822216, 30.10927599 ], [ 76.75272396, 30.11012496 ], [ 76.75888104, 30.11052897 ], [ 76.77019512, 30.110319 ], [ 76.77702288, 30.11144598 ], [ 76.78486584, 30.114027 ], [ 76.79089404, 30.11836401 ], [ 76.79742408, 30.12430401 ], [ 76.804817039999989, 30.13256997 ], [ 76.80984516, 30.13735203 ], [ 76.81621608, 30.14256303 ], [ 76.82975784, 30.15050301 ], [ 76.85200512, 30.16568196 ], [ 76.86503604, 30.17158497 ], [ 76.88472696, 30.17919897 ], [ 76.902260039999987, 30.186972 ], [ 76.914123839999988, 30.19288104 ], [ 76.92633792, 30.20170203 ], [ 76.937553, 30.20980104 ], [ 76.94224488, 30.21400296 ], [ 76.94443512, 30.21719598 ], [ 76.94613612, 30.22112097 ], [ 76.946258879999988, 30.22436304 ], [ 76.94683092, 30.22461504 ], [ 76.94966916, 30.22605702 ], [ 76.95217908, 30.22793802 ], [ 76.95452916, 30.229965 ], [ 76.96056384, 30.23634303 ], [ 76.964409, 30.23821602 ], [ 76.96685808, 30.23923896 ], [ 76.96417212, 30.23404101 ], [ 76.96453896, 30.23355897 ], [ 76.96653696, 30.23322903 ], [ 76.967636039999988, 30.23370198 ], [ 76.98172358515248, 30.241518859609066 ], [ 76.981718956474992, 30.241288249398075 ] ] ] ] } },
{ "type": "Feature", "properties": { "SOIL_ID": 2140.0, "S_FORM": "Level", "P_MATERIAL": "Alluvium", "SOIL_DEPTH": "Deep", "S_P_SIZE": "Coarse-Loamy", "M_CLASS": "Mixed", "C_CLASS": "Calcareous", "S_T_REGIM": "Hyperthermic", "S_R_CLASS": "Slightly Alkaline", "S_D_CLASS": "Well", "G_W_DEPTH": "Deep", "C_LAYER": "Data Not Available", "S_TEXTURE": "Loamy", "SL_CLASS": "Level to Nearly Level", "ER_CLASS": "Slight Nil To Slight", "CLASS": "Nil", "SODI_CLASS": "Nil", "SUR_STONE": "Nil To Slight", "FLOODING": "Slight", "S_TAXO": "Typic Ustifluvents", "S_REGION": "Soils of Alluvial Plains", "S_SUB_REG": "Recent Flood Plains", "LANDSCAPE": "Aab3" }, "geometry": { "type": "MultiPolygon", "coordinates": [ [ [ [ 76.705368119999989, 30.26167101 ], [ 76.70572704, 30.26502 ], [ 76.70626812, 30.26953503 ], [ 76.70644416, 30.27069999 ], [ 76.70679516, 30.27317598 ], [ 76.707321119999989, 30.27666996 ], [ 76.70802312, 30.28118499 ], [ 76.70852712, 30.28191201 ], [ 76.71021984, 30.28510899 ], [ 76.71072384, 30.28598001 ], [ 76.71260088, 30.291363 ], [ 76.71329496, 30.29500197 ], [ 76.71349296, 30.29878998 ], [ 76.71189096, 30.30623199 ], [ 76.71257784, 30.30928803 ], [ 76.71376008, 30.31132104 ], [ 76.715934839999989, 30.31218297 ], [ 76.71842208, 30.31202502 ], [ 76.72088592, 30.30822198 ], [ 76.723517879999989, 30.30412698 ], [ 76.72849308, 30.30205698 ], [ 76.73198688, 30.30218298 ], [ 76.73416092, 30.30304698 ], [ 76.73500116, 30.30420897 ], [ 76.73485608, 30.30726798 ], [ 76.73388696, 30.31062696 ], [ 76.73474088, 30.31310097 ], [ 76.73674788, 30.31483698 ], [ 76.73974596, 30.31511103 ], [ 76.74074604, 30.31481601 ], [ 76.75698888, 30.30758298 ], [ 76.75748388, 30.30714198 ], [ 76.75913196, 30.30494904 ], [ 76.761237959999988, 30.29779404 ], [ 76.76123004, 30.29735799 ], [ 76.76121492, 30.29531697 ], [ 76.76103996, 30.29400603 ], [ 76.75953696, 30.29299398 ], [ 76.75536312, 30.29199804 ], [ 76.74737508, 30.29160501 ], [ 76.74603984, 30.29073696 ], [ 76.74117984, 30.28639203 ], [ 76.74015816, 30.28406697 ], [ 76.736259, 30.27446901 ], [ 76.73489388, 30.27112596 ], [ 76.72182516, 30.25968399 ], [ 76.71495096, 30.25316403 ], [ 76.712280119999988, 30.25230399 ], [ 76.71061692, 30.25245996 ], [ 76.70698488, 30.25524897 ], [ 76.70568096, 30.25875501 ], [ 76.705382879999988, 30.26151999 ], [ 76.705368119999989, 30.26167101 ] ] ] ] } },
{ "type": "Feature", "properties": { "SOIL_ID": 2160.0, "S_FORM": "Level", "P_MATERIAL": "Alluvium", "SOIL_DEPTH": "Deep", "S_P_SIZE": "Coarse-Loamy", "M_CLASS": "Mixed", "C_CLASS": "Non-Calcareous", "S_T_REGIM": "Hyperthermic", "S_R_CLASS": "Slightly Alkaline", "S_D_CLASS": "Well", "G_W_DEPTH": "Deep", "C_LAYER": "Data Not Available", "S_TEXTURE": "Loamy", "SL_CLASS": "Level to Nearly Level", "ER_CLASS": "Slight Nil To Slight", "CLASS": "Nil", "SODI_CLASS": "Slight Sodic Limited Extent", "SUR_STONE": "Nil To Slight", "FLOODING": "Slight", "S_TAXO": "Typic Ustifluvents", "S_REGION": "Soils of Alluvial Plains", "S_SUB_REG": "Recent Flood Plains", "LANDSCAPE": "Aab1" }, "geometry": { "type": "MultiPolygon", "coordinates": [ [ [ [ 76.982697645649111, 30.289989905697983 ], [ 76.982679500033854, 30.289088026729733 ], [ 76.9826613552396, 30.288186147627261 ], [ 76.982643211266279, 30.28728426839055 ], [ 76.98262506811389, 30.286382389019629 ], [ 76.982606925782378, 30.285480509514485 ], [ 76.982588784271726, 30.284578629875117 ], [ 76.982570643581909, 30.283676750101524 ], [ 76.982552503712895, 30.282774870193737 ], [ 76.98253436466463, 30.281872990151733 ], [ 76.982516226437099, 30.280971109975518 ], [ 76.982498089030258, 30.280069229665106 ], [ 76.982479952444109, 30.27916734922049 ], [ 76.982461816678594, 30.278265468641663 ], [ 76.98244368173367, 30.277363587928654 ], [ 76.982425547609338, 30.276461707081452 ], [ 76.982407414305541, 30.27555982610005 ], [ 76.982389281822265, 30.274657944984458 ], [ 76.982371150159452, 30.273756063734687 ], [ 76.982353019317102, 30.272854182350731 ], [ 76.982334889295174, 30.271952300832581 ], [ 76.982316760093639, 30.271050419180273 ], [ 76.982298631712439, 30.270148537393791 ], [ 76.982280504151575, 30.269246655473125 ], [ 76.982262377411004, 30.268344773418292 ], [ 76.982244251490698, 30.267442891229297 ], [ 76.982226126390614, 30.266541008906124 ], [ 76.982208002110738, 30.265639126448804 ], [ 76.982189878651027, 30.264737243857322 ], [ 76.982171756011468, 30.263835361131687 ], [ 76.982153634191988, 30.262933478271897 ], [ 76.982135513192603, 30.262031595277961 ], [ 76.982117393013255, 30.26112971214987 ], [ 76.982099273653901, 30.260227828887647 ], [ 76.982081155114557, 30.259325945491266 ], [ 76.982063037395136, 30.258424061960746 ], [ 76.982044920495653, 30.257522178296092 ], [ 76.982026804416051, 30.25662029449731 ], [ 76.982013815943816, 30.255973652131921 ], [ 76.97952288, 30.255039 ], [ 76.97640996, 30.25434096 ], [ 76.96685016, 30.252195 ], [ 76.96102104, 30.25091601 ], [ 76.95451404, 30.24905796 ], [ 76.93781292, 30.24099 ], [ 76.91492484, 30.23003997 ], [ 76.89188412, 30.21996699 ], [ 76.87519812, 30.21423003 ], [ 76.852341, 30.20648796 ], [ 76.84423092, 30.23218296 ], [ 76.84339104, 30.23558802 ], [ 76.849036919999989, 30.23589096 ], [ 76.85121888, 30.236769 ], [ 76.86054216, 30.24306099 ], [ 76.87016316, 30.24960696 ], [ 76.87585404, 30.25490796 ], [ 76.88317104, 30.26311704 ], [ 76.88711484, 30.26753604 ], [ 76.890762, 30.27005397 ], [ 76.893669, 30.27143502 ], [ 76.89585096, 30.27231 ], [ 76.89875004, 30.27267504 ], [ 76.90106988, 30.27253302 ], [ 76.90395384, 30.27086802 ], [ 76.90712004, 30.26869398 ], [ 76.91015592, 30.26816703 ], [ 76.913208, 30.26853198 ], [ 76.91510016, 30.26953701 ], [ 76.92121908, 30.27381696 ], [ 76.923981, 30.27469104 ], [ 76.927307039999988, 30.27454596 ], [ 76.931786159999987, 30.27312504 ], [ 76.93627896, 30.27310002 ], [ 76.94019288, 30.27307698 ], [ 76.94352684, 30.27382101 ], [ 76.947166079999988, 30.275703 ], [ 76.94892108, 30.27759696 ], [ 76.95024912, 30.28000302 ], [ 76.95084384, 30.28190202 ], [ 76.95100404, 30.28431303 ], [ 76.95002016, 30.28736304 ], [ 76.95032508, 30.28977396 ], [ 76.95236988, 30.29154003 ], [ 76.956000839999987, 30.29304096 ], [ 76.960503, 30.29365197 ], [ 76.96543104, 30.29400396 ], [ 76.97150388, 30.29295501 ], [ 76.982698262299436, 30.290020553251448 ], [ 76.982697645649111, 30.289989905697983 ] ] ] ] } },
{ "type": "Feature", "properties": { "SOIL_ID": 2185.0, "S_FORM": "Level", "P_MATERIAL": "Alluvium", "SOIL_DEPTH": "Deep", "S_P_SIZE": "Coarse-Loamy", "M_CLASS": "Mixed", "C_CLASS": "Calcareous", "S_T_REGIM": "Hyperthermic", "S_R_CLASS": "Moderately Alkaline", "S_D_CLASS": "Well", "G_W_DEPTH": "Deep", "C_LAYER": "Data Not Available", "S_TEXTURE": "Loamy", "SL_CLASS": "Level to Nearly Level", "ER_CLASS": "Slight Nil To Slight", "CLASS": "Nil", "SODI_CLASS": "Nil", "SUR_STONE": "Nil To Slight", "FLOODING": "Nil", "S_TAXO": "Typic Ustifluvents", "S_REGION": "Soils of Alluvial Plains", "S_SUB_REG": "Recent Flood Plains", "LANDSCAPE": "Aab5" }, "geometry": { "type": "MultiPolygon", "coordinates": [ [ [ [ 76.556515706343347, 30.228084107095412 ], [ 76.556529917994894, 30.228986202523238 ], [ 76.556544130289922, 30.229888297820725 ], [ 76.556558343228431, 30.230790392987856 ], [ 76.55657255681048, 30.231692488024635 ], [ 76.556586771036066, 30.23259458293105 ], [ 76.556600985905234, 30.233496677707112 ], [ 76.556615201417998, 30.234398772352808 ], [ 76.556629417574371, 30.235300866868155 ], [ 76.55664363437441, 30.236202961253134 ], [ 76.556657851818116, 30.23710505550774 ], [ 76.556672069905503, 30.238007149631972 ], [ 76.556686288636612, 30.238909243625827 ], [ 76.556694487364069, 30.239429380537075 ], [ 76.556709, 30.23946 ], [ 76.55728104, 30.24064098 ], [ 76.559517, 30.24338004 ], [ 76.56015816, 30.24525996 ], [ 76.55889888, 30.25050003 ], [ 76.55715216, 30.25511901 ], [ 76.556955195999521, 30.255962106334533 ], [ 76.556956566867328, 30.256049004735001 ], [ 76.556970798478005, 30.25695109612089 ], [ 76.556985030732932, 30.257853187376334 ], [ 76.556999263632107, 30.258755278501354 ], [ 76.557013497175575, 30.259657369495947 ], [ 76.557027731363348, 30.260559460360092 ], [ 76.557041966195456, 30.26146155109382 ], [ 76.557056201671926, 30.262363641697103 ], [ 76.557070437792774, 30.263265732169945 ], [ 76.557084674558027, 30.264167822512345 ], [ 76.557089210058905, 30.264455194374886 ], [ 76.55764788, 30.26498004 ], [ 76.55883804, 30.26498004 ], [ 76.55953212, 30.26448999 ], [ 76.55960088, 30.26363904 ], [ 76.55988312, 30.26285001 ], [ 76.56059304, 30.262239 ], [ 76.56169896, 30.26235996 ], [ 76.56337692, 30.26296998 ], [ 76.56478092, 30.26339901 ], [ 76.565207879999988, 30.26349999 ], [ 76.56625404, 30.26376 ], [ 76.56989292, 30.26376 ], [ 76.57051788, 30.26376 ], [ 76.57135812, 30.26363904 ], [ 76.571853839999989, 30.26339901 ], [ 76.57254, 30.26291103 ], [ 76.57331112, 30.26248002 ], [ 76.573798919999987, 30.26235996 ], [ 76.57457004, 30.26235996 ], [ 76.57582896, 30.26254104 ], [ 76.577019119999989, 30.26309004 ], [ 76.57814016, 30.26387997 ], [ 76.57897896, 30.26448999 ], [ 76.57975008, 30.26498004 ], [ 76.58043696, 30.26547099 ], [ 76.580856, 30.266199 ], [ 76.581207, 30.26705004 ], [ 76.58184816, 30.26814102 ], [ 76.582413, 30.26930004 ], [ 76.58296992, 30.26997 ], [ 76.584152159999988, 30.27021003 ], [ 76.58518212, 30.26985903 ], [ 76.585213079999988, 30.26985003 ], [ 76.58632692, 30.26930004 ], [ 76.587593039999987, 30.26819997 ], [ 76.58786016, 30.26692998 ], [ 76.58834796, 30.26594898 ], [ 76.589119079999989, 30.26528001 ], [ 76.58975196, 30.26468097 ], [ 76.590729, 30.26419101 ], [ 76.59176616, 30.26394099 ], [ 76.59310896, 30.26387997 ], [ 76.59414684, 30.26400903 ], [ 76.594336919999989, 30.26417004 ], [ 76.594336919999989, 30.26416401 ], [ 76.59019512, 30.25399401 ], [ 76.58946216, 30.25377999 ], [ 76.58799696, 30.25293003 ], [ 76.58709012, 30.25189998 ], [ 76.58603712, 30.25123002 ], [ 76.58429004, 30.24891099 ], [ 76.58059716, 30.24522 ], [ 76.58058204, 30.24519903 ], [ 76.57547004, 30.24216099 ], [ 76.573593, 30.24093996 ], [ 76.57106796, 30.23996904 ], [ 76.56910704, 30.239361 ], [ 76.56757416, 30.23790003 ], [ 76.56504804, 30.23656101 ], [ 76.56456816, 30.23607996 ], [ 76.56321708, 30.23473896 ], [ 76.56231708, 30.23315001 ], [ 76.56134004, 30.23188002 ], [ 76.56070716, 30.23115003 ], [ 76.55899788, 30.22911099 ], [ 76.55860908, 30.22864902 ], [ 76.55699916, 30.22742997 ], [ 76.556503969623805, 30.227339076024926 ], [ 76.556515706343347, 30.228084107095412 ] ] ] ] } },
{ "type": "Feature", "properties": { "SOIL_ID": 2202.0, "S_FORM": "Level", "P_MATERIAL": "Alluvium", "SOIL_DEPTH": "Deep", "S_P_SIZE": "Fine-Loamy", "M_CLASS": "Mixed", "C_CLASS": "Moderate", "S_T_REGIM": "Hyperthermic", "S_R_CLASS": "Slightly Alkaline", "S_D_CLASS": "Moderately Well", "G_W_DEPTH": "Moderately Deep", "C_LAYER": "Data Not Available", "S_TEXTURE": "Loamy", "SL_CLASS": "Very Gently Sloping", "ER_CLASS": "Slight", "CLASS": "Nil", "SODI_CLASS": "Nil", "SUR_STONE": "Nil To Slight", "FLOODING": "Nil", "S_TAXO": "Fluventic Ustochrepts", "S_REGION": "Soils of Alluvial Plains", "S_SUB_REG": "Alluvial Plains", "LANDSCAPE": "Aab1" }, "geometry": { "type": "MultiPolygon", "coordinates": [ [ [ [ 76.554942207119339, 30.127950704956746 ], [ 76.554956347497495, 30.128852814837465 ], [ 76.554970488516418, 30.129754924588113 ], [ 76.554984630176122, 30.130657034208685 ], [ 76.554998772476637, 30.131559143699199 ], [ 76.555012915417976, 30.132461253059631 ], [ 76.555027059000167, 30.13336336228998 ], [ 76.555041203223254, 30.134265471390261 ], [ 76.555055348087237, 30.135167580360445 ], [ 76.555069493592157, 30.13606968920055 ], [ 76.555083639738015, 30.136971797910572 ], [ 76.555097786524868, 30.137873906490515 ], [ 76.555111933952716, 30.138776014940341 ], [ 76.555126082021587, 30.13967812326009 ], [ 76.55514023073151, 30.140580231449739 ], [ 76.555154380082513, 30.141482339509285 ], [ 76.55516853007461, 30.142384447438722 ], [ 76.555182680707844, 30.143286555238067 ], [ 76.555196831982229, 30.14418866290729 ], [ 76.555210983897766, 30.145090770446409 ], [ 76.555225136454524, 30.145992877855413 ], [ 76.555239289652476, 30.14689498513431 ], [ 76.555253443491694, 30.147797092283081 ], [ 76.555267597972176, 30.148699199301738 ], [ 76.555281753093951, 30.149601306190277 ], [ 76.555295908857047, 30.150503412948684 ], [ 76.555310065261494, 30.151405519576954 ], [ 76.55532422230732, 30.152307626075103 ], [ 76.55533837999451, 30.153209732443116 ], [ 76.555352538323149, 30.154111838681008 ], [ 76.555366697293195, 30.155013944788749 ], [ 76.555380856904733, 30.155916050766344 ], [ 76.55539501715775, 30.156818156613816 ], [ 76.555409178052287, 30.157720262331125 ], [ 76.555423339588359, 30.158622367918294 ], [ 76.555437501766008, 30.159524473375306 ], [ 76.555451664585235, 30.160426578702165 ], [ 76.555465828046067, 30.161328683898876 ], [ 76.555479992148548, 30.162230788965424 ], [ 76.555494156892678, 30.163132893901807 ], [ 76.555508322278499, 30.164034998708033 ], [ 76.555522488306039, 30.164937103384094 ], [ 76.555536654975313, 30.165839207929981 ], [ 76.555550822286335, 30.166741312345714 ], [ 76.555564990239148, 30.167643416631243 ], [ 76.55557915883378, 30.168545520786623 ], [ 76.555593328070231, 30.169447624811806 ], [ 76.555607497948543, 30.170349728706825 ], [ 76.555621668468731, 30.171251832471651 ], [ 76.555635839630824, 30.172153936106294 ], [ 76.555650011434864, 30.173056039610746 ], [ 76.55566418388085, 30.173958142984997 ], [ 76.555678356968812, 30.174860246229066 ], [ 76.555692530698778, 30.175762349342943 ], [ 76.555706705070776, 30.176664452326619 ], [ 76.55572088008482, 30.177566555180082 ], [ 76.555735055740939, 30.178468657903352 ], [ 76.555749232039162, 30.179370760496422 ], [ 76.555763408979516, 30.180272862959267 ], [ 76.55577758656203, 30.18117496529192 ], [ 76.555791764786704, 30.182077067494347 ], [ 76.555805943653596, 30.182979169566558 ], [ 76.55582012316269, 30.183881271508547 ], [ 76.555834303314043, 30.184783373320315 ], [ 76.555848484107671, 30.185685475001865 ], [ 76.5558626655436, 30.186587576553187 ], [ 76.555876847621832, 30.187489677974288 ], [ 76.555891030342423, 30.188391779265135 ], [ 76.555905213705387, 30.189293880425769 ], [ 76.555919397710753, 30.19019598145616 ], [ 76.555933582358534, 30.191098082356298 ], [ 76.555947767648746, 30.192000183126225 ], [ 76.555961953581431, 30.192902283765875 ], [ 76.555976140156616, 30.193804384275293 ], [ 76.555990327374317, 30.194706484654468 ], [ 76.556004515234562, 30.195608584903386 ], [ 76.556018703737379, 30.196510685022048 ], [ 76.556032892882769, 30.197412785010457 ], [ 76.556047082670801, 30.198314884868598 ], [ 76.556061273101449, 30.199216984596486 ], [ 76.556075464174782, 30.200119084194103 ], [ 76.556089655890787, 30.201021183661457 ], [ 76.556103848249506, 30.201923282998543 ], [ 76.556118041250983, 30.202825382205365 ], [ 76.556132234895202, 30.203727481281891 ], [ 76.556146429182235, 30.204629580228158 ], [ 76.556160624112053, 30.205531679044135 ], [ 76.556174819684713, 30.206433777729838 ], [ 76.556189015900244, 30.207335876285239 ], [ 76.556203212758646, 30.208237974710368 ], [ 76.556217410259961, 30.209140073005205 ], [ 76.556231608404218, 30.210042171169761 ], [ 76.556245807191445, 30.210944269204013 ], [ 76.556260006621642, 30.21184636710796 ], [ 76.556274206694837, 30.212748464881614 ], [ 76.556288407411074, 30.213650562524972 ], [ 76.556302608770366, 30.214552660038013 ], [ 76.556316810772742, 30.215454757420751 ], [ 76.55633101341823, 30.216356854673187 ], [ 76.556345216706845, 30.217258951795301 ], [ 76.556359420638614, 30.218161048787096 ], [ 76.556373625213567, 30.219063145648583 ], [ 76.556387830431717, 30.219965242379764 ], [ 76.556402036293093, 30.2208673389806 ], [ 76.556416242797738, 30.221769435451108 ], [ 76.556430449945651, 30.222671531791299 ], [ 76.556444657736876, 30.223573628001155 ], [ 76.556458866171411, 30.22447572408069 ], [ 76.556473075249315, 30.22537782002988 ], [ 76.556487284970572, 30.226279915848732 ], [ 76.556501495335255, 30.227182011537252 ], [ 76.556503969623805, 30.227339076024926 ], [ 76.55699916, 30.22742997 ], [ 76.55860908, 30.22864902 ], [ 76.55899788, 30.22911099 ], [ 76.56070716, 30.23115003 ], [ 76.56134004, 30.23188002 ], [ 76.56231708, 30.23315001 ], [ 76.56321708, 30.23473896 ], [ 76.56456816, 30.23607996 ], [ 76.56504804, 30.23656101 ], [ 76.56757416, 30.23790003 ], [ 76.56910704, 30.239361 ], [ 76.57106796, 30.23996904 ], [ 76.573593, 30.24093996 ], [ 76.57547004, 30.24216099 ], [ 76.58058204, 30.24519903 ], [ 76.58059716, 30.24522 ], [ 76.58429004, 30.24891099 ], [ 76.58603712, 30.25123002 ], [ 76.58709012, 30.25189998 ], [ 76.58799696, 30.25293003 ], [ 76.58946216, 30.25377999 ], [ 76.59019512, 30.25399401 ], [ 76.59134712, 30.25432998 ], [ 76.59464292, 30.25456002 ], [ 76.595618879999989, 30.25462896 ], [ 76.597931159999987, 30.25414998 ], [ 76.59940284, 30.253599 ], [ 76.600449, 30.25311102 ], [ 76.60178388, 30.25231902 ], [ 76.603104, 30.25123002 ], [ 76.60394316, 30.24982998 ], [ 76.60478196, 30.24811899 ], [ 76.60498788, 30.24641997 ], [ 76.60498788, 30.24496098 ], [ 76.60421784, 30.24332001 ], [ 76.60352304, 30.24253098 ], [ 76.60289016, 30.24081999 ], [ 76.60352304, 30.24008901 ], [ 76.604103, 30.23970003 ], [ 76.60471284, 30.23929998 ], [ 76.605759, 30.23838999 ], [ 76.607430119999989, 30.23735004 ], [ 76.611137039999988, 30.23588898 ], [ 76.61183904, 30.23516097 ], [ 76.614777, 30.23413101 ], [ 76.616736839999987, 30.23308899 ], [ 76.618689839999988, 30.23242002 ], [ 76.62122316, 30.23152902 ], [ 76.62177288, 30.23133102 ], [ 76.62274884, 30.23035002 ], [ 76.62351204, 30.22944102 ], [ 76.62420684, 30.22847001 ], [ 76.62526704, 30.22748901 ], [ 76.625763119999988, 30.22646004 ], [ 76.625542079999988, 30.22561098 ], [ 76.62371112, 30.22197003 ], [ 76.62280284, 30.22013997 ], [ 76.622100839999987, 30.21929001 ], [ 76.62097908, 30.21813999 ], [ 76.618881, 30.21697998 ], [ 76.617156959999988, 30.21626097 ], [ 76.61698884, 30.21618996 ], [ 76.61566188, 30.21521004 ], [ 76.614471, 30.214359 ], [ 76.61425788, 30.21351102 ], [ 76.61418192, 30.21254001 ], [ 76.61488284, 30.21120099 ], [ 76.61691288, 30.20919003 ], [ 76.61887416, 30.20772897 ], [ 76.61943108, 30.20751999 ], [ 76.621239, 30.20686902 ], [ 76.62319884, 30.206934 ], [ 76.62703716, 30.20706 ], [ 76.63558212, 30.20772897 ], [ 76.640823, 30.20733099 ], [ 76.632507, 30.19253301 ], [ 76.62348216, 30.178251 ], [ 76.615409879999987, 30.168036 ], [ 76.60974888, 30.16400301 ], [ 76.602448079999988, 30.160629 ], [ 76.594734, 30.157389 ], [ 76.58049816, 30.15351702 ], [ 76.57131996, 30.15213003 ], [ 76.56823692, 30.15090801 ], [ 76.56554412, 30.14870598 ], [ 76.56221016, 30.14399502 ], [ 76.55493689726238, 30.12761193804976 ], [ 76.554942207119339, 30.127950704956746 ] ] ] ] } },
{ "type": "Feature", "properties": { "SOIL_ID": 2203.0, "S_FORM": "Level", "P_MATERIAL": "Alluvium", "SOIL_DEPTH": "Deep", "S_P_SIZE": "Coarse-Loamy", "M_CLASS": "Mixed", "C_CLASS": "Calcareous", "S_T_REGIM": "Hyperthermic", "S_R_CLASS": "Slightly Alkaline", "S_D_CLASS": "Well", "G_W_DEPTH": "Deep", "C_LAYER": "Data Not Available", "S_TEXTURE": "Loamy", "SL_CLASS": "Level to Nearly Level", "ER_CLASS": "Slight Nil To Slight", "CLASS": "Nil", "SODI_CLASS": "Nil", "SUR_STONE": "Nil To Slight", "FLOODING": "Nil", "S_TAXO": "Typic Ustifluvents", "S_REGION": "Soils of Alluvial Plains", "S_SUB_REG": "Recent Flood Plains", "LANDSCAPE": "Aab2" }, "geometry": { "type": "MultiPolygon", "coordinates": [ [ [ [ 76.97640996, 30.25434096 ], [ 76.97214504, 30.249495 ], [ 76.96685808, 30.23923896 ], [ 76.964409, 30.23821602 ], [ 76.96056384, 30.23634303 ], [ 76.95452916, 30.229965 ], [ 76.95217908, 30.22793802 ], [ 76.94966916, 30.22605702 ], [ 76.94683092, 30.22461504 ], [ 76.946258879999988, 30.22436304 ], [ 76.94098704, 30.22202502 ], [ 76.93698096, 30.22059096 ], [ 76.930976879999989, 30.21887403 ], [ 76.92480504, 30.21759603 ], [ 76.92063912, 30.21630903 ], [ 76.91579388, 30.21429402 ], [ 76.90844016, 30.21011001 ], [ 76.896888839999988, 30.20084802 ], [ 76.877502119999988, 30.19060701 ], [ 76.855948919999989, 30.17979603 ], [ 76.84826688, 30.17604996 ], [ 76.83402312, 30.16403397 ], [ 76.82331816, 30.15709704 ], [ 76.81445316, 30.15117297 ], [ 76.80776184, 30.14727399 ], [ 76.80242196, 30.14453502 ], [ 76.79840112, 30.143097 ], [ 76.78791792, 30.14170101 ], [ 76.77594792, 30.14307999 ], [ 76.76445816, 30.14154099 ], [ 76.74496488, 30.13815096 ], [ 76.73413788, 30.13689996 ], [ 76.72365612, 30.13651998 ], [ 76.70784816, 30.13675497 ], [ 76.70603196, 30.13822404 ], [ 76.705544159999988, 30.13983 ], [ 76.70589408, 30.14186697 ], [ 76.706908919999989, 30.14448498 ], [ 76.709435039999988, 30.14796798 ], [ 76.71445488, 30.15129303 ], [ 76.72480812, 30.155607 ], [ 76.745505959999988, 30.16423602 ], [ 76.76520516, 30.17170503 ], [ 76.779549, 30.17614401 ], [ 76.80722796, 30.18400398 ], [ 76.818573, 30.18714696 ], [ 76.82091516, 30.18903003 ], [ 76.83062004, 30.19567896 ], [ 76.84114788, 30.20115897 ], [ 76.852341, 30.20648796 ], [ 76.87519812, 30.21423003 ], [ 76.89188412, 30.21996699 ], [ 76.91492484, 30.23003997 ], [ 76.93781292, 30.24099 ], [ 76.95451404, 30.24905796 ], [ 76.96102104, 30.25091601 ], [ 76.96685016, 30.252195 ], [ 76.97640996, 30.25434096 ] ] ] ] } },
{ "type": "Feature", "properties": { "SOIL_ID": 2235.0, "S_FORM": "Level", "P_MATERIAL": "Alluvium", "SOIL_DEPTH": "Deep", "S_P_SIZE": "Coarse-Loamy", "M_CLASS": "Mixed", "C_CLASS": "Calcareous", "S_T_REGIM": "Hyperthermic", "S_R_CLASS": "Slightly Alkaline", "S_D_CLASS": "Well", "G_W_DEPTH": "Moderately Deep", "C_LAYER": "Data Not Available", "S_TEXTURE": "Loamy", "SL_CLASS": "Level to Nearly Level", "ER_CLASS": "Slight Nil To Slight", "CLASS": "Nil", "SODI_CLASS": "Nil", "SUR_STONE": "Nil To Slight", "FLOODING": "Moderate", "S_TAXO": "Typic Ustifluvents", "S_REGION": "Soils of Alluvial Plains", "S_SUB_REG": "Active Flood Plains", "LANDSCAPE": "Aaa2" }, "geometry": { "type": "MultiPolygon", "coordinates": [ [ [ [ 76.696372262793304, 30.082891476277332 ], [ 76.695335023951358, 30.082904863256605 ], [ 76.694297784411887, 30.082918242055687 ], [ 76.693260544175331, 30.082931612674578 ], [ 76.692223303242116, 30.082944975113236 ], [ 76.691186061612655, 30.082958329371664 ], [ 76.690148819287401, 30.082971675449823 ], [ 76.689111576266768, 30.082985013347709 ], [ 76.688074332551167, 30.082998343065277 ], [ 76.687037088141054, 30.083011664602534 ], [ 76.685999843036825, 30.083024977959457 ], [ 76.684962597238922, 30.083038283136027 ], [ 76.683925350747771, 30.083051580132203 ], [ 76.682888103563783, 30.083064868947979 ], [ 76.681850855687401, 30.083078149583358 ], [ 76.680813607119049, 30.083091422038287 ], [ 76.67977635785914, 30.083104686312755 ], [ 76.678739107908115, 30.083117942406744 ], [ 76.677701857266399, 30.083131190320245 ], [ 76.676664605934391, 30.083144430053231 ], [ 76.675627353912574, 30.083157661605679 ], [ 76.674590101201318, 30.083170884977569 ], [ 76.673552847801076, 30.083184100168886 ], [ 76.672515593712262, 30.083197307179613 ], [ 76.671478338935302, 30.083210506009724 ], [ 76.670441083470649, 30.083223696659214 ], [ 76.669403827318689, 30.083236879128044 ], [ 76.668366570479876, 30.083250053416201 ], [ 76.667329312954621, 30.083263219523673 ], [ 76.666292054743366, 30.083276377450424 ], [ 76.665254795846522, 30.083289527196463 ], [ 76.664217536264516, 30.083302668761736 ], [ 76.663180275997775, 30.083315802146256 ], [ 76.662213896303243, 30.0833280304388 ], [ 76.66516116, 30.08467296 ], [ 76.67335512, 30.09016404 ], [ 76.68807192, 30.09926403 ], [ 76.71081492, 30.11342004 ], [ 76.72736412, 30.12265602 ], [ 76.73905188, 30.12739902 ], [ 76.744728, 30.12969996 ], [ 76.753220039999988, 30.13096401 ], [ 76.76438112, 30.13235901 ], [ 76.77770184, 30.13374096 ], [ 76.78270008, 30.13458804 ], [ 76.78855908, 30.13834599 ], [ 76.79640996, 30.14238204 ], [ 76.79840112, 30.143097 ], [ 76.80242196, 30.14453502 ], [ 76.80776184, 30.14727399 ], [ 76.81445316, 30.15117297 ], [ 76.82331816, 30.15709704 ], [ 76.83402312, 30.16403397 ], [ 76.84826688, 30.17604996 ], [ 76.855948919999989, 30.17979603 ], [ 76.877502119999988, 30.19060701 ], [ 76.896888839999988, 30.20084802 ], [ 76.90844016, 30.21011001 ], [ 76.91579388, 30.21429402 ], [ 76.92063912, 30.21630903 ], [ 76.92480504, 30.21759603 ], [ 76.930976879999989, 30.21887403 ], [ 76.93698096, 30.22059096 ], [ 76.94098704, 30.22202502 ], [ 76.946258879999988, 30.22436304 ], [ 76.94613612, 30.22112097 ], [ 76.94443512, 30.21719598 ], [ 76.94224488, 30.21400296 ], [ 76.937553, 30.20980104 ], [ 76.92633792, 30.20170203 ], [ 76.914123839999988, 30.19288104 ], [ 76.902260039999987, 30.186972 ], [ 76.88472696, 30.17919897 ], [ 76.86503604, 30.17158497 ], [ 76.85200512, 30.16568196 ], [ 76.82975784, 30.15050301 ], [ 76.81621608, 30.14256303 ], [ 76.80984516, 30.13735203 ], [ 76.804817039999989, 30.13256997 ], [ 76.79742408, 30.12430401 ], [ 76.79089404, 30.11836401 ], [ 76.78486584, 30.114027 ], [ 76.77702288, 30.11144598 ], [ 76.77019512, 30.110319 ], [ 76.75888104, 30.11052897 ], [ 76.75272396, 30.11012496 ], [ 76.74822216, 30.10927599 ], [ 76.74238584, 30.10741398 ], [ 76.73720616, 30.105549 ], [ 76.73136084, 30.10237299 ], [ 76.72099284, 30.09631203 ], [ 76.71080808, 30.09141297 ], [ 76.696658029285146, 30.082887785815561 ], [ 76.696372262793304, 30.082891476277332 ] ] ] ] } },
{ "type": "Feature", "properties": { "SOIL_ID": 2251.0, "S_FORM": "Level", "P_MATERIAL": "Alluvium", "SOIL_DEPTH": "Deep", "S_P_SIZE": "Fine-Loamy", "M_CLASS": "Mixed", "C_CLASS": "Calcareous", "S_T_REGIM": "Hyperthermic", "S_R_CLASS": "Moderately Alkaline", "S_D_CLASS": "Moderately Well", "G_W_DEPTH": "Deep", "C_LAYER": "Data Not Available", "S_TEXTURE": "Loamy", "SL_CLASS": "Very Gently Sloping", "ER_CLASS": "Slight Nil To Slight", "CLASS": "Nil", "SODI_CLASS": "Slight Sodic Limited Extent", "SUR_STONE": "Nil To Slight", "FLOODING": "Nil", "S_TAXO": "Typic Ustochrepts", "S_REGION": "Soils of Alluvial Plains", "S_SUB_REG": "Recent Flood Plains", "LANDSCAPE": "Aab3" }, "geometry": { "type": "MultiPolygon", "coordinates": [ [ [ [ 76.615465570901321, 30.083911094091889 ], [ 76.614428278932749, 30.083923842958725 ], [ 76.613390986299891, 30.083936583643872 ], [ 76.6123536930032, 30.083949316147322 ], [ 76.611316399043048, 30.083962040469057 ], [ 76.610279104419917, 30.083974756609049 ], [ 76.60924180913419, 30.083987464567286 ], [ 76.608204513186323, 30.084000164343745 ], [ 76.607167216576727, 30.084012855938411 ], [ 76.606129919305843, 30.084025539351273 ], [ 76.605092621374069, 30.084038214582296 ], [ 76.604055322781846, 30.084050881631473 ], [ 76.603018023529629, 30.084063540498764 ], [ 76.601980723617785, 30.084076191184195 ], [ 76.6009434230468, 30.084088833687691 ], [ 76.599906121817057, 30.08410146800929 ], [ 76.598868819928995, 30.084114094148923 ], [ 76.597831517383042, 30.084126712106606 ], [ 76.596794214179639, 30.084139321882308 ], [ 76.595756910319182, 30.084151923476011 ], [ 76.594719605802126, 30.084164516887693 ], [ 76.593682300628871, 30.084177102117344 ], [ 76.592644994799883, 30.08418967916494 ], [ 76.591607688315534, 30.084202248030454 ], [ 76.590570381176278, 30.084214808713877 ], [ 76.589533073382555, 30.084227361215209 ], [ 76.588495764934777, 30.084239905534393 ], [ 76.587458455833357, 30.084252441671438 ], [ 76.586421146078749, 30.084264969626314 ], [ 76.585383835671351, 30.084277489399014 ], [ 76.584346524611604, 30.084290000989498 ], [ 76.583309212899948, 30.084302504397773 ], [ 76.582271900536767, 30.084314999623803 ], [ 76.58123458752253, 30.084327486667579 ], [ 76.58019727385765, 30.084339965529075 ], [ 76.579159959542551, 30.084352436208285 ], [ 76.578122644577647, 30.084364898705179 ], [ 76.577085328963392, 30.084377353019736 ], [ 76.57604801270017, 30.084389799151953 ], [ 76.57501069578845, 30.084402237101795 ], [ 76.573973378228644, 30.08441466686925 ], [ 76.572936060021163, 30.084427088454309 ], [ 76.571898741166464, 30.084439501856938 ], [ 76.570861421664944, 30.084451907077131 ], [ 76.569824101517028, 30.08446430411486 ], [ 76.568786780723173, 30.084476692970128 ], [ 76.56774945928376, 30.084489073642882 ], [ 76.566712137199261, 30.084501446133132 ], [ 76.565674814470086, 30.084513810440846 ], [ 76.564637491096633, 30.084526166566008 ], [ 76.563600167079372, 30.084538514508608 ], [ 76.562562842418714, 30.08455085426861 ], [ 76.561525517115058, 30.084563185846019 ], [ 76.560488191168872, 30.084575509240807 ], [ 76.559450864580555, 30.084587824452946 ], [ 76.558413537350546, 30.084600131482429 ], [ 76.557768271731177, 30.08460778193049 ], [ 76.55776992, 30.08460996 ], [ 76.557831119999989, 30.08472102 ], [ 76.55792184, 30.08486898 ], [ 76.55802912, 30.08507904 ], [ 76.55812812, 30.08538099 ], [ 76.55814396, 30.08547999 ], [ 76.55819688, 30.08577897 ], [ 76.55819688, 30.08579103 ], [ 76.55827284, 30.08597004 ], [ 76.55827284, 30.08597904 ], [ 76.55837184, 30.08618901 ], [ 76.558563, 30.08647899 ], [ 76.558722839999987, 30.08666997 ], [ 76.55885316, 30.08688003 ], [ 76.55886108, 30.08692899 ], [ 76.55886792, 30.08694096 ], [ 76.558884119999988, 30.087009 ], [ 76.55890716, 30.08709 ], [ 76.558929119999988, 30.08750904 ], [ 76.55896008, 30.08807001 ], [ 76.55899788, 30.08857896 ], [ 76.559013, 30.08868003 ], [ 76.55903604, 30.08883996 ], [ 76.559158079999989, 30.08919897 ], [ 76.55922684, 30.08942001 ], [ 76.55930316, 30.08962998 ], [ 76.55944788, 30.09011103 ], [ 76.55953212, 30.09049002 ], [ 76.55966208, 30.090969 ], [ 76.55988312, 30.09151098 ], [ 76.56017292, 30.09222 ], [ 76.560318, 30.09256002 ], [ 76.56034896, 30.09264003 ], [ 76.56034896, 30.09267999 ], [ 76.56036408, 30.09272004 ], [ 76.56030288, 30.09293901 ], [ 76.56025716, 30.09309003 ], [ 76.56025716, 30.09312999 ], [ 76.56137784, 30.09398103 ], [ 76.56207984, 30.09450897 ], [ 76.56487992, 30.09516903 ], [ 76.566710879999988, 30.09659004 ], [ 76.56700896, 30.09682998 ], [ 76.56880212, 30.09822102 ], [ 76.57398216, 30.10125897 ], [ 76.57422588, 30.10145004 ], [ 76.57657596, 30.10327002 ], [ 76.57797204, 30.10533903 ], [ 76.579353, 30.10692996 ], [ 76.579857, 30.10753098 ], [ 76.58252712, 30.10942098 ], [ 76.58463312, 30.11064003 ], [ 76.58702892, 30.11145003 ], [ 76.588058159999989, 30.11178996 ], [ 76.59184284, 30.11245902 ], [ 76.592957039999988, 30.11282901 ], [ 76.59512316, 30.11294898 ], [ 76.596031079999989, 30.11319 ], [ 76.59736596, 30.11417001 ], [ 76.59890712, 30.11630103 ], [ 76.602493079999988, 30.12050097 ], [ 76.60561392, 30.12330996 ], [ 76.61669904, 30.13327998 ], [ 76.62146796, 30.13882101 ], [ 76.62251988, 30.14022096 ], [ 76.62371112, 30.14131896 ], [ 76.62551904, 30.14209899 ], [ 76.62552588, 30.14211096 ], [ 76.630707, 30.14369001 ], [ 76.63155408, 30.14454096 ], [ 76.63227084, 30.14584704 ], [ 76.63239288, 30.14606097 ], [ 76.632813, 30.14710002 ], [ 76.633338959999989, 30.147417 ], [ 76.634215919999988, 30.14794899 ], [ 76.63771116, 30.14862102 ], [ 76.63932, 30.14897904 ], [ 76.640373, 30.14922897 ], [ 76.64121216, 30.14922897 ], [ 76.64190696, 30.14922897 ], [ 76.64205204, 30.14983899 ], [ 76.641356879999989, 30.15081 ], [ 76.64051808, 30.15147996 ], [ 76.63919112, 30.15251901 ], [ 76.63799988, 30.15372996 ], [ 76.63723812, 30.15501003 ], [ 76.637169, 30.15519903 ], [ 76.63674888, 30.15640998 ], [ 76.63522284, 30.16140003 ], [ 76.634170919999988, 30.16341 ], [ 76.63318596, 30.16493001 ], [ 76.633094879999987, 30.16508103 ], [ 76.63231692, 30.16634904 ], [ 76.63229388, 30.166389 ], [ 76.631812919999987, 30.16784997 ], [ 76.63152312, 30.16883097 ], [ 76.63118004, 30.1698 ], [ 76.63131684, 30.17064996 ], [ 76.63178988, 30.17099997 ], [ 76.632156, 30.17126097 ], [ 76.63362912, 30.17126097 ], [ 76.634665919999989, 30.17139102 ], [ 76.63796208, 30.17180997 ], [ 76.63894704, 30.17205 ], [ 76.640266079999989, 30.172239 ], [ 76.64076216, 30.17279097 ], [ 76.64230296, 30.17491902 ], [ 76.643066159999989, 30.17583099 ], [ 76.64341716, 30.176559 ], [ 76.64398992, 30.176991 ], [ 76.64502708, 30.176991 ], [ 76.646088, 30.17662002 ], [ 76.647133079999989, 30.17649996 ], [ 76.64797188, 30.17717001 ], [ 76.64895612, 30.17839104 ], [ 76.650642, 30.18040101 ], [ 76.652106839999988, 30.18338001 ], [ 76.654427039999987, 30.18551103 ], [ 76.65547896, 30.186729 ], [ 76.65569316, 30.18751902 ], [ 76.65569316, 30.18880098 ], [ 76.654503, 30.18977001 ], [ 76.653182879999989, 30.19086099 ], [ 76.65234408, 30.19152996 ], [ 76.65122196, 30.19218102 ], [ 76.65107688, 30.19226103 ], [ 76.650168959999988, 30.19275099 ], [ 76.64980284, 30.19302396 ], [ 76.649193, 30.19347999 ], [ 76.64842188, 30.19475898 ], [ 76.64843016, 30.19603896 ], [ 76.64919984, 30.19805001 ], [ 76.65025284, 30.19968999 ], [ 76.65136704, 30.20146002 ], [ 76.65200784, 30.20248998 ], [ 76.65222204, 30.20358996 ], [ 76.65193908, 30.20426001 ], [ 76.651886159999989, 30.20428503 ], [ 76.66468812, 30.21045102 ], [ 76.67102088, 30.21172704 ], [ 76.67651412, 30.21198804 ], [ 76.68278496, 30.212217 ], [ 76.67217288, 30.19015098 ], [ 76.66642008, 30.17764899 ], [ 76.65979788, 30.16179999 ], [ 76.654701, 30.14929404 ], [ 76.65350292, 30.14522001 ], [ 76.65348816, 30.14288901 ], [ 76.65480792, 30.14127702 ], [ 76.66359696, 30.137877 ], [ 76.66673292, 30.13479801 ], [ 76.66854912, 30.13289496 ], [ 76.66935012, 30.12953796 ], [ 76.669135919999988, 30.12327198 ], [ 76.668274079999989, 30.12006996 ], [ 76.66474212, 30.11498802 ], [ 76.66155216, 30.11194602 ], [ 76.657707, 30.10948902 ], [ 76.64334912, 30.10344903 ], [ 76.63165992, 30.09782997 ], [ 76.62548088, 30.09480498 ], [ 76.622131079999988, 30.09263598 ], [ 76.619781, 30.08973501 ], [ 76.616390897748872, 30.083899714029773 ], [ 76.615465570901321, 30.083911094091889 ] ] ] ] } },
{ "type": "Feature", "properties": { "SOIL_ID": 2255.0, "S_FORM": "Level", "P_MATERIAL": "Alluvium", "SOIL_DEPTH": "Deep", "S_P_SIZE": "Coarse-Loamy", "M_CLASS": "Mixed", "C_CLASS": "Slight", "S_T_REGIM": "Hyperthermic", "S_R_CLASS": "Slightly Alkaline", "S_D_CLASS": "Well", "G_W_DEPTH": "Deep", "C_LAYER": "Data Not Available", "S_TEXTURE": "Loamy", "SL_CLASS": "Very Gently Sloping", "ER_CLASS": "Slight", "CLASS": "Slight Saline", "SODI_CLASS": "Nil", "SUR_STONE": "Nil To Slight", "FLOODING": "Moderate", "S_TAXO": "Typic Ustifluvents", "S_REGION": "Soils of Alluvial Plains", "S_SUB_REG": "Active/Recent Plains", "LANDSCAPE": "Aaa2" }, "geometry": { "type": "MultiPolygon", "coordinates": [ [ [ [ 76.554461815339124, 30.097278891640716 ], [ 76.55447593394598, 30.098181005942205 ], [ 76.554490053192779, 30.099083120113697 ], [ 76.55450417307955, 30.099985234155216 ], [ 76.554518293606279, 30.100887348066756 ], [ 76.554532414773007, 30.101789461848298 ], [ 76.554546536579778, 30.102691575499858 ], [ 76.554560659026592, 30.103593689021416 ], [ 76.554574782113491, 30.104495802412981 ], [ 76.554588905840475, 30.105397915674544 ], [ 76.554603030207602, 30.106300028806103 ], [ 76.554617155214871, 30.107202141807672 ], [ 76.55463128086231, 30.108104254679226 ], [ 76.554645407149948, 30.109006367420772 ], [ 76.554659534077814, 30.10990848003231 ], [ 76.554673661645921, 30.110810592513833 ], [ 76.554687789854313, 30.111712704865337 ], [ 76.554701918702989, 30.112614817086815 ], [ 76.554716048191992, 30.113516929178282 ], [ 76.554730178321321, 30.114419041139719 ], [ 76.554744309091035, 30.115321152971131 ], [ 76.554758440501146, 30.116223264672534 ], [ 76.554772572551656, 30.117125376243877 ], [ 76.55478670524262, 30.1180274876852 ], [ 76.554800838574053, 30.118929598996484 ], [ 76.554814972545969, 30.119831710177724 ], [ 76.554829107158398, 30.120733821228932 ], [ 76.554843242411366, 30.121635932150088 ], [ 76.554857378304916, 30.122538042941205 ], [ 76.554871514839036, 30.123440153602271 ], [ 76.554885652013766, 30.124342264133276 ], [ 76.55489978982915, 30.125244374534233 ], [ 76.554913928285188, 30.126146484805137 ], [ 76.554928067381894, 30.127048594945979 ], [ 76.55493689726238, 30.12761193804976 ], [ 76.56221016, 30.14399502 ], [ 76.56554412, 30.14870598 ], [ 76.56823692, 30.15090801 ], [ 76.57131996, 30.15213003 ], [ 76.58049816, 30.15351702 ], [ 76.594734, 30.157389 ], [ 76.602448079999988, 30.160629 ], [ 76.60974888, 30.16400301 ], [ 76.615409879999987, 30.168036 ], [ 76.62348216, 30.178251 ], [ 76.632507, 30.19253301 ], [ 76.640823, 30.20733099 ], [ 76.640861879999989, 30.20732703 ], [ 76.642776, 30.20717997 ], [ 76.645287, 30.206079 ], [ 76.648857119999988, 30.20523102 ], [ 76.65068088, 30.20486103 ], [ 76.651886159999989, 30.20428503 ], [ 76.65193908, 30.20426001 ], [ 76.65222204, 30.20358996 ], [ 76.65200784, 30.20248998 ], [ 76.65136704, 30.20146002 ], [ 76.65025284, 30.19968999 ], [ 76.64919984, 30.19805001 ], [ 76.64843016, 30.19603896 ], [ 76.64842188, 30.19475898 ], [ 76.649193, 30.19347999 ], [ 76.64980284, 30.19302396 ], [ 76.63198896, 30.173994 ], [ 76.627289159999989, 30.167505 ], [ 76.62315384, 30.16048599 ], [ 76.622100839999987, 30.159342 ], [ 76.619507039999988, 30.15651897 ], [ 76.61077884, 30.15271602 ], [ 76.60662804, 30.15132003 ], [ 76.59353592, 30.145617 ], [ 76.58425116, 30.14285499 ], [ 76.57891092, 30.14098497 ], [ 76.57322688, 30.13439904 ], [ 76.569031079999988, 30.12542298 ], [ 76.55908212, 30.10760901 ], [ 76.554455907159195, 30.096901368843771 ], [ 76.554461815339124, 30.097278891640716 ] ] ] ] } },
{ "type": "Feature", "properties": { "SOIL_ID": 2265.0, "S_FORM": "Level", "P_MATERIAL": "Alluvium", "SOIL_DEPTH": "Deep", "S_P_SIZE": "Fine-Loamy", "M_CLASS": "Mixed", "C_CLASS": "Moderate", "S_T_REGIM": "Hyperthermic", "S_R_CLASS": "Slightly Alkaline", "S_D_CLASS": "Moderately Well", "G_W_DEPTH": "Moderately Deep", "C_LAYER": "Data Not Available", "S_TEXTURE": "Loamy", "SL_CLASS": "Very Gently Sloping", "ER_CLASS": "Slight", "CLASS": "Nil", "SODI_CLASS": "Nil", "SUR_STONE": "Nil To Slight", "FLOODING": "Nil", "S_TAXO": "Fluventic Ustochrepts", "S_REGION": "Soils of Alluvial Plains", "S_SUB_REG": "Alluvial Plains", "LANDSCAPE": "Aab1" }, "geometry": { "type": "MultiPolygon", "coordinates": [ [ [ [ 76.63227084, 30.14584704 ], [ 76.631622119999989, 30.14709696 ], [ 76.62760884, 30.15296901 ], [ 76.622100839999987, 30.159342 ], [ 76.62315384, 30.16048599 ], [ 76.627289159999989, 30.167505 ], [ 76.63198896, 30.173994 ], [ 76.64980284, 30.19302396 ], [ 76.650168959999988, 30.19275099 ], [ 76.65107688, 30.19226103 ], [ 76.65122196, 30.19218102 ], [ 76.65234408, 30.19152996 ], [ 76.653182879999989, 30.19086099 ], [ 76.654503, 30.18977001 ], [ 76.65569316, 30.18880098 ], [ 76.65569316, 30.18751902 ], [ 76.65547896, 30.186729 ], [ 76.654427039999987, 30.18551103 ], [ 76.652106839999988, 30.18338001 ], [ 76.650642, 30.18040101 ], [ 76.64895612, 30.17839104 ], [ 76.64797188, 30.17717001 ], [ 76.647133079999989, 30.17649996 ], [ 76.646088, 30.17662002 ], [ 76.64502708, 30.176991 ], [ 76.64398992, 30.176991 ], [ 76.64341716, 30.176559 ], [ 76.643066159999989, 30.17583099 ], [ 76.64230296, 30.17491902 ], [ 76.64076216, 30.17279097 ], [ 76.640266079999989, 30.172239 ], [ 76.63894704, 30.17205 ], [ 76.63796208, 30.17180997 ], [ 76.634665919999989, 30.17139102 ], [ 76.63362912, 30.17126097 ], [ 76.632156, 30.17126097 ], [ 76.63178988, 30.17099997 ], [ 76.63131684, 30.17064996 ], [ 76.63118004, 30.1698 ], [ 76.63152312, 30.16883097 ], [ 76.631812919999987, 30.16784997 ], [ 76.63229388, 30.166389 ], [ 76.63231692, 30.16634904 ], [ 76.633094879999987, 30.16508103 ], [ 76.63318596, 30.16493001 ], [ 76.634170919999988, 30.16341 ], [ 76.63522284, 30.16140003 ], [ 76.63674888, 30.15640998 ], [ 76.637169, 30.15519903 ], [ 76.63723812, 30.15501003 ], [ 76.63799988, 30.15372996 ], [ 76.63919112, 30.15251901 ], [ 76.64051808, 30.15147996 ], [ 76.641356879999989, 30.15081 ], [ 76.64205204, 30.14983899 ], [ 76.64190696, 30.14922897 ], [ 76.64121216, 30.14922897 ], [ 76.640373, 30.14922897 ], [ 76.63932, 30.14897904 ], [ 76.63771116, 30.14862102 ], [ 76.634215919999988, 30.14794899 ], [ 76.633338959999989, 30.147417 ], [ 76.632813, 30.14710002 ], [ 76.63239288, 30.14606097 ], [ 76.63227084, 30.14584704 ] ] ] ] } },
{ "type": "Feature", "properties": { "SOIL_ID": 2288.0, "S_FORM": "Level", "P_MATERIAL": "Alluvium", "SOIL_DEPTH": "Deep", "S_P_SIZE": "Fine-Loamy", "M_CLASS": "Mixed", "C_CLASS": "Non-Calcareous", "S_T_REGIM": "Hyperthermic", "S_R_CLASS": "Neutral", "S_D_CLASS": "Well", "G_W_DEPTH": "Deep", "C_LAYER": "Data Not Available", "S_TEXTURE": "Loamy", "SL_CLASS": "Level to Nearly Level", "ER_CLASS": "Slight Nil To Slight", "CLASS": "Slight Saline Limited Extent", "SODI_CLASS": "Nil", "SUR_STONE": "Nil To Slight", "FLOODING": "Nil", "S_TAXO": "Typic Ustochrepts", "S_REGION": "Soils of Alluvial Plains", "S_SUB_REG": "Old Alluvial Plains", "LANDSCAPE": "Aac1" }, "geometry": { "type": "MultiPolygon", "coordinates": [ [ [ [ 76.979354647482907, 30.123140014817526 ], [ 76.979336653217644, 30.12223811106325 ], [ 76.979318659767586, 30.121336207175244 ], [ 76.979300667132733, 30.120434303153495 ], [ 76.979282675313016, 30.119532398998043 ], [ 76.979264684308419, 30.118630494708881 ], [ 76.979246694118913, 30.117728590285989 ], [ 76.979228704744472, 30.116826685729393 ], [ 76.979210716185051, 30.115924781039091 ], [ 76.979192728440623, 30.115022876215082 ], [ 76.979174741511173, 30.114120971257368 ], [ 76.979156755396644, 30.113219066165961 ], [ 76.979138770097023, 30.112317160940851 ], [ 76.979120785612281, 30.111415255582045 ], [ 76.979102801942375, 30.110513350089548 ], [ 76.979084819087277, 30.109611444463354 ], [ 76.979066837046972, 30.108709538703497 ], [ 76.979048855821404, 30.10780763280993 ], [ 76.979030875410558, 30.106905726782689 ], [ 76.979012895814392, 30.106003820621805 ], [ 76.978994917032892, 30.105101914327211 ], [ 76.978976939066015, 30.104200007898942 ], [ 76.978958961913719, 30.103298101337007 ], [ 76.978940985576003, 30.102396194641411 ], [ 76.97892301005281, 30.101494287812148 ], [ 76.978917065898386, 30.101196031281102 ], [ 76.96623996, 30.09501504 ], [ 76.95787788, 30.08981304 ], [ 76.94148996, 30.07970397 ], [ 76.93992774182432, 30.079521333180608 ], [ 76.939066052654596, 30.079534053123929 ], [ 76.938028988737983, 30.079549353698727 ], [ 76.936991924024241, 30.079564646098266 ], [ 76.935954858513782, 30.079579930322545 ], [ 76.934917792207045, 30.07959520637154 ], [ 76.933880725104459, 30.079610474245214 ], [ 76.932843657206433, 30.079625733943551 ], [ 76.931806588513396, 30.079640985466529 ], [ 76.930769519025787, 30.07965622881413 ], [ 76.929732448744005, 30.079671463986323 ], [ 76.928695377668504, 30.079686690983092 ], [ 76.92765830579971, 30.079701909804417 ], [ 76.926621233138022, 30.079717120450258 ], [ 76.925584159683893, 30.079732322920623 ], [ 76.924764070214849, 30.079744338146373 ], [ 76.92285888, 30.08009898 ], [ 76.91688504, 30.082464 ], [ 76.91008788, 30.085272 ], [ 76.904442, 30.08690604 ], [ 76.899459959999987, 30.08824497 ], [ 76.89364596, 30.08900601 ], [ 76.889984039999987, 30.08888199 ], [ 76.88731392, 30.08846097 ], [ 76.885475039999989, 30.08730303 ], [ 76.88295684, 30.08440197 ], [ 76.88110392, 30.08179098 ], [ 76.879695357668737, 30.080396810630472 ], [ 76.878915040958788, 30.080407972090889 ], [ 76.877877931511833, 30.080422798464586 ], [ 76.876840821292419, 30.080437616661747 ], [ 76.875803710300985, 30.080452426682356 ], [ 76.87476659853796, 30.080467228526391 ], [ 76.873729486003739, 30.080482022193838 ], [ 76.872692372698779, 30.080496807684668 ], [ 76.871655258623505, 30.080511584998852 ], [ 76.87061814377833, 30.080526354136367 ], [ 76.869581028163665, 30.080541115097208 ], [ 76.868543911779966, 30.080555867881344 ], [ 76.867506794627658, 30.080570612488749 ], [ 76.866469676707155, 30.08058534891941 ], [ 76.865432558018853, 30.080600077173294 ], [ 76.864395438563236, 30.080614797250384 ], [ 76.863358318340701, 30.080629509150672 ], [ 76.862321197351676, 30.08064421287412 ], [ 76.861284075596558, 30.080658908420709 ], [ 76.86024695307583, 30.080673595790429 ], [ 76.859209829789862, 30.080688274983242 ], [ 76.858172705739122, 30.080702945999128 ], [ 76.857135580924009, 30.080717608838079 ], [ 76.856098455344963, 30.080732263500057 ], [ 76.85506132900241, 30.080746909985063 ], [ 76.854024201896763, 30.08076154829304 ], [ 76.852987074028448, 30.080776178424006 ], [ 76.851949945397905, 30.080790800377908 ], [ 76.850912816005547, 30.080805414154753 ], [ 76.849875685851814, 30.080820019754487 ], [ 76.848838554937117, 30.080834617177114 ], [ 76.847801423261899, 30.080849206422602 ], [ 76.846764290826556, 30.080863787490934 ], [ 76.845727157631543, 30.080878360382084 ], [ 76.844690023677273, 30.080892925096027 ], [ 76.843652888964158, 30.080907481632767 ], [ 76.842615753492652, 30.080922029992255 ], [ 76.841578617263167, 30.080936570174465 ], [ 76.84054148027613, 30.080951102179402 ], [ 76.839504342531981, 30.080965626007018 ], [ 76.838467204031105, 30.080980141657314 ], [ 76.837430064773969, 30.080994649130254 ], [ 76.836392924760972, 30.081009148425832 ], [ 76.835355783992554, 30.081023639544007 ], [ 76.834318642469142, 30.08103812248477 ], [ 76.833281500191148, 30.081052597248085 ], [ 76.832244357159013, 30.081067063833956 ], [ 76.831207213373148, 30.08108152224235 ], [ 76.830170068833993, 30.081095972473243 ], [ 76.829132923541977, 30.081110414526609 ], [ 76.828095777497509, 30.081124848402435 ], [ 76.827058630701018, 30.081139274100696 ], [ 76.826021483152942, 30.08115369162137 ], [ 76.824984334853696, 30.081168100964444 ], [ 76.823947185803704, 30.081182502129888 ], [ 76.822910036003407, 30.081196895117678 ], [ 76.821872885453203, 30.081211279927803 ], [ 76.820835734153562, 30.081225656560239 ], [ 76.819798582104852, 30.081240025014964 ], [ 76.818761429307543, 30.081254385291953 ], [ 76.817724275762046, 30.08126873739117 ], [ 76.816687121468789, 30.081283081312638 ], [ 76.815649966428197, 30.081297417056302 ], [ 76.814612810640696, 30.081311744622141 ], [ 76.8135756541067, 30.08132606401016 ], [ 76.812538496826647, 30.0813403752203 ], [ 76.81150133880098, 30.081354678252559 ], [ 76.810464180030095, 30.081368973106926 ], [ 76.809427020514434, 30.081383259783365 ], [ 76.808389860254408, 30.081397538281859 ], [ 76.807352699250444, 30.081411808602397 ], [ 76.806315537502996, 30.081426070744939 ], [ 76.805278375012463, 30.081440324709476 ], [ 76.804241211779271, 30.081454570495989 ], [ 76.803204047803874, 30.08146880810445 ], [ 76.802166883086656, 30.081483037534838 ], [ 76.801129717628058, 30.081497258787138 ], [ 76.80009255142852, 30.081511471861322 ], [ 76.799055384488469, 30.08152567675738 ], [ 76.798018216808302, 30.08153987347529 ], [ 76.79698104838846, 30.081554062015012 ], [ 76.795943879229384, 30.081568242376559 ], [ 76.794906709331499, 30.081582414559865 ], [ 76.793869538695205, 30.081596578564952 ], [ 76.792832367320941, 30.081610734391777 ], [ 76.791795195209133, 30.081624882040312 ], [ 76.790758022360208, 30.081639021510561 ], [ 76.789720848774593, 30.081653152802481 ], [ 76.788683674452713, 30.081667275916065 ], [ 76.787646499394995, 30.081681390851283 ], [ 76.786609323601866, 30.081695497608134 ], [ 76.785572147073736, 30.081709596186574 ], [ 76.784534969811048, 30.081723686586582 ], [ 76.783497791814227, 30.081737768808146 ], [ 76.782460613083714, 30.081751842851247 ], [ 76.782073463893312, 30.081757093232969 ], [ 76.78597284, 30.08669499 ], [ 76.79534904, 30.09349098 ], [ 76.80252816, 30.09694896 ], [ 76.809539879999988, 30.09924099 ], [ 76.81404096, 30.10067397 ], [ 76.82536296, 30.10133898 ], [ 76.843001879999989, 30.10211604 ], [ 76.85000604, 30.10382496 ], [ 76.859183879999989, 30.10683402 ], [ 76.86453204, 30.10971996 ], [ 76.87205496, 30.11448699 ], [ 76.885283879999989, 30.12519798 ], [ 76.89147912, 30.130119 ], [ 76.89618684, 30.13592103 ], [ 76.89888, 30.13984098 ], [ 76.900131, 30.14974602 ], [ 76.90132116, 30.15323604 ], [ 76.90300812, 30.15541503 ], [ 76.908249, 30.159945 ], [ 76.91122404, 30.14356203 ], [ 76.914168839999988, 30.13728003 ], [ 76.91907492, 30.12690402 ], [ 76.93663788, 30.11733198 ], [ 76.94277984, 30.11554899 ], [ 76.94744112, 30.11566896 ], [ 76.95210312, 30.11651802 ], [ 76.95710784, 30.11823801 ], [ 76.97278584, 30.12296103 ], [ 76.97711916, 30.12352002 ], [ 76.97936026404787, 30.123421513990547 ], [ 76.979354647482907, 30.123140014817526 ] ] ] ] } },
{ "type": "Feature", "properties": { "SOIL_ID": 2289.0, "S_FORM": "Level", "P_MATERIAL": "Alluvium", "SOIL_DEPTH": "Deep", "S_P_SIZE": "Fine-Loamy", "M_CLASS": "Mixed", "C_CLASS": "Moderate", "S_T_REGIM": "Hyperthermic", "S_R_CLASS": "Moderately Alkaline", "S_D_CLASS": "Moderately Well", "G_W_DEPTH": "Moderately Shallow", "C_LAYER": "Data Not Available", "S_TEXTURE": "Loamy", "SL_CLASS": "Level to Nearly Level", "ER_CLASS": "Slight", "CLASS": "Slight Saline", "SODI_CLASS": "Slight Sodic Moderate Extent", "SUR_STONE": "Nil To Slight", "FLOODING": "Nil", "S_TAXO": "Typic Ustochrepts", "S_REGION": "Soils of Alluvial Plains", "S_SUB_REG": "Alluvial Plains (Partly Salt-Affected)", "LANDSCAPE": "Aab3" }, "geometry": { "type": "MultiPolygon", "coordinates": [ [ [ [ 76.557376209479273, 30.084612430329237 ], [ 76.556338880967147, 30.08462472099334 ], [ 76.555301551814594, 30.084637003474739 ], [ 76.554264222022056, 30.084649277773416 ], [ 76.554278331672464, 30.085551393894352 ], [ 76.554292441962431, 30.086453509885349 ], [ 76.554306552892029, 30.087355625746405 ], [ 76.554320664461272, 30.088257741477513 ], [ 76.55433477667016, 30.08915985707867 ], [ 76.554348889518749, 30.090061972549861 ], [ 76.554363003007055, 30.090964087891098 ], [ 76.554377117135104, 30.09186620310237 ], [ 76.554391231902883, 30.09276831818369 ], [ 76.554405347310464, 30.093670433135035 ], [ 76.554419463357846, 30.094572547956417 ], [ 76.554433580045085, 30.095474662647835 ], [ 76.554447697372154, 30.096376777209255 ], [ 76.554455907159195, 30.096901368843771 ], [ 76.55908212, 30.10760901 ], [ 76.569031079999988, 30.12542298 ], [ 76.57322688, 30.13439904 ], [ 76.57891092, 30.14098497 ], [ 76.58425116, 30.14285499 ], [ 76.59353592, 30.145617 ], [ 76.60662804, 30.15132003 ], [ 76.61077884, 30.15271602 ], [ 76.619507039999988, 30.15651897 ], [ 76.622100839999987, 30.159342 ], [ 76.62760884, 30.15296901 ], [ 76.631622119999989, 30.14709696 ], [ 76.63227084, 30.14584704 ], [ 76.63155408, 30.14454096 ], [ 76.630707, 30.14369001 ], [ 76.62552588, 30.14211096 ], [ 76.62551904, 30.14209899 ], [ 76.62371112, 30.14131896 ], [ 76.62251988, 30.14022096 ], [ 76.62146796, 30.13882101 ], [ 76.61669904, 30.13327998 ], [ 76.60561392, 30.12330996 ], [ 76.602493079999988, 30.12050097 ], [ 76.59890712, 30.11630103 ], [ 76.59736596, 30.11417001 ], [ 76.596031079999989, 30.11319 ], [ 76.59512316, 30.11294898 ], [ 76.592957039999988, 30.11282901 ], [ 76.59184284, 30.11245902 ], [ 76.588058159999989, 30.11178996 ], [ 76.58702892, 30.11145003 ], [ 76.58463312, 30.11064003 ], [ 76.58252712, 30.10942098 ], [ 76.579857, 30.10753098 ], [ 76.579353, 30.10692996 ], [ 76.57797204, 30.10533903 ], [ 76.57657596, 30.10327002 ], [ 76.57422588, 30.10145004 ], [ 76.57398216, 30.10125897 ], [ 76.56880212, 30.09822102 ], [ 76.56700896, 30.09682998 ], [ 76.566710879999988, 30.09659004 ], [ 76.56487992, 30.09516903 ], [ 76.56207984, 30.09450897 ], [ 76.56137784, 30.09398103 ], [ 76.56025716, 30.09312999 ], [ 76.56025716, 30.09309003 ], [ 76.56030288, 30.09293901 ], [ 76.56036408, 30.09272004 ], [ 76.56034896, 30.09267999 ], [ 76.56034896, 30.09264003 ], [ 76.560318, 30.09256002 ], [ 76.56017292, 30.09222 ], [ 76.55988312, 30.09151098 ], [ 76.55966208, 30.090969 ], [ 76.55953212, 30.09049002 ], [ 76.55944788, 30.09011103 ], [ 76.55930316, 30.08962998 ], [ 76.55922684, 30.08942001 ], [ 76.559158079999989, 30.08919897 ], [ 76.55903604, 30.08883996 ], [ 76.559013, 30.08868003 ], [ 76.55899788, 30.08857896 ], [ 76.55896008, 30.08807001 ], [ 76.558929119999988, 30.08750904 ], [ 76.55890716, 30.08709 ], [ 76.558884119999988, 30.087009 ], [ 76.55886792, 30.08694096 ], [ 76.55886108, 30.08692899 ], [ 76.55885316, 30.08688003 ], [ 76.558722839999987, 30.08666997 ], [ 76.558563, 30.08647899 ], [ 76.55837184, 30.08618901 ], [ 76.55827284, 30.08597904 ], [ 76.55827284, 30.08597004 ], [ 76.55819688, 30.08579103 ], [ 76.55819688, 30.08577897 ], [ 76.55814396, 30.08547999 ], [ 76.55812812, 30.08538099 ], [ 76.55802912, 30.08507904 ], [ 76.55792184, 30.08486898 ], [ 76.557831119999989, 30.08472102 ], [ 76.55776992, 30.08460996 ], [ 76.557768271731177, 30.08460778193049 ], [ 76.557376209479273, 30.084612430329237 ] ] ] ] } },
{ "type": "Feature", "properties": { "SOIL_ID": 2318.0, "S_FORM": "Level", "P_MATERIAL": "Alluvium", "SOIL_DEPTH": "Deep", "S_P_SIZE": "Fine-Loamy", "M_CLASS": "Mixed", "C_CLASS": "Calcareous", "S_T_REGIM": "Hyperthermic", "S_R_CLASS": "Moderately Alkaline", "S_D_CLASS": "Well", "G_W_DEPTH": "Deep", "C_LAYER": "Data Not Available", "S_TEXTURE": "Loamy", "SL_CLASS": "Level to Nearly Level", "ER_CLASS": "Slight Nil To Slight", "CLASS": "Slight Saline Limited Extent", "SODI_CLASS": "Moderate Sodic Limited Extent", "SUR_STONE": "Nil To Slight", "FLOODING": "Nil", "S_TAXO": "Typic Ustochrepts", "S_REGION": "Soils of Alluvial Plains", "S_SUB_REG": "Old Alluvial Plains", "LANDSCAPE": "Aac1" }, "geometry": { "type": "MultiPolygon", "coordinates": [ [ [ [ 76.978905035344113, 30.100592380849221 ], [ 76.978887061449896, 30.099690473752634 ], [ 76.978869088370104, 30.098788566522394 ], [ 76.978851116104735, 30.097886659158497 ], [ 76.978833144653734, 30.096984751660951 ], [ 76.9788151740171, 30.096082844029766 ], [ 76.978797204194748, 30.095180936264924 ], [ 76.978779235186707, 30.094279028366447 ], [ 76.978761266992905, 30.093377120334328 ], [ 76.978743299613328, 30.092475212168562 ], [ 76.978725333047947, 30.091573303869168 ], [ 76.978707367296721, 30.09067139543615 ], [ 76.978689402359635, 30.08976948686951 ], [ 76.978671438236645, 30.088867578169229 ], [ 76.978653474927711, 30.087965669335315 ], [ 76.978635512432817, 30.087063760367798 ], [ 76.978617550751949, 30.08616185126666 ], [ 76.978599589885036, 30.085259942031907 ], [ 76.978581629832078, 30.084358032663538 ], [ 76.978563670593019, 30.083456123161568 ], [ 76.978545712167858, 30.08255421352597 ], [ 76.978527754556538, 30.08165230375678 ], [ 76.978509797759031, 30.080750393853997 ], [ 76.978491841775323, 30.079848483817603 ], [ 76.978473886605386, 30.07894657364762 ], [ 76.97743685329516, 30.078962184864992 ], [ 76.976399819171633, 30.078977787907984 ], [ 76.97536278423523, 30.078993382776563 ], [ 76.974325748486393, 30.079008969470721 ], [ 76.973288711925505, 30.079024547990414 ], [ 76.972251674553036, 30.079040118335648 ], [ 76.971214636369382, 30.079055680506382 ], [ 76.970177597374985, 30.079071234502585 ], [ 76.969140557570242, 30.079086780324257 ], [ 76.968103516955622, 30.079102317971355 ], [ 76.967066475531539, 30.079117847443865 ], [ 76.966029433298388, 30.079133368741761 ], [ 76.964992390256612, 30.079148881865027 ], [ 76.963955346406649, 30.079164386813641 ], [ 76.962918301748914, 30.079179883587571 ], [ 76.961881256283817, 30.079195372186788 ], [ 76.960844210011828, 30.079210852611293 ], [ 76.95980716293333, 30.07922632486104 ], [ 76.95877011504875, 30.079241788936024 ], [ 76.957733066358529, 30.079257244836207 ], [ 76.956696016863106, 30.079272692561574 ], [ 76.955658966562893, 30.079288132112108 ], [ 76.95462191545829, 30.07930356348777 ], [ 76.95358486354975, 30.079318986688556 ], [ 76.9525478108377, 30.07933440171443 ], [ 76.951510757322552, 30.079349808565375 ], [ 76.950473703004761, 30.079365207241377 ], [ 76.949436647884696, 30.079380597742389 ], [ 76.948399591962826, 30.079395980068416 ], [ 76.947362535239577, 30.079411354219399 ], [ 76.946325477715362, 30.079426720195361 ], [ 76.945288419390607, 30.079442077996248 ], [ 76.944251360265739, 30.079457427622049 ], [ 76.943214300341182, 30.079472769072737 ], [ 76.942177239617365, 30.079488102348293 ], [ 76.941140178094713, 30.079503427448692 ], [ 76.940103115773638, 30.07951874437391 ], [ 76.93992774182432, 30.079521333180608 ], [ 76.94148996, 30.07970397 ], [ 76.95787788, 30.08981304 ], [ 76.96623996, 30.09501504 ], [ 76.978917065898386, 30.101196031281102 ], [ 76.978905035344113, 30.100592380849221 ] ] ], [ [ [ 76.924547085437723, 30.079747517215463 ], [ 76.923510010399951, 30.079762703334772 ], [ 76.922472934571005, 30.079777881278506 ], [ 76.921435857951323, 30.079793051046675 ], [ 76.920398780541291, 30.079808212639232 ], [ 76.919361702341376, 30.07982336605615 ], [ 76.918324623351978, 30.079838511297435 ], [ 76.917287543573536, 30.079853648363052 ], [ 76.916250463006449, 30.079868777252955 ], [ 76.915213381651199, 30.079883897967161 ], [ 76.914176299508156, 30.079899010505613 ], [ 76.913139216577761, 30.079914114868316 ], [ 76.912102132860468, 30.079929211055234 ], [ 76.911065048356662, 30.079944299066341 ], [ 76.910027963066781, 30.079959378901627 ], [ 76.908990876991268, 30.079974450561057 ], [ 76.907953790130534, 30.079989514044627 ], [ 76.906916702484992, 30.080004569352287 ], [ 76.905879614055095, 30.080019616484048 ], [ 76.904842524841257, 30.080034655439867 ], [ 76.903805434843889, 30.08004968621972 ], [ 76.902768344063446, 30.080064708823585 ], [ 76.901731252500326, 30.080079723251462 ], [ 76.90069416015497, 30.080094729503301 ], [ 76.899657067027803, 30.080109727579092 ], [ 76.898619973119253, 30.080124717478817 ], [ 76.897582878429716, 30.080139699202451 ], [ 76.896545782959663, 30.08015467274997 ], [ 76.895508686709491, 30.08016963812134 ], [ 76.894471589679625, 30.08018459531656 ], [ 76.893434491870522, 30.080199544335603 ], [ 76.892397393282565, 30.080214485178431 ], [ 76.891360293916193, 30.080229417845047 ], [ 76.890323193771849, 30.080244342335412 ], [ 76.889286092849943, 30.080259258649512 ], [ 76.888248991150903, 30.080274166787316 ], [ 76.887211888675168, 30.080289066748815 ], [ 76.886174785423137, 30.080303958533968 ], [ 76.885137681395236, 30.080318842142773 ], [ 76.884100576591919, 30.080333717575201 ], [ 76.883063471013614, 30.080348584831217 ], [ 76.882026364660703, 30.080363443910827 ], [ 76.880989257533656, 30.080378294813983 ], [ 76.879952149632871, 30.080393137540678 ], [ 76.879695357668737, 30.080396810630472 ], [ 76.88110392, 30.08179098 ], [ 76.88295684, 30.08440197 ], [ 76.885475039999989, 30.08730303 ], [ 76.88731392, 30.08846097 ], [ 76.889984039999987, 30.08888199 ], [ 76.89364596, 30.08900601 ], [ 76.899459959999987, 30.08824497 ], [ 76.904442, 30.08690604 ], [ 76.91008788, 30.085272 ], [ 76.91688504, 30.082464 ], [ 76.92285888, 30.08009898 ], [ 76.924764070214849, 30.079744338146373 ], [ 76.924547085437723, 30.079747517215463 ] ] ] ] } },
{ "type": "Feature", "properties": { "SOIL_ID": 2358.0, "S_FORM": "Level", "P_MATERIAL": "Alluvium", "SOIL_DEPTH": "Deep", "S_P_SIZE": "Fine-Loamy", "M_CLASS": "Mixed", "C_CLASS": "Calcareous", "S_T_REGIM": "Hyperthermic", "S_R_CLASS": "Moderately Alkaline", "S_D_CLASS": "Moderately Well", "G_W_DEPTH": "Deep", "C_LAYER": "Data Not Available", "S_TEXTURE": "Loamy", "SL_CLASS": "Level to Nearly Level", "ER_CLASS": "Slight Nil To Slight", "CLASS": "Nil", "SODI_CLASS": "Moderate Sodic Limited Extent", "SUR_STONE": "Nil To Slight", "FLOODING": "Nil", "S_TAXO": "Typic Ustochrepts", "S_REGION": "Soils of Alluvial Plains", "S_SUB_REG": "Old Alluvial Plains", "LANDSCAPE": "Aac1" }, "geometry": { "type": "MultiPolygon", "coordinates": [ [ [ [ 76.715042442188576, 30.082649111861752 ], [ 76.714005215974652, 30.082662646080923 ], [ 76.712967989055556, 30.08267617212028 ], [ 76.711930761431702, 30.082689689979777 ], [ 76.71089353310353, 30.082703199659417 ], [ 76.709856304071451, 30.082716701159171 ], [ 76.708819074335892, 30.082730194479023 ], [ 76.70835783862951, 30.082736191052017 ], [ 76.710570839999988, 30.08317896 ], [ 76.71522492, 30.082716 ], [ 76.715370061081089, 30.082644834348596 ], [ 76.715042442188576, 30.082649111861752 ] ] ] ] } }
]
}
